year,category,band,institute_id,name,city,state
2016,Engineering,101-150,,Atal Bihari Vajpayee Indian Institute of Information Technology and Management,Gwalior,Madhya Pradesh
2016,Engineering,101-150,,AU College of Engineering (Autonomous),Visakhapatnam,Andhra Pradesh
2016,Engineering,101-150,,Banasthali Vidyapith,Banasthali,Rajasthan
2016,Engineering,101-150,,Bannari Amman Institute of Technology,Sathyamangalam,Tamil Nadu
2016,Engineering,101-150,,Bharatiya Vidya Bhavans Sardar Patel Institute of Technology,Mumbai,Maharashtra
2016,Engineering,101-150,,BNM Institute of Technology,Bengaluru,Karnataka
2016,Engineering,101-150,,Cochin University of Science and Technology,Cochin,Kerala
2016,Engineering,101-150,,CVR College of Engineering,Ibrahimpatan,Telangana
2016,Engineering,101-150,,Dayananda Sagar College of Engineering,Bengaluru,Karnataka
2016,Engineering,101-150,,Defence Institute of Advanced Technology,"Khadakwasala, Pune",Maharashtra
2016,Engineering,101-150,,Dr. B R Ambedkar National Institute of Technology,Jalandhar,Punjab
2016,Engineering,101-150,,Dr. Mahalingam College of Engineering and Technology,Pollachi,Tamil Nadu
2016,Engineering,101-150,,Gandhi Institute for Technological Advancement,Bhubaneswar,Odisha
2016,Engineering,101-150,,Ganeshi Lal Bajaj Institute of Technology and Management,Greater Noida,Uttar Pradesh
2016,Engineering,101-150,,Gayatri Vidya Parishad College of Engineering,Visakhapatnam,Andhra Pradesh
2016,Engineering,101-150,,Government College of Technology,Coimbatore,Tamil Nadu
2016,Engineering,101-150,,Heritage Institute of Technology,Kolkata,West Bengal
2016,Engineering,101-150,,"Indian Institute of Information Technology, Design & Manufacturing  Kancheepuram",Chennai,Tamil Nadu
2016,Engineering,101-150,,Institute of Engineering & Management,Kolkata,West Bengal
2016,Engineering,101-150,,Jawaharlal Nehru Technological University,Kakinada,Andhra Pradesh
2016,Engineering,101-150,,Jawaharlal Nehru Technological University,Anantapur,Andhra Pradesh
2016,Engineering,101-150,,Kamaraj College of Engineering & Technology,Virudhunagar,Tamil Nadu
2016,Engineering,101-150,,"Maharashtra Academy of Engineering and Educational Research, MIT College of Engineering",Pune,Maharashtra
2016,Engineering,101-150,,Narula Institute of Technology,Kolkata,West Bengal
2016,Engineering,101-150,,National Institute of Technology Agartala,Agratala,Tripura
2016,Engineering,101-150,,National Institute of Technology Goa,Ponda,Goa
2016,Engineering,101-150,,National Institute of Technology Jamshedpur,Jamshedpur,Jharkhand
2016,Engineering,101-150,,National Institute of Technology Patna,Patna,Bihar
2016,Engineering,101-150,,National Institute of Technology Raipur,Raipur,Chhattisgarh
2016,Engineering,101-150,,NITTE Meenakshi Institute of Technology,Bengaluru,Karnataka
2016,Engineering,101-150,,R.M.D. Engineering College,Kavaraipettai,Tamil Nadu
2016,Engineering,101-150,,Rajalakshmi Engineering College Engineering & Technology,Chennai,Tamil Nadu
2016,Engineering,101-150,,Sardar Patel College of Engineering,Mumbai,Maharashtra
2016,Engineering,101-150,,"School of Engineering, Cochin University of Science and Technology",Cochin,Kerala
2016,Engineering,101-150,,SCTR`s Pune Institute of Computer Technology,Pune,Maharashtra
2016,Engineering,101-150,,Shri Mata Vaishno Devi University,Katra,Jammu & Kashmir
2016,Engineering,101-150,,Shri Vishnu Engineering College for Women,Bhimavaram,Andhra Pradesh
2016,Engineering,101-150,,Sona College of Technology,Salem,Tamil Nadu
2016,Engineering,101-150,,Sri Jayachamarajendra College of Engineering,Mysore,Karnataka
2016,Engineering,101-150,,Sri Krishna College of Engineering and Technology,Coimbatore,Tamil Nadu
2016,Engineering,101-150,,Sri Ramakrishna Engineering College,Coimbatore,Tamil Nadu
2016,Engineering,101-150,,The National Institute of Engineering,Mysore,Karnataka
2016,Engineering,101-150,,TKM College of Engineering,Kollam,Kerala
2016,Engineering,101-150,,University Institute of Engineering and Technology,Chandigarh,Chandigarh
2016,Engineering,101-150,,Vasavi College of Engineering,Hyderabad,Telangana
2016,Engineering,101-150,,Veermata Jijabai Technological Institute,Mumbai,Maharashtra
2016,Engineering,101-150,,Velagapudi Ramakrishna Siddhartha Engineering College,Vijayawada,Andhra Pradesh
2016,Engineering,101-150,,VNR Vignana Jyothi Institute of Engineering & Technology,Hyderabad,Telangana
2016,Engineering,101-150,,Walchand College of Engineering,Sangli,Maharashtra
2016,Engineering,101-150,,Yeshwantrao Chavan College of Engineering,Nagpur,Maharashtra
2016,Engineering,101-150,,YMCA University of Science & Tech (Formerely YMCA Institute of Engineering),Faridabad,Haryana
2016,Engineering,151-200,,ABES Engineering College,Ghaziabad,Uttar Pradesh
2016,Engineering,151-200,,Academy of Technology,Hooghly,West Bengal
2016,Engineering,151-200,,All India Shri Shivaji Memorial Society`s College of Engineering,Pune,Maharashtra
2016,Engineering,151-200,,Annamalai University,Annamalainagar,Tamil Nadu
2016,Engineering,151-200,,B V V Sangha`s Basaveshwar Engineering College,Bagalkot,Karnataka
2016,Engineering,151-200,,Bhilai Institute of Technology,Durg,Chhattisgarh
2016,Engineering,151-200,,Birla Vishvakarma Mahavidyalaya,Vallabh Vidyanagar,Gujarat
2016,Engineering,151-200,,Easwari Engineering College,Chennai,Tamil Nadu
2016,Engineering,151-200,,Fr. C. Rodrigues Institute of Technology,Navi Mumbai,Maharashtra
2016,Engineering,151-200,,Fr. Conceicao Rodrigues College of Engineering,Mumbai,Maharashtra
2016,Engineering,151-200,,Francis Xavier Engineering College,Tirunelveli,Tamil Nadu
2016,Engineering,151-200,,GMR Institute of Technology,Rajam,Andhra Pradesh
2016,Engineering,151-200,,Gokaraju Rangaraju Institute of Engineering & Technology,Hyderabad,Telangana
2016,Engineering,151-200,,Haldia Institute of Technology,Haldia,West Bengal
2016,Engineering,151-200,,Institute of Aeronautical Engineering,Hyderabad,Telangana
2016,Engineering,151-200,,JNTUA College of Engineering,Anantapur,Andhra Pradesh
2016,Engineering,151-200,,JNTUH College of Engineering,Hyderabad,Telangana
2016,Engineering,151-200,,JSS Academy of Technical Education,Bengaluru,Karnataka
2016,Engineering,151-200,,K S R College of Engineering,Tiruchengode,Tamil Nadu
2016,Engineering,151-200,,K.L.S. Gogte Institute of Technology,Belgaum,Karnataka
2016,Engineering,151-200,,Kakatiya Institute of Technology & Science,Warangal,Telangana
2016,Engineering,151-200,,Kasegaon Education Society`s Rajarambapu Institute of Technology,Islampur,Maharashtra
2016,Engineering,151-200,,KIET Group of Institutions,Ghaziabad,Uttar Pradesh
2016,Engineering,151-200,,Kurukshetra University,Kurukshetra,Haryana
2016,Engineering,151-200,,M.G.R. Educational and Research Institute,Chennai,Tamil Nadu
2016,Engineering,151-200,,Maharaja Surajmal Institute of Technology,New Delhi,Delhi
2016,Engineering,151-200,,Maharishi Markandeshwar University,Ambala,Haryana
2016,Engineering,151-200,,Maharshi Karve Stree Shikshan Samstha`s Cummins College of Engineering for Women,Pune,Maharashtra
2016,Engineering,151-200,,Mahatma Gandhi Institute of Technology,Hyderabad,Telangana
2016,Engineering,151-200,,MLR Institute of Technology,Hyderabad,Telangana
2016,Engineering,151-200,,National Engineering College,Kovilpatti,Tamil Nadu
2016,Engineering,151-200,,National Institute of Science & Technology,Berhampur,Odisha
2016,Engineering,151-200,,National Institute of Technology Nagaland,Dimapur,Nagaland
2016,Engineering,151-200,,North Eastern Regional Institute of Science & Technology,Itanagar,Arunachal Pradesh
2016,Engineering,151-200,,Padmasri Dr. B.V. Raju Institute of Technology,Medak,Telangana
2016,Engineering,151-200,,Pimpri Chinchwad College of Engineering,Pune,Maharashtra
2016,Engineering,151-200,,Pravara Rural Engineering College,Loni,Maharashtra
2016,Engineering,151-200,,R.V.R. &  J.C. College of Engineering,Guntur,Andhra Pradesh
2016,Engineering,151-200,,Sree Vidyanikethan Engineering College,A.Rangampet,Andhra Pradesh
2016,Engineering,151-200,,Sri Krishna College of Technology,Coimbatore,Tamil Nadu
2016,Engineering,151-200,,Sri Sai Ram Institute of Technology,Chennai,Tamil Nadu
2016,Engineering,151-200,,University of Petroleum and Energy Studies,Dehradun,Uttarakhand
2016,Engineering,151-200,,Vardhaman College of Engineering,Hyderabad,Telangana
2016,Engineering,151-200,,Veer Surendra Sai University of Technology,Burla,Odisha
2016,Engineering,151-200,,Vel Tech High Tech Dr. Rangarajan Dr. Sakunthala Engineering College,Morai,Tamil Nadu
2016,Engineering,151-200,,Vel Tech Multi Tech Dr. Rangarajan Dr. Sakunthala Engineering College,Morai,Tamil Nadu
2016,Engineering,151-200,,Velammal Engineering College,Chennai,Tamil Nadu
2016,Engineering,151-200,,Vishwakarma Institute of Technology,Pune,Maharashtra
2016,Engineering,151-200,,Walchand Institute of Technology,Solapur,Maharashtra
2016,Overall,101-150,,Alagappa University,Karaikudi,Tamil Nadu
2016,Overall,101-150,,Assam University,Silchar,Assam
2016,Overall,101-150,,B.M.S. College of Engineering,Bengaluru,Karnataka
2016,Overall,101-150,,Bharathidasan University,Tiruchirappalli,Tamil Nadu
2016,Overall,101-150,,Bharati Vidyapeeth Deemed University College of Engineering,Pune,Maharashtra
2016,Overall,101-150,,Cochin University of Science and Technology,Cochin,Kerala
2016,Overall,101-150,,Dayalbagh Educational Institute,Agra,Uttar Pradesh
2016,Overall,101-150,,Dibrugarh University,Dibrugarh,Assam
2016,Overall,101-150,,G. H. Raisoni College of Engineering,Nagpur,Maharashtra
2016,Overall,101-150,,Gandhi Institute of Technology and Management,Visakhapatnam,Andhra Pradesh
2016,Overall,101-150,,Goa University,Goa,Goa
2016,Overall,101-150,,Guru Gobind Singh Indraprastha University,New Delhi,Delhi
2016,Overall,101-150,,Guru Nanak Dev University,Amritsar,Punjab
2016,Overall,101-150,,Indian Institute of Management Indore,Indore,Madhya Pradesh
2016,Overall,101-150,,Indian Institute of Management Raipur,Raipur,Chhattisgarh
2016,Overall,101-150,,Indian Institute of Management Ranchi,Ranchi,Jharkhand
2016,Overall,101-150,,Indian Institute of Science Education & Research,Thiruvananthapuram,Kerala
2016,Overall,101-150,,Jaypee Institute of Information Technology,Noida,Uttar Pradesh
2016,Overall,101-150,,Jaypee University of Information Technology,Solan,Himachal Pradesh
2016,Overall,101-150,,Kalyani University,Kalyani,West Bengal
2016,Overall,101-150,,Karpagam Academy of Higher Education,Coimbatore,Tamil Nadu
2016,Overall,101-150,,Karunya Institute of Technology and Sciences,Coimbatore,Tamil Nadu
2016,Overall,101-150,,Madurai Kamraj University,Madurai,Tamil Nadu
2016,Overall,101-150,,Mahatma Gandhi Unversity,Kottayam,Kerala
2016,Overall,101-150,,Meenakshi Academy of Higher Education and Research,Chennai,Tamil Nadu
2016,Overall,101-150,,Motilal Nehru National Institute of Technology,Allahabad,Uttar Pradesh
2016,Overall,101-150,,National Institute of Technology Durgapur,Durgapur,West Bengal
2016,Overall,101-150,,National Institute of Technology Hamirpur,Hamirpur,Himachal Pradesh
2016,Overall,101-150,,National Institute of Technology Manipur,Manipur,Manipur
2016,Overall,101-150,,Nirma University,Ahmedabad,Gujarat
2016,Overall,101-150,,NITTE University,Mangalore,Karnataka
2016,Overall,101-150,,Periyar University,Salem,Tamil Nadu
2016,Overall,101-150,,PES University,Bengaluru,Karnataka
2016,Overall,101-150,,Rajasthan University,Jaipur,Rajasthan
2016,Overall,101-150,,Rajasthan University of Veterinary & Animal Sciences,Bikaner,Rajasthan
2016,Overall,101-150,,Rajiv Gandhi University,Itanagar,Arunachal Pradesh
2016,Overall,101-150,,Sardar Vallabhbhai National Institute of Technology,Surat,Gujarat
2016,Overall,101-150,,Shri Ramdeobaba College of Engineering and Management,Nagpur,Maharashtra
2016,Overall,101-150,,Sri Balaji Vidyapeeth Mahatma Gandhi Medical College Campus,Puducherry,Puducherry
2016,Overall,101-150,,Sri Krishnadevaraya University,Anantapur,Andhra Pradesh
2016,Overall,101-150,,Sri Sathya Sai Institute of Higher Learning,Anantapur,Andhra Pradesh
2016,Overall,101-150,,Sri Venkateswara Veterinary University,Tirupati,Andhra Pradesh
2016,Overall,101-150,,The Gandhigram Rural Institute,Gandhigram,Tamil Nadu
2016,Overall,101-150,,Thiagarajar College of Engineering,Madurai,Tamil Nadu
2016,Overall,101-150,,University of Allahabad,Allahabad,Uttar Pradesh
2016,Overall,101-150,,University of Jammu,Jammu Tawi,Jammu & Kashmir
2016,Overall,101-150,,University of Kashmir,Srinagar,Jammu & Kashmir
2016,Overall,101-150,,Vel Tech Rangarajan Dr. Sagunthala R & D Institute of Science and Technology,Chennai,Tamil Nadu
2016,Overall,101-150,,Vidyasagar University,Medinipur,West Bengal
2016,Overall,101-150,,Visvesvaraya National Institute of Technology,Nagpur,Maharashtra
2016,Overall,151-200,,Acharaya Nagarjuna University,Guntur,Andhra Pradesh
2016,Overall,151-200,,AU College of Arts and Commerce,Visakhapatnam,Andhra Pradesh
2016,Overall,151-200,,B.S. Abdur Rahman Institute of Science and Technology,Chennai,Tamil Nadu
2016,Overall,151-200,,Bhaskara Charya College of Applied Science,New Delhi,Delhi
2016,Overall,151-200,,C.V. Raman College of Engineering,Bhubaneswar,Odisha
2016,Overall,151-200,,Central University of Rajasthan,Kishangarh,Rajasthan
2016,Overall,151-200,,Chaitanya Bharathi Institute of Technology,Hyderabad,Telangana
2016,Overall,151-200,,Chettinad Academy of Research and Education,Chennai,Tamil Nadu
2016,Overall,151-200,,Dyal Singh College,New Delhi,Delhi
2016,Overall,151-200,,Deen Dayal Upadhyaya College,New Delhi,Delhi
2016,Overall,151-200,,Dhirubhai Ambani Institute of Information and Communication Technology,Gandhinagar,Gujarat
2016,Overall,151-200,,Dr. B R Ambedkar National Institute of Technology,Jalandhar,Punjab
2016,Overall,151-200,,Dr. Mahalingam College of Engineering and Technology,Pollachi,Tamil Nadu
2016,Overall,151-200,,Gayatri Vidya Parishad College of Engineering,Visakhapatnam,Andhra Pradesh
2016,Overall,151-200,,Gokaraju Rangaraju Institute of Engineering & Technology,Hyderabad,Telangana
2016,Overall,151-200,,Guru Jambeshwar University of Science and Technology,Hissar,Haryana
2016,Overall,151-200,,Indian Institute of Management Rohtak,Rohtak,Haryana
2016,Overall,151-200,,Indraprastha Institute of Information Technology,New Delhi,Delhi
2016,Overall,151-200,,Institute of Engineering & Management,Kolkata,West Bengal
2016,Overall,151-200,,Jawaharlal Nehru Technological University,Kakinada,Andhra Pradesh
2016,Overall,151-200,,Jawaharlal Nehru Technological University,Anantapur,Andhra Pradesh
2016,Overall,151-200,,Kerala Veterinary & Animal Sciences University,Wayanad,Kerala
2016,Overall,151-200,,KIET Group of Institutions,Ghaziabad,Uttar Pradesh
2016,Overall,151-200,,Kumaraguru College of Technology,Coimbatore,Tamil Nadu
2016,Overall,151-200,,Kuvempu University,Shankaraghatta,Karnataka
2016,Overall,151-200,,Maharashtra Institute of Technology,Pune,Maharashtra
2016,Overall,151-200,,Malaviya National Institute of Technology,Jaipur,Rajasthan
2016,Overall,151-200,,Manipur University,Imphal,Manipur
2016,Overall,151-200,,Maulana Azad National Institute of Technology,Bhopal,Madhya Pradesh
2016,Overall,151-200,,Maulana Azad National Urdu University,Gachibowli,Telangana
2016,Overall,151-200,,Mepco Schlenk Engineering College,Sivakasi,Tamil Nadu
2016,Overall,151-200,,Mumbai University,Mumbai,Maharashtra
2016,Overall,151-200,,Narsee Monjee Institute of Management Studies,Mumbai,Maharashtra
2016,Overall,151-200,,National Institute of Industrial Engineering,Mumbai,Maharashtra
2016,Overall,151-200,,National Institute of Technology Kurukshetra,Kurukshetra,Haryana
2016,Overall,151-200,,National Institute of Technology Silchar,Silchar,Assam
2016,Overall,151-200,,National Institute of Technology Meghalaya,Shillong,Meghalaya
2016,Overall,151-200,,National Institute of Technology Raipur,Raipur,Chhattisgarh
2016,Overall,151-200,,R.M.D. Engineering College,Kavaraipettai,Tamil Nadu
2016,Overall,151-200,,R.M.K. Engineering College,Kavaraipettai,Tamil Nadu
2016,Overall,151-200,,R.V.R. & J.C. College of Engineering,Guntur,Andhra Pradesh
2016,Overall,151-200,,Sardar Patel University,Anand,Gujarat
2016,Overall,151-200,,Sikkim Manipal University,Gangtok,Sikkim
2016,Overall,151-200,,Sona College of Technology,Salem,Tamil Nadu
2016,Overall,151-200,,Sri Krishna College of Engineering and Technology,Coimbatore,Tamil Nadu
2016,Overall,151-200,,Sri Krishna College of Technology,Coimbatore,Tamil Nadu
2016,Overall,151-200,,Sri Sai Ram Engineering College,Chennai,Tamil Nadu
2016,Overall,151-200,,Sri Venkateswara College of Engineering,Sriperambudur,Tamil Nadu
2016,Overall,151-200,,Yenepoya University,Mangalore,Karnataka
2016,Overall,151-200,,Yeshwantrao Chavan College of Engineering,Nagpur,Maharashtra
2016,College,101-150,,Ahmednagar Jilha Maratha Vidya Prasarak Samajs New Arts Commerce & Science College,Parner',Maharashtra
2016,College,101-150,,Arumugam Pillai Seethai Ammal College,Sivagangai,Tamil Nadu
2016,College,101-150,,Ashok & Rita Patel Institute of Integrated Study & Research In Biotechnology and Allied Sciences,Vithal Udyognagar,Gujarat
2016,College,101-150,,Bapatla College of Arts & Science,Guntur,Andhra Pradesh
2016,College,101-150,,Bharati Vidyapeeth`s Dr. Patangarao Kadam Mahavidyalaya,Sangli,Maharashtra
2016,College,101-150,,Bharati Vidyapeeth`s Institute of Environment Education & Research,Pune,Maharashtra
2016,College,101-150,,Chaitanya Degree College,Warangal,Telangana
2016,College,101-150,,D.A.V. College for Girls,Yamuna Nagar,Haryana
2016,College,101-150,,DAV College,Chandigarh,Chandigarh
2016,College,101-150,,Dhananjayrao Gadgil College of Commerce,Satara,Maharashtra
2016,College,101-150,,Dnyanprassarak Mandal's College and Research Centre,Goa,Goa
2016,College,101-150,,Dr Lankapalli Bullayya P.G. College,Visakhapatnam,Andhra Pradesh
2016,College,101-150,,Dr. R.V. Arts and Science College,Coimbatore,Tamil Nadu
2016,College,101-150,,Dr. G.Y.Pathrikar College of Computer Science and Information Technology,Aurangabad,Maharashtra
2016,College,101-150,,Fazl Ali College,Mokokchung,Nagaland
2016,College,101-150,,Government College,Rajahmundry,Andhra Pradesh
2016,College,101-150,,"Government Degree College, Srisailam Project",Kurnool,Andhra Pradesh
2016,College,101-150,,Govt. Degree College,Kurnool,Andhra Pradesh
2016,College,101-150,,Govt. Vidarbha Institute of Science & Humanities,Amravati,Maharashtra
2016,College,101-150,,Holkar Science College,Indore,Madhya Pradesh
2016,College,101-150,,J.M.J. College for Women,Guntur,Andhra Pradesh
2016,College,101-150,,Jagarlamudi Kuppuswamy Choundry College,Guntur,Andhra Pradesh
2016,College,101-150,,Jawaharlal Nehru Rajkeeya Mahavidyalaya,Port Blair,Andaman & Nicobar
2016,College,101-150,,Maharajah`s College,Vizianagaram,Andhra Pradesh
2016,College,101-150,,Murgaon Education Society`s College of Arts and Commerce,Goa,Goa
2016,College,101-150,,"New Arts, Commerce and Science College",Ahmednagar,Maharashtra
2016,College,101-150,,P.B. Sidhartha College of Arts and Science,Vijayawada,Andhra Pradesh
2016,College,101-150,,"Padmashri Vikhe Patil College of Arts, Science & Commerce",Ahmednagar,Maharashtra
2016,College,101-150,,Prabhas Degree College,Vijayawada,Andhra Pradesh
2016,College,101-150,,Raja Lakhama Gonda Science Institute,Belgaum,Karnataka
2016,College,101-150,,Rajarshi Shahu Mahavidyalaya,Latur,Maharashtra
2016,College,101-150,,Rosary College of Commerce and Arts,South Goa,Goa
2016,College,101-150,,S.V.R.M. College,Guntur,Andhra Pradesh
2016,College,101-150,,Sadguru Gadge Maharaja College,Satara,Maharashtra
2016,College,101-150,,Sangameshwar College,Solapur,Maharashtra
2016,College,101-150,,Saraswati Mahila Mahavidyalaya,Faridabad,Haryana
2016,College,101-150,,Shri Shivaji Mahavidyalaya,Solapur,Maharashtra
2016,College,101-150,,Sri Bijivemula Veera Reddy Degree College,Badvel,Andhra Pradesh
2016,College,101-150,,Sri Guraijada Apparao Govt. Degree College,Visakhapatnam,Andhra Pradesh
2016,College,101-150,,Sri Ramakrishna Degree College,Nandyal,Andhra Pradesh
2016,College,101-150,,St. Joseph`s Evening College,Bengaluru,Karnataka
2016,College,101-150,,St. Xavier`s College,Ranchi,Jharkhand
2016,College,101-150,,Subharam Government Degree College,Punganur,Andhra Pradesh
2016,College,101-150,,Suryadatta College of Hospitality Management & Travel Tourism,Pune,Maharashtra
2016,College,101-150,,Swahid Peoli Phukon College,Sibsagar,Assam
2016,College,101-150,,Thassim Beevi Abdul Kader College for Women,Ramanathapuram,Tamil Nadu
2016,College,101-150,,The Quaid-E-Milleth College for Men,Kancheepuram,Tamil Nadu
2016,College,101-150,,Vasantha College for Women,Varanasi,Uttar Pradesh
2016,College,101-150,,Women`s College,Tinsukia,Assam
2016,College,101-150,,Y.A. Govt. College for Women,Prakasam,Andhra Pradesh
2016,College,101-150,,"Yashwantrao Mohite College of Arts, Science and Commerce",Pune,Maharashtra
2016,College,151-200,,Aditya Degree College,Visakhapatnam,Andhra Pradesh
2016,College,151-200,,Balasaheb Desai College,Satara,Maharashtra
2016,College,151-200,,C.P. Patel & F.H. Shah Commerce College,Anand,Gujarat
2016,College,151-200,,Chaitanya Degree College for Women,Visakhapatnam,Andhra Pradesh
2016,College,151-200,,Chaitanya PG College,Warangal,Telangana
2016,College,151-200,,CSSR & SRRM Degree & PG College,Kamalapuram,Andhra Pradesh
2016,College,151-200,,D.B.F. Dayanand College of Arts & Science,Solapur,Maharashtra
2016,College,151-200,,Deogiri College,Aurangabad,Maharashtra
2016,College,151-200,,Digboi College,Tinsukia,Assam
2016,College,151-200,,Drg Government Degree College,Tadepalligudem,Andhra Pradesh
2016,College,151-200,,Government College for Men,Kurnool,Andhra Pradesh
2016,College,151-200,,Government Science College,Ahmedabad,Gujarat
2016,College,151-200,,Govt. College for Women,"Nawakadal, Srinagar",Jammu & Kashmir
2016,College,151-200,,Govt. Degree College,Chittoor,Andhra Pradesh
2016,College,151-200,,Govt. Gandhi Memorial Science College,Jammu,Jammu & Kashmir
2016,College,151-200,,H L College of Commerce,Ahmedabad,Gujarat
2016,College,151-200,,J.Z. Shah Arts & H.P. Desai Commerce College,Surat,Gujarat
2016,College,151-200,,Khowang College,Khowang Ghat,Assam
2016,College,151-200,,KLES`s Jagadguru Tontadarya College,Gadag,Karnataka
2016,College,151-200,,Lal Bhai Dalpathbhai Arts College,Ahmedabad,Gujarat
2016,College,151-200,,Mary Matha College of Arts  & Science,Theni,Tamil Nadu
2016,College,151-200,,Maulana Azad College of Arts & Science & Commerce,Aurangabad,Maharashtra
2016,College,151-200,,MVR Degree College,Visakhapatnam,Andhra Pradesh
2016,College,151-200,,N.B.K.R. Arts & Science College,Nellor,Andhra Pradesh
2016,College,151-200,,Nanda Nath Saikia College,Jorhat,Assam
2016,College,151-200,,Nazira College,Sibsagar,Assam
2016,College,151-200,,P.S.C. & K.V.S.C. Govt. College,Kurnool,Andhra Pradesh
2016,College,151-200,,"Pravara Rural Education Society's Arts, Science and Commerece College",Ahmednagar,Maharashtra
2016,College,151-200,,R K Degree College,Vizianagaram,Andhra Pradesh
2016,College,151-200,,Raja Shripatrao Bhagawantrao Mahavidyalaya Aundh,Satara,Maharashtra
2016,College,151-200,,Rayat Shikshan Sanstha's Karmveer Bhaurao Patil College,New Mumbai,Maharashtra
2016,College,151-200,,S.A. Jain College,Ambala,Haryana
2016,College,151-200,,S.R.R. & C.V.R. Govt. Degree College,Krisna,Andhra Pradesh
2016,College,151-200,,S.V. Degree College,Cuddapah,Andhra Pradesh
2016,College,151-200,,Sandan Lal Sanwal Das Khanna Mahila Mahavidyalaya,Allahabad,Uttar Pradesh
2016,College,151-200,,Science College,Kokrajhar,Assam
2016,College,151-200,,Seethalakshmi Ramaswamy College,Tiruchirapalli,Tamil Nadu
2016,College,151-200,,Shiksha Mandal's Govindram Seksaria College of Commerce,Wardha,Maharashtra
2016,College,151-200,,"Shikshan Prasarak Sanstha`s Sangamner Nagarpalika Arts, D.J. Malpani Commerce and B.N. Sarda Science College",Ahmednagar,Maharashtra
2016,College,151-200,,Silapather College,Lakhimpur,Assam
2016,College,151-200,,Smt. Kasturbai Walchand College of Arts and Science,Sangli,Maharashtra
2016,College,151-200,,Sreepada Degree College,Visakhapatnam,Andhra Pradesh
2016,College,151-200,,Sri Murali Krishna Degree College,Visakhapatnam,Andhra Pradesh
2016,College,151-200,,St. Ann`s College for Women,Guntur,Andhra Pradesh
2016,College,151-200,,Suryadatta College of Management Information Research & Technology,Pune,Maharashtra
2016,College,151-200,,Tellakula JPS College,Guntur,Andhra Pradesh
2016,College,151-200,,Tinsukia College,Tinsukia,Assam
2016,College,151-200,,Yadaorao Poshattiwar Arts College,Talodhi,Maharashtra
2016,College,151-200,,Yashwantrao Chavan Warana Mahavidyalaya,Kolhapur,Maharashtra
2016,University,101-150,,Acharaya Nagarjuna University,Guntur,Andhra Pradesh
2016,University,101-150,,Ambedkar University Delhi (AUD),Delhi,Delhi
2016,University,101-150,,Avinashilingam Institute for Home Science & Higher Education for Women,Coimbatore,Tamil Nadu
2016,University,101-150,,Central University of Gujarat,Gandhinagar,Gujarat
2016,University,101-150,,Central University of Haryana,Mahendergarh,Haryana
2016,University,101-150,,Central University of Kashmir,Srinagar,Jammu And Kashmir
2016,University,101-150,,Central University of Kerala,Kasaragod,Kerala
2016,University,101-150,,Central University of Punjab,Bathinda,Punjab
2016,University,101-150,,Central University of Rajasthan,Bandar Sindri,Rajasthan
2016,University,101-150,,Chettinad Academy of Research and Education,Chennai,Tamil Nadu
2016,University,101-150,,Chitkara  University,Rajpura,Punjab
2016,University,101-150,,Devi Ahilya Vishwavidyalaya,Indore,Madhya Pradesh
2016,University,101-150,,Dharmsinh Desai University,Nadiad,Gujarat
2016,University,101-150,,Dhirubhai Ambani Institute of Information and Communication Technology,Gandhinagar,Gujarat
2016,University,101-150,,Dr. Babasaheb Ambedkar Marathwada University,Aurangabad,Maharashtra
2016,University,101-150,,Dr. Harisingh Gour Vishwavidyalaya,Sagar,Madhya Pradesh
2016,University,101-150,,English & Foreign Languages University,Hyderabad,Telangana
2016,University,101-150,,Fakir Mohan University,Balasore,Odisha
2016,University,101-150,,Graphic Era University,Dehradun,Uttarakhand
2016,University,101-150,,Gujarat University,Ahmedabad,Gujarat
2016,University,101-150,,Guru Jambeshwar University of Science and Technology,Hissar,Haryana
2016,University,101-150,,Himachal Pradesh University,Shimla,Himachal Pradesh
2016,University,101-150,,Indraprastha Institute of Information Technology Delhi,New Delhi,Delhi
2016,University,101-150,,Jawaharlal Nehru Technological University,Anantapur,Andhra Pradesh
2016,University,101-150,,Kalasalingam Academy of Research and Higher Education,Srivilliputtur,Tamil Nadu
2016,University,101-150,,Kerala Veterinary & Animal Sciences University,Wayanad,Kerala
2016,University,101-150,,Kuvempu University,Gnana Sahyadri,Karnataka
2016,University,101-150,,Maharishi Markandeshwar University,Ambala,Haryana
2016,University,101-150,,Manipur University,Imphal,Manipur
2016,University,101-150,,Maulana Azad National Urdu University,Gachibowli,Telangana
2016,University,101-150,,Medi-Caps University,Indore,Madhya Pradesh
2016,University,101-150,,Mumbai University,Mumbai,Maharashtra
2016,University,101-150,,North Maharashtra University,Umavinagar,Maharashtra
2016,University,101-150,,Pt.Ravishankar Shukla University,Raipur,Chhattisgarh
2016,University,101-150,,Sant Longowal Institute of Engineering & Technology,Longowal,Punjab
2016,University,101-150,,Sardar Patel University,Anand,Gujarat
2016,University,101-150,,Saurashtra University,Rajkot,Gujarat
2016,University,101-150,,Shoolini University of Biotechnology and Management Sciences,Solan,Himachal Pradesh
2016,University,101-150,,Shri Mata Vaishno Devi University,Katra,Jammu And Kashmir
2016,University,101-150,,Sikkim Manipal University,Gangtok,Sikkim
2016,University,101-150,,Sri Chandrasekharendra Saraswathi Vishwa Mahavidyalaya,Kancheepuram,Tamil Nadu
2016,University,101-150,,Telangana University,Nizamabad,Telangana
2016,University,101-150,,The Northcap University,Gurgaon,Haryana
2016,University,101-150,,The Rashtrasant Tukadoji Maharaj Nagpur University,Nagpur,Maharashtra
2016,University,101-150,,University of Petroleum and Energy Studies,Dehradun,Uttarakhand
2016,University,101-150,,Utkal University,Bhubaneswar,Odisha
2016,University,101-150,,Vikram University,Ujjain,Madhya Pradesh
2016,University,101-150,,Vinayaka Mission`s Research Foundation,Salem,Tamil Nadu
2016,University,101-150,,Vinoba Bhave University,Hazaribagh,Jharkhand
2016,University,101-150,,Yenepoya University,Mangalore,Karnataka
2016,University,151-200,,AISECT University,Bhopal,Madhya Pradesh
2016,University,151-200,,Assam Don Bosco University,Azara,Assam
2016,University,151-200,,Berhampur University,Berhampur,Odisha
2016,University,151-200,,Central University of Himachal Pradesh,Dharamashala,Himachal Pradesh
2016,University,151-200,,Central University of Jammu,Jammu,Jammu & Kashmir
2016,University,151-200,,Central University of Karnataka,Gulbarga,Karnataka
2016,University,151-200,,Central University of Orissa,Koraput,Odisha
2016,University,151-200,,Central University of South Bihar,Patna,Bihar
2016,University,151-200,,Central University of Tamil Nadu,Tiruvarur,Tamil Nadu
2016,University,151-200,,Centurion  University  of Technolgy and Management,Paralakhemundi,Odisha
2016,University,151-200,,Chaudhary Devi Lal University Sirsa,Sirsa,Haryana
2016,University,151-200,,Christ University,Bengaluru,Karnataka
2016,University,151-200,,Deen Bandhu Chhotu Ram University of Sciences & Technology,Murthal,Haryana
2016,University,151-200,,Deen Dayal Upadhyay Gorakhpur University,Gorakhpur,Uttar Pradesh
2016,University,151-200,,Desh Bhagat University-Gobindgarh,Gobindgarh,Punjab
2016,University,151-200,,Dr. B. R. Ambedkar University,Etcherla,Andhra Pradesh
2016,University,151-200,,Dr. C.V. Raman University,Bilaspur,Chhattisgarh
2016,University,151-200,,Dravidian University,Kuppam,Andhra Pradesh
2016,University,151-200,,G L A University,Mathura,Uttar Pradesh
2016,University,151-200,,Ganpat University,Ganpat Vidyanagar,Gujarat
2016,University,151-200,,Guru Ghasidas Vishwavidyalaya,Bilaspur,Chhattisgarh
2016,University,151-200,,Hemwati Nandan Bahuguna Garhwal University,Garhwal,Uttarakhand
2016,University,151-200,,Hindustan Institute of Technology  and Science,Chennai,Tamil Nadu
2016,University,151-200,,IIS University,Jaipur,Rajasthan
2016,University,151-200,,Jain Vishva Bharati Institute,Ladnun,Rajasthan
2016,University,151-200,,Krishna University,Machllipatanam,Andhra Pradesh
2016,University,151-200,,Lingaya`s University,Faridabad,Haryana
2016,University,151-200,,Maharaja Sayajirao University of Baroda,Vadodara,Gujarat
2016,University,151-200,,Makhanlal Chaturvedi National University of Journalism and Communication,Bhopal,Madhya Pradesh
2016,University,151-200,,Manav Rachna International Uniersity,Faridabad,Haryana
2016,University,151-200,,Manipal University,Jaipur,Rajasthan
2016,University,151-200,,Noorul Islam Centre for Higher Education,Kanyakumari,Tamil Nadu
2016,University,151-200,,North Eastern Regional Institute of Science & Technology,Itanagar,Arunachal Pradesh
2016,University,151-200,,Pandit Deendayal Petroleum University,Gandhinagar,Gujarat
2016,University,151-200,,Rabindra Bharati University,Kolkata,West Bengal
2016,University,151-200,,RGUKT- RK Valley,Idupulapaya,Andhra Pradesh
2016,University,151-200,,"Sam Higginbottom Institute of Agriculture, Technology & Sciences",Allahabad,Uttar Pradesh
2016,University,151-200,,Sant Gadge Baba Amravati University,Amaravati,Maharashtra
2016,University,151-200,,Sharda University,Greater Noida,Uttar Pradesh
2016,University,151-200,,Sikkim University,Gangtok,Sikkim
2016,University,151-200,,Sir Padmapat Singhania University,Udaipur,Rajasthan
2016,University,151-200,,Swami Ramanand Teerth Marathwada University,Nanded,Maharashtra
2016,University,151-200,,Teerthanker Mahaveer University,Moradabad,Uttar Pradesh
2016,University,151-200,,The Indira Gandhi National Tribal University,Amarkantak,Madhya Pradesh
2016,University,151-200,,The LNM Institute of Information Technology,Jaipur,Rajasthan
2016,University,151-200,,Tripura University,Agartala,Tripura
2016,University,151-200,,Uka Tarsadia University,Bardoli,Gujarat
2016,University,151-200,,University of Kota,Kota,Rajasthan
2016,University,151-200,,Univesity of Gour Banga,Malda,West Bengal
2016,University,151-200,,Yogi Vemana University,Kadapa,Andhra Pradesh
2017,Engineering,101-150,,Atal Bihari Vajpayee Indian Institute of Information Technology and Management,Gwalior,Madhya Pradesh
2017,Engineering,101-150,,AU College of Engineering (Autonomous),Visakhapatnam,Andhra Pradesh
2017,Engineering,101-150,,Banasthali Vidyapith,Banasthali,Rajasthan
2017,Engineering,101-150,,Bannari Amman Institute of Technology,Sathyamangalam,Tamil Nadu
2017,Engineering,101-150,,Bharatiya Vidya Bhavans Sardar Patel Institute of Technology,Mumbai,Maharashtra
2017,Engineering,101-150,,BNM Institute of Technology,Bengaluru,Karnataka
2017,Engineering,101-150,,Cochin University of Science and Technology,Cochin,Kerala
2017,Engineering,101-150,,CVR College of Engineering,Ibrahimpatan,Telangana
2017,Engineering,101-150,,Dayananda Sagar College of Engineering,Bengaluru,Karnataka
2017,Engineering,101-150,,Defence Institute of Advanced Technology,"Khadakwasala, Pune",Maharashtra
2017,Engineering,101-150,,Dr. B R Ambedkar National Institute of Technology,Jalandhar,Punjab
2017,Engineering,101-150,,Dr. Mahalingam College of Engineering and Technology,Pollachi,Tamil Nadu
2017,Engineering,101-150,,Gandhi Institute for Technological Advancement,Bhubaneswar,Odisha
2017,Engineering,101-150,,Ganeshi Lal Bajaj Institute of Technology and Management,Greater Noida,Uttar Pradesh
2017,Engineering,101-150,,Gayatri Vidya Parishad College of Engineering,Visakhapatnam,Andhra Pradesh
2017,Engineering,101-150,,Government College of Technology,Coimbatore,Tamil Nadu
2017,Engineering,101-150,,Heritage Institute of Technology,Kolkata,West Bengal
2017,Engineering,101-150,,"Indian Institute of Information Technology, Design & Manufacturing Kancheepuram",Chennai,Tamil Nadu
2017,Engineering,101-150,,Institute of Engineering & Management,Kolkata,West Bengal
2017,Engineering,101-150,,Jawaharlal Nehru Technological University,Kakinada,Andhra Pradesh
2017,Engineering,101-150,,Jawaharlal Nehru Technological University,Anantapur,Andhra Pradesh
2017,Engineering,101-150,,Kamaraj College of Engineering & Technology,Virudhunagar,Tamil Nadu
2017,Engineering,101-150,,"Maharashtra Academy of Engineering and Educational Research, MIT College of Engineering",Pune,Maharashtra
2017,Engineering,101-150,,Narula Institute of Technology,Kolkata,West Bengal
2017,Engineering,101-150,,National Institute of Technology Agartala,Agratala,Tripura
2017,Engineering,101-150,,National Institute of Technology Goa,Ponda,Goa
2017,Engineering,101-150,,National Institute of Technology Jamshedpur,Jamshedpur,Jharkhand
2017,Engineering,101-150,,National Institute of Technology Patna,Patna,Bihar
2017,Engineering,101-150,,National Institute of Technology Raipur,Raipur,Chhattisgarh
2017,Engineering,101-150,,NITTE Meenakshi Institute of Technology,Bengaluru,Karnataka
2017,Engineering,101-150,,R.M.D. Engineering College,Kavaraipettai,Tamil Nadu
2017,Engineering,101-150,,Rajalakshmi Engineering College Engineering & Technology,Chennai,Tamil Nadu
2017,Engineering,101-150,,Sardar Patel College of Engineering,Mumbai,Maharashtra
2017,Engineering,101-150,,"School of Engineering, Cochin University of Science and Technology",Cochin,Kerala
2017,Engineering,101-150,,SCTR`s Pune Institute of Computer Technology,Pune,Maharashtra
2017,Engineering,101-150,,Shri Mata Vaishno Devi University,Katra,Jammu & Kashmir
2017,Engineering,101-150,,Shri Vishnu Engineering College for Women,Bhimavaram,Andhra Pradesh
2017,Engineering,101-150,,Sona College of Technology,Salem,Tamil Nadu
2017,Engineering,101-150,,Sri Jayachamarajendra College of Engineering,Mysore,Karnataka
2017,Engineering,101-150,,Sri Krishna College of Engineering and Technology,Coimbatore,Tamil Nadu
2017,Engineering,101-150,,Sri Ramakrishna Engineering College,Coimbatore,Tamil Nadu
2017,Engineering,101-150,,The National Institute of Engineering,Mysore,Karnataka
2017,Engineering,101-150,,TKM College of Engineering,Kollam,Kerala
2017,Engineering,101-150,,University Institute of Engineering and Technology,Chandigarh,Chandigarh
2017,Engineering,101-150,,Vasavi College of Engineering,Hyderabad,Telangana
2017,Engineering,101-150,,Veermata Jijabai Technological Institute,Mumbai,Maharashtra
2017,Engineering,101-150,,Velagapudi Ramakrishna Siddhartha Engineering College,Vijayawada,Andhra Pradesh
2017,Engineering,101-150,,VNR Vignana Jyothi Institute of Engineering & Technology,Hyderabad,Telangana
2017,Engineering,101-150,,Walchand College of Engineering,Sangli,Maharashtra
2017,Engineering,101-150,,Yeshwantrao Chavan College of Engineering,Nagpur,Maharashtra
2017,Engineering,101-150,,YMCA University of Science & Tech (Formerely YMCA Institute of Engineering),Faridabad,Haryana
2017,Engineering,151-200,,ABES Engineering College,Ghaziabad,Uttar Pradesh
2017,Engineering,151-200,,Academy of Technology,Hooghly,West Bengal
2017,Engineering,151-200,,All India Shri Shivaji Memorial Society`s College of Engineering,Pune,Maharashtra
2017,Engineering,151-200,,Annamalai University,Annamalainagar,Tamil Nadu
2017,Engineering,151-200,,B V V Sangha`s Basaveshwar Engineering College,Bagalkot,Karnataka
2017,Engineering,151-200,,Bhilai Institute of Technology,Durg,Chhattisgarh
2017,Engineering,151-200,,Birla Vishvakarma Mahavidyalaya,Vallabh Vidyanagar,Gujarat
2017,Engineering,151-200,,Easwari Engineering College,Chennai,Tamil Nadu
2017,Engineering,151-200,,Fr. C. Rodrigues Institute of Technology,Navi Mumbai,Maharashtra
2017,Engineering,151-200,,Fr. Conceicao Rodrigues College of Engineering,Mumbai,Maharashtra
2017,Engineering,151-200,,Francis Xavier Engineering College,Tirunelveli,Tamil Nadu
2017,Engineering,151-200,,GMR Institute of Technology,Rajam,Andhra Pradesh
2017,Engineering,151-200,,Gokaraju Rangaraju Institute of Engineering & Technology,Hyderabad,Telangana
2017,Engineering,151-200,,Haldia Institute of Technology,Haldia,West Bengal
2017,Engineering,151-200,,Institute of Aeronautical Engineering,Hyderabad,Telangana
2017,Engineering,151-200,,JNTUA College of Engineering,Anantapur,Andhra Pradesh
2017,Engineering,151-200,,JNTUH College of Engineering,Hyderabad,Telangana
2017,Engineering,151-200,,JSS Academy of Technical Education,Bengaluru,Karnataka
2017,Engineering,151-200,,K S R College of Engineering,Tiruchengode,Tamil Nadu
2017,Engineering,151-200,,K.L.S. Gogte Institute of Technology,Belgaum,Karnataka
2017,Engineering,151-200,,Kakatiya Institute of Technology & Science,Warangal,Telangana
2017,Engineering,151-200,,Kasegaon Education Society`s Rajarambapu Institute of Technology,Islampur,Maharashtra
2017,Engineering,151-200,,KIET Group of Institutions,Ghaziabad,Uttar Pradesh
2017,Engineering,151-200,,Kurukshetra University,Kurukshetra,Haryana
2017,Engineering,151-200,,M.G.R. Educational and Research Institute,Chennai,Tamil Nadu
2017,Engineering,151-200,,Maharaja Surajmal Institute of Technology,New Delhi,Delhi
2017,Engineering,151-200,,Maharishi Markandeshwar University,Ambala,Haryana
2017,Engineering,151-200,,Maharshi Karve Stree Shikshan Samstha`s Cummins College of Engineering for Women,Pune,Maharashtra
2017,Engineering,151-200,,Mahatma Gandhi Institute of Technology,Hyderabad,Telangana
2017,Engineering,151-200,,MLR Institute of Technology,Hyderabad,Telangana
2017,Engineering,151-200,,National Engineering College,Kovilpatti,Tamil Nadu
2017,Engineering,151-200,,National Institute of Science & Technology,Berhampur,Odisha
2017,Engineering,151-200,,National Institute of Technology Nagaland,Dimapur,Nagaland
2017,Engineering,151-200,,North Eastern Regional Institute of Science & Technology,Itanagar,Arunachal Pradesh
2017,Engineering,151-200,,Padmasri Dr. B.V. Raju Institute of Technology,Medak,Telangana
2017,Engineering,151-200,,Pimpri Chinchwad College of Engineering,Pune,Maharashtra
2017,Engineering,151-200,,Pravara Rural Engineering College,Loni,Maharashtra
2017,Engineering,151-200,,R.V.R. & J.C. College of Engineering,Guntur,Andhra Pradesh
2017,Engineering,151-200,,Sree Vidyanikethan Engineering College,A.Rangampet,Andhra Pradesh
2017,Engineering,151-200,,Sri Krishna College of Technology,Coimbatore,Tamil Nadu
2017,Engineering,151-200,,Sri Sai Ram Institute of Technology,Chennai,Tamil Nadu
2017,Engineering,151-200,,University of Petroleum and Energy Studies,Dehradun,Uttarakhand
2017,Engineering,151-200,,Vardhaman College of Engineering,Hyderabad,Telangana
2017,Engineering,151-200,,Veer Surendra Sai University of Technology,Burla,Odisha
2017,Engineering,151-200,,Vel Tech High Tech Dr. Rangarajan Dr. Sakunthala Engineering College,Morai,Tamil Nadu
2017,Engineering,151-200,,Vel Tech Multi Tech Dr. Rangarajan Dr. Sakunthala Engineering College,Morai,Tamil Nadu
2017,Engineering,151-200,,Velammal Engineering College,Chennai,Tamil Nadu
2017,Engineering,151-200,,Vishwakarma Institute of Technology,Pune,Maharashtra
2017,Engineering,151-200,,Walchand Institute of Technology,Solapur,Maharashtra
2017,Overall,101-150,,Alagappa University,Karaikudi,Tamil Nadu
2017,Overall,101-150,,Assam University,Silchar,Assam
2017,Overall,101-150,,B.M.S. College of Engineering,Bengaluru,Karnataka
2017,Overall,101-150,,Bharathidasan University,Tiruchirappalli,Tamil Nadu
2017,Overall,101-150,,Bharati Vidyapeeth Deemed University College of Engineering,Pune,Maharashtra
2017,Overall,101-150,,Cochin University of Science and Technology,Cochin,Kerala
2017,Overall,101-150,,Dayalbagh Educational Institute,Agra,Uttar Pradesh
2017,Overall,101-150,,Dibrugarh University,Dibrugarh,Assam
2017,Overall,101-150,,G. H. Raisoni College of Engineering,Nagpur,Maharashtra
2017,Overall,101-150,,Gandhi Institute of Technology and Management,Visakhapatnam,Andhra Pradesh
2017,Overall,101-150,,Goa University,Goa,Goa
2017,Overall,101-150,,Guru Gobind Singh Indraprastha University,New Delhi,Delhi
2017,Overall,101-150,,Guru Nanak Dev University,Amritsar,Punjab
2017,Overall,101-150,,Indian Institute of Management Indore,Indore,Madhya Pradesh
2017,Overall,101-150,,Indian Institute of Management Raipur,Raipur,Chhattisgarh
2017,Overall,101-150,,Indian Institute of Management Ranchi,Ranchi,Jharkhand
2017,Overall,101-150,,Indian Institute of Science Education & Research,Thiruvananthapuram,Kerala
2017,Overall,101-150,,Jaypee Institute of Information Technology,Noida,Uttar Pradesh
2017,Overall,101-150,,Jaypee University of Information Technology,Solan,Himachal Pradesh
2017,Overall,101-150,,Kalyani University,Kalyani,West Bengal
2017,Overall,101-150,,Karpagam Academy of Higher Education,Coimbatore,Tamil Nadu
2017,Overall,101-150,,Karunya Institute of Technology and Sciences,Coimbatore,Tamil Nadu
2017,Overall,101-150,,Madurai Kamraj University,Madurai,Tamil Nadu
2017,Overall,101-150,,Mahatma Gandhi Unversity,Kottayam,Kerala
2017,Overall,101-150,,Meenakshi Academy of Higher Education and Research,Chennai,Tamil Nadu
2017,Overall,101-150,,Motilal Nehru National Institute of Technology,Allahabad,Uttar Pradesh
2017,Overall,101-150,,National Institute of Technology Durgapur,Durgapur,West Bengal
2017,Overall,101-150,,National Institute of Technology Hamirpur,Hamirpur,Himachal Pradesh
2017,Overall,101-150,,National Institute of Technology Manipur,Manipur,Manipur
2017,Overall,101-150,,Nirma University,Ahmedabad,Gujarat
2017,Overall,101-150,,NITTE University,Mangalore,Karnataka
2017,Overall,101-150,,Periyar University,Salem,Tamil Nadu
2017,Overall,101-150,,PES University,Bengaluru,Karnataka
2017,Overall,101-150,,Rajasthan University,Jaipur,Rajasthan
2017,Overall,101-150,,Rajasthan University of Veterinary & Animal Sciences,Bikaner,Rajasthan
2017,Overall,101-150,,Rajiv Gandhi University,Itanagar,Arunachal Pradesh
2017,Overall,101-150,,Sardar Vallabhbhai National Institute of Technology,Surat,Gujarat
2017,Overall,101-150,,Shri Ramdeobaba College of Engineering and Management,Nagpur,Maharashtra
2017,Overall,101-150,,Sri Balaji Vidyapeeth Mahatma Gandhi Medical College Campus,Puducherry,Puducherry
2017,Overall,101-150,,Sri Krishnadevaraya University,Anantapur,Andhra Pradesh
2017,Overall,101-150,,Sri Sathya Sai Institute of Higher Learning,Anantapur,Andhra Pradesh
2017,Overall,101-150,,Sri Venkateswara Veterinary University,Tirupati,Andhra Pradesh
2017,Overall,101-150,,The Gandhigram Rural Institute,Gandhigram,Tamil Nadu
2017,Overall,101-150,,Thiagarajar College of Engineering,Madurai,Tamil Nadu
2017,Overall,101-150,,University of Allahabad,Allahabad,Uttar Pradesh
2017,Overall,101-150,,University of Jammu,Jammu Tawi,Jammu & Kashmir
2017,Overall,101-150,,University of Kashmir,Srinagar,Jammu & Kashmir
2017,Overall,101-150,,Vel Tech Rangarajan Dr. Sagunthala R & D Institute of Science and Technology,Chennai,Tamil Nadu
2017,Overall,101-150,,Vidyasagar University,Medinipur,West Bengal
2017,Overall,101-150,,Visvesvaraya National Institute of Technology,Nagpur,Maharashtra
2017,Overall,151-200,,Acharaya Nagarjuna University,Guntur,Andhra Pradesh
2017,Overall,151-200,,AU College of Arts and Commerce,Visakhapatnam,Andhra Pradesh
2017,Overall,151-200,,B.S. Abdur Rahman Institute of Science and Technology,Chennai,Tamil Nadu
2017,Overall,151-200,,Bhaskara Charya College of Applied Science,New Delhi,Delhi
2017,Overall,151-200,,C.V. Raman College of Engineering,Bhubaneswar,Odisha
2017,Overall,151-200,,Central University of Rajasthan,Kishangarh,Rajasthan
2017,Overall,151-200,,Chaitanya Bharathi Institute of Technology,Hyderabad,Telangana
2017,Overall,151-200,,Chettinad Academy of Research and Education,Chennai,Tamil Nadu
2017,Overall,151-200,,Dyal Singh College,New Delhi,Delhi
2017,Overall,151-200,,Deen Dayal Upadhyaya College,New Delhi,Delhi
2017,Overall,151-200,,Dhirubhai Ambani Institute of Information and Communication Technology,Gandhinagar,Gujarat
2017,Overall,151-200,,Dr. B R Ambedkar National Institute of Technology,Jalandhar,Punjab
2017,Overall,151-200,,Dr. Mahalingam College of Engineering and Technology,Pollachi,Tamil Nadu
2017,Overall,151-200,,Gayatri Vidya Parishad College of Engineering,Visakhapatnam,Andhra Pradesh
2017,Overall,151-200,,Gokaraju Rangaraju Institute of Engineering & Technology,Hyderabad,Telangana
2017,Overall,151-200,,Guru Jambeshwar University of Science and Technology,Hissar,Haryana
2017,Overall,151-200,,Indian Institute of Management Rohtak,Rohtak,Haryana
2017,Overall,151-200,,Indraprastha Institute of Information Technology,New Delhi,Delhi
2017,Overall,151-200,,Institute of Engineering & Management,Kolkata,West Bengal
2017,Overall,151-200,,Jawaharlal Nehru Technological University,Kakinada,Andhra Pradesh
2017,Overall,151-200,,Jawaharlal Nehru Technological University,Anantapur,Andhra Pradesh
2017,Overall,151-200,,Kerala Veterinary & Animal Sciences University,Wayanad,Kerala
2017,Overall,151-200,,KIET Group of Institutions,Ghaziabad,Uttar Pradesh
2017,Overall,151-200,,Kumaraguru College of Technology,Coimbatore,Tamil Nadu
2017,Overall,151-200,,Kuvempu University,Shankaraghatta,Karnataka
2017,Overall,151-200,,Maharashtra Institute of Technology,Pune,Maharashtra
2017,Overall,151-200,,Malaviya National Institute of Technology,Jaipur,Rajasthan
2017,Overall,151-200,,Manipur University,Imphal,Manipur
2017,Overall,151-200,,Maulana Azad National Institute of Technology,Bhopal,Madhya Pradesh
2017,Overall,151-200,,Maulana Azad National Urdu University,Gachibowli,Telangana
2017,Overall,151-200,,Mepco Schlenk Engineering College,Sivakasi,Tamil Nadu
2017,Overall,151-200,,Mumbai University,Mumbai,Maharashtra
2017,Overall,151-200,,Narsee Monjee Institute of Management Studies,Mumbai,Maharashtra
2017,Overall,151-200,,National Institute of Industrial Engineering,Mumbai,Maharashtra
2017,Overall,151-200,,National Institute of Technology Kurukshetra,Kurukshetra,Haryana
2017,Overall,151-200,,National Institute of Technology Silchar,Silchar,Assam
2017,Overall,151-200,,National Institute of Technology Meghalaya,Shillong,Meghalaya
2017,Overall,151-200,,National Institute of Technology Raipur,Raipur,Chhattisgarh
2017,Overall,151-200,,R.M.D. Engineering College,Kavaraipettai,Tamil Nadu
2017,Overall,151-200,,R.M.K. Engineering College,Kavaraipettai,Tamil Nadu
2017,Overall,151-200,,R.V.R. & J.C. College of Engineering,Guntur,Andhra Pradesh
2017,Overall,151-200,,Sardar Patel University,Anand,Gujarat
2017,Overall,151-200,,Sikkim Manipal University,Gangtok,Sikkim
2017,Overall,151-200,,Sona College of Technology,Salem,Tamil Nadu
2017,Overall,151-200,,Sri Krishna College of Engineering and Technology,Coimbatore,Tamil Nadu
2017,Overall,151-200,,Sri Krishna College of Technology,Coimbatore,Tamil Nadu
2017,Overall,151-200,,Sri Sai Ram Engineering College,Chennai,Tamil Nadu
2017,Overall,151-200,,Sri Venkateswara College of Engineering,Sriperambudur,Tamil Nadu
2017,Overall,151-200,,Yenepoya University,Mangalore,Karnataka
2017,Overall,151-200,,Yeshwantrao Chavan College of Engineering,Nagpur,Maharashtra
2017,College,101-150,,Ahmednagar Jilha Maratha Vidya Prasarak Samajs New Arts Commerce & Science College,Parner',Maharashtra
2017,College,101-150,,Arumugam Pillai Seethai Ammal College,Sivagangai,Tamil Nadu
2017,College,101-150,,Ashok & Rita Patel Institute of Integrated Study & Research In Biotechnology and Allied Sciences,Vithal Udyognagar,Gujarat
2017,College,101-150,,Bapatla College of Arts & Science,Guntur,Andhra Pradesh
2017,College,101-150,,Bharati Vidyapeeth`s Dr. Patangarao Kadam Mahavidyalaya,Sangli,Maharashtra
2017,College,101-150,,Bharati Vidyapeeth`s Institute of Environment Education & Research,Pune,Maharashtra
2017,College,101-150,,Chaitanya Degree College,Warangal,Telangana
2017,College,101-150,,D.A.V. College for Girls,Yamuna Nagar,Haryana
2017,College,101-150,,DAV College,Chandigarh,Chandigarh
2017,College,101-150,,Dhananjayrao Gadgil College of Commerce,Satara,Maharashtra
2017,College,101-150,,Dnyanprassarak Mandal's College and Research Centre,Goa,Goa
2017,College,101-150,,Dr Lankapalli Bullayya P.G. College,Visakhapatnam,Andhra Pradesh
2017,College,101-150,,Dr. R.V. Arts and Science College,Coimbatore,Tamil Nadu
2017,College,101-150,,Dr. G.Y.Pathrikar College of Computer Science and Information Technology,Aurangabad,Maharashtra
2017,College,101-150,,Fazl Ali College,Mokokchung,Nagaland
2017,College,101-150,,Government College,Rajahmundry,Andhra Pradesh
2017,College,101-150,,"Government Degree College, Srisailam Project",Kurnool,Andhra Pradesh
2017,College,101-150,,Govt. Degree College,Kurnool,Andhra Pradesh
2017,College,101-150,,Govt. Vidarbha Institute of Science & Humanities,Amravati,Maharashtra
2017,College,101-150,,Holkar Science College,Indore,Madhya Pradesh
2017,College,101-150,,J.M.J. College for Women,Guntur,Andhra Pradesh
2017,College,101-150,,Jagarlamudi Kuppuswamy Choundry College,Guntur,Andhra Pradesh
2017,College,101-150,,Jawaharlal Nehru Rajkeeya Mahavidyalaya,Port Blair,Andaman & Nicobar
2017,College,101-150,,Maharajah`s College,Vizianagaram,Andhra Pradesh
2017,College,101-150,,Murgaon Education Society`s College of Arts and Commerce,Goa,Goa
2017,College,101-150,,"New Arts, Commerce and Science College",Ahmednagar,Maharashtra
2017,College,101-150,,P.B. Sidhartha College of Arts and Science,Vijayawada,Andhra Pradesh
2017,College,101-150,,"Padmashri Vikhe Patil College of Arts, Science & Commerce",Ahmednagar,Maharashtra
2017,College,101-150,,Prabhas Degree College,Vijayawada,Andhra Pradesh
2017,College,101-150,,Raja Lakhama Gonda Science Institute,Belgaum,Karnataka
2017,College,101-150,,Rajarshi Shahu Mahavidyalaya,Latur,Maharashtra
2017,College,101-150,,Rosary College of Commerce and Arts,South Goa,Goa
2017,College,101-150,,S.V.R.M. College,Guntur,Andhra Pradesh
2017,College,101-150,,Sadguru Gadge Maharaja College,Satara,Maharashtra
2017,College,101-150,,Sangameshwar College,Solapur,Maharashtra
2017,College,101-150,,Saraswati Mahila Mahavidyalaya,Faridabad,Haryana
2017,College,101-150,,Shri Shivaji Mahavidyalaya,Solapur,Maharashtra
2017,College,101-150,,Sri Bijivemula Veera Reddy Degree College,Badvel,Andhra Pradesh
2017,College,101-150,,Sri Guraijada Apparao Govt. Degree College,Visakhapatnam,Andhra Pradesh
2017,College,101-150,,Sri Ramakrishna Degree College,Nandyal,Andhra Pradesh
2017,College,101-150,,St. Joseph`s Evening College,Bengaluru,Karnataka
2017,College,101-150,,St. Xavier`s College,Ranchi,Jharkhand
2017,College,101-150,,Subharam Government Degree College,Punganur,Andhra Pradesh
2017,College,101-150,,Suryadatta College of Hospitality Management & Travel Tourism,Pune,Maharashtra
2017,College,101-150,,Swahid Peoli Phukon College,Sibsagar,Assam
2017,College,101-150,,Thassim Beevi Abdul Kader College for Women,Ramanathapuram,Tamil Nadu
2017,College,101-150,,The Quaid-E-Milleth College for Men,Kancheepuram,Tamil Nadu
2017,College,101-150,,Vasantha College for Women,Varanasi,Uttar Pradesh
2017,College,101-150,,Women`s College,Tinsukia,Assam
2017,College,101-150,,Y.A. Govt. College for Women,Prakasam,Andhra Pradesh
2017,College,101-150,,"Yashwantrao Mohite College of Arts, Science and Commerce",Pune,Maharashtra
2017,College,151-200,,Aditya Degree College,Visakhapatnam,Andhra Pradesh
2017,College,151-200,,Balasaheb Desai College,Satara,Maharashtra
2017,College,151-200,,C.P. Patel & F.H. Shah Commerce College,Anand,Gujarat
2017,College,151-200,,Chaitanya Degree College for Women,Visakhapatnam,Andhra Pradesh
2017,College,151-200,,Chaitanya PG College,Warangal,Telangana
2017,College,151-200,,CSSR & SRRM Degree & PG College,Kamalapuram,Andhra Pradesh
2017,College,151-200,,D.B.F. Dayanand College of Arts & Science,Solapur,Maharashtra
2017,College,151-200,,Deogiri College,Aurangabad,Maharashtra
2017,College,151-200,,Digboi College,Tinsukia,Assam
2017,College,151-200,,Drg Government Degree College,Tadepalligudem,Andhra Pradesh
2017,College,151-200,,Government College for Men,Kurnool,Andhra Pradesh
2017,College,151-200,,Government Science College,Ahmedabad,Gujarat
2017,College,151-200,,Govt. College for Women,"Nawakadal, Srinagar",Jammu & Kashmir
2017,College,151-200,,Govt. Degree College,Chittoor,Andhra Pradesh
2017,College,151-200,,Govt. Gandhi Memorial Science College,Jammu,Jammu & Kashmir
2017,College,151-200,,H L College of Commerce,Ahmedabad,Gujarat
2017,College,151-200,,J.Z. Shah Arts & H.P. Desai Commerce College,Surat,Gujarat
2017,College,151-200,,Khowang College,Khowang Ghat,Assam
2017,College,151-200,,KLES`s Jagadguru Tontadarya College,Gadag,Karnataka
2017,College,151-200,,Lal Bhai Dalpathbhai Arts College,Ahmedabad,Gujarat
2017,College,151-200,,Mary Matha College of Arts & Science,Theni,Tamil Nadu
2017,College,151-200,,Maulana Azad College of Arts & Science & Commerce,Aurangabad,Maharashtra
2017,College,151-200,,MVR Degree College,Visakhapatnam,Andhra Pradesh
2017,College,151-200,,N.B.K.R. Arts & Science College,Nellor,Andhra Pradesh
2017,College,151-200,,Nanda Nath Saikia College,Jorhat,Assam
2017,College,151-200,,Nazira College,Sibsagar,Assam
2017,College,151-200,,P.S.C. & K.V.S.C. Govt. College,Kurnool,Andhra Pradesh
2017,College,151-200,,"Pravara Rural Education Society's Arts, Science and Commerece College",Ahmednagar,Maharashtra
2017,College,151-200,,R K Degree College,Vizianagaram,Andhra Pradesh
2017,College,151-200,,Raja Shripatrao Bhagawantrao Mahavidyalaya Aundh,Satara,Maharashtra
2017,College,151-200,,Rayat Shikshan Sanstha's Karmveer Bhaurao Patil College,New Mumbai,Maharashtra
2017,College,151-200,,S.A. Jain College,Ambala,Haryana
2017,College,151-200,,S.R.R. & C.V.R. Govt. Degree College,Krisna,Andhra Pradesh
2017,College,151-200,,S.V. Degree College,Cuddapah,Andhra Pradesh
2017,College,151-200,,Sandan Lal Sanwal Das Khanna Mahila Mahavidyalaya,Allahabad,Uttar Pradesh
2017,College,151-200,,Science College,Kokrajhar,Assam
2017,College,151-200,,Seethalakshmi Ramaswamy College,Tiruchirapalli,Tamil Nadu
2017,College,151-200,,Shiksha Mandal's Govindram Seksaria College of Commerce,Wardha,Maharashtra
2017,College,151-200,,"Shikshan Prasarak Sanstha`s Sangamner Nagarpalika Arts, D.J. Malpani Commerce and B.N. Sarda Science College",Ahmednagar,Maharashtra
2017,College,151-200,,Silapather College,Lakhimpur,Assam
2017,College,151-200,,Smt. Kasturbai Walchand College of Arts and Science,Sangli,Maharashtra
2017,College,151-200,,Sreepada Degree College,Visakhapatnam,Andhra Pradesh
2017,College,151-200,,Sri Murali Krishna Degree College,Visakhapatnam,Andhra Pradesh
2017,College,151-200,,St. Ann`s College for Women,Guntur,Andhra Pradesh
2017,College,151-200,,Suryadatta College of Management Information Research & Technology,Pune,Maharashtra
2017,College,151-200,,Tellakula JPS College,Guntur,Andhra Pradesh
2017,College,151-200,,Tinsukia College,Tinsukia,Assam
2017,College,151-200,,Yadaorao Poshattiwar Arts College,Talodhi,Maharashtra
2017,College,151-200,,Yashwantrao Chavan Warana Mahavidyalaya,Kolhapur,Maharashtra
2017,University,101-150,,Acharaya Nagarjuna University,Guntur,Andhra Pradesh
2017,University,101-150,,Ambedkar University Delhi (AUD),Delhi,Delhi
2017,University,101-150,,Avinashilingam Institute for Home Science & Higher Education for Women,Coimbatore,Tamil Nadu
2017,University,101-150,,Central University of Gujarat,Gandhinagar,Gujarat
2017,University,101-150,,Central University of Haryana,Mahendergarh,Haryana
2017,University,101-150,,Central University of Kashmir,Srinagar,Jammu And Kashmir
2017,University,101-150,,Central University of Kerala,Kasaragod,Kerala
2017,University,101-150,,Central University of Punjab,Bathinda,Punjab
2017,University,101-150,,Central University of Rajasthan,Bandar Sindri,Rajasthan
2017,University,101-150,,Chettinad Academy of Research and Education,Chennai,Tamil Nadu
2017,University,101-150,,Chitkara University,Rajpura,Punjab
2017,University,101-150,,Devi Ahilya Vishwavidyalaya,Indore,Madhya Pradesh
2017,University,101-150,,Dharmsinh Desai University,Nadiad,Gujarat
2017,University,101-150,,Dhirubhai Ambani Institute of Information and Communication Technology,Gandhinagar,Gujarat
2017,University,101-150,,Dr. Babasaheb Ambedkar Marathwada University,Aurangabad,Maharashtra
2017,University,101-150,,Dr. Harisingh Gour Vishwavidyalaya,Sagar,Madhya Pradesh
2017,University,101-150,,English & Foreign Languages University,Hyderabad,Telangana
2017,University,101-150,,Fakir Mohan University,Balasore,Odisha
2017,University,101-150,,Graphic Era University,Dehradun,Uttarakhand
2017,University,101-150,,Gujarat University,Ahmedabad,Gujarat
2017,University,101-150,,Guru Jambeshwar University of Science and Technology,Hissar,Haryana
2017,University,101-150,,Himachal Pradesh University,Shimla,Himachal Pradesh
2017,University,101-150,,Indraprastha Institute of Information Technology Delhi,New Delhi,Delhi
2017,University,101-150,,Jawaharlal Nehru Technological University,Anantapur,Andhra Pradesh
2017,University,101-150,,Kalasalingam Academy of Research and Higher Education,Srivilliputtur,Tamil Nadu
2017,University,101-150,,Kerala Veterinary & Animal Sciences University,Wayanad,Kerala
2017,University,101-150,,Kuvempu University,Gnana Sahyadri,Karnataka
2017,University,101-150,,Maharishi Markandeshwar University,Ambala,Haryana
2017,University,101-150,,Manipur University,Imphal,Manipur
2017,University,101-150,,Maulana Azad National Urdu University,Gachibowli,Telangana
2017,University,101-150,,Medi-Caps University,Indore,Madhya Pradesh
2017,University,101-150,,Mumbai University,Mumbai,Maharashtra
2017,University,101-150,,North Maharashtra University,Umavinagar,Maharashtra
2017,University,101-150,,Pt.Ravishankar Shukla University,Raipur,Chhattisgarh
2017,University,101-150,,Sant Longowal Institute of Engineering & Technology,Longowal,Punjab
2017,University,101-150,,Sardar Patel University,Anand,Gujarat
2017,University,101-150,,Saurashtra University,Rajkot,Gujarat
2017,University,101-150,,Shoolini University of Biotechnology and Management Sciences,Solan,Himachal Pradesh
2017,University,101-150,,Shri Mata Vaishno Devi University,Katra,Jammu And Kashmir
2017,University,101-150,,Sikkim Manipal University,Gangtok,Sikkim
2017,University,101-150,,Sri Chandrasekharendra Saraswathi Vishwa Mahavidyalaya,Kancheepuram,Tamil Nadu
2017,University,101-150,,Telangana University,Nizamabad,Telangana
2017,University,101-150,,The Northcap University,Gurgaon,Haryana
2017,University,101-150,,The Rashtrasant Tukadoji Maharaj Nagpur University,Nagpur,Maharashtra
2017,University,101-150,,University of Petroleum and Energy Studies,Dehradun,Uttarakhand
2017,University,101-150,,Utkal University,Bhubaneswar,Odisha
2017,University,101-150,,Vikram University,Ujjain,Madhya Pradesh
2017,University,101-150,,Vinayaka Mission`s Research Foundation,Salem,Tamil Nadu
2017,University,101-150,,Vinoba Bhave University,Hazaribagh,Jharkhand
2017,University,101-150,,Yenepoya University,Mangalore,Karnataka
2017,University,151-200,,AISECT University,Bhopal,Madhya Pradesh
2017,University,151-200,,Assam Don Bosco University,Azara,Assam
2017,University,151-200,,Berhampur University,Berhampur,Odisha
2017,University,151-200,,Central University of Himachal Pradesh,Dharamashala,Himachal Pradesh
2017,University,151-200,,Central University of Jammu,Jammu,Jammu & Kashmir
2017,University,151-200,,Central University of Karnataka,Gulbarga,Karnataka
2017,University,151-200,,Central University of Orissa,Koraput,Odisha
2017,University,151-200,,Central University of South Bihar,Patna,Bihar
2017,University,151-200,,Central University of Tamil Nadu,Tiruvarur,Tamil Nadu
2017,University,151-200,,Centurion University of Technolgy and Management,Paralakhemundi,Odisha
2017,University,151-200,,Chaudhary Devi Lal University Sirsa,Sirsa,Haryana
2017,University,151-200,,Christ University,Bengaluru,Karnataka
2017,University,151-200,,Deen Bandhu Chhotu Ram University of Sciences & Technology,Murthal,Haryana
2017,University,151-200,,Deen Dayal Upadhyay Gorakhpur University,Gorakhpur,Uttar Pradesh
2017,University,151-200,,Desh Bhagat University-Gobindgarh,Gobindgarh,Punjab
2017,University,151-200,,Dr. B. R. Ambedkar University,Etcherla,Andhra Pradesh
2017,University,151-200,,Dr. C.V. Raman University,Bilaspur,Chhattisgarh
2017,University,151-200,,Dravidian University,Kuppam,Andhra Pradesh
2017,University,151-200,,G L A University,Mathura,Uttar Pradesh
2017,University,151-200,,Ganpat University,Ganpat Vidyanagar,Gujarat
2017,University,151-200,,Guru Ghasidas Vishwavidyalaya,Bilaspur,Chhattisgarh
2017,University,151-200,,Hemwati Nandan Bahuguna Garhwal University,Garhwal,Uttarakhand
2017,University,151-200,,Hindustan Institute of Technology and Science,Chennai,Tamil Nadu
2017,University,151-200,,IIS University,Jaipur,Rajasthan
2017,University,151-200,,Jain Vishva Bharati Institute,Ladnun,Rajasthan
2017,University,151-200,,Krishna University,Machllipatanam,Andhra Pradesh
2017,University,151-200,,Lingaya`s University,Faridabad,Haryana
2017,University,151-200,,Maharaja Sayajirao University of Baroda,Vadodara,Gujarat
2017,University,151-200,,Makhanlal Chaturvedi National University of Journalism and Communication,Bhopal,Madhya Pradesh
2017,University,151-200,,Manav Rachna International Uniersity,Faridabad,Haryana
2017,University,151-200,,Manipal University,Jaipur,Rajasthan
2017,University,151-200,,Noorul Islam Centre for Higher Education,Kanyakumari,Tamil Nadu
2017,University,151-200,,North Eastern Regional Institute of Science & Technology,Itanagar,Arunachal Pradesh
2017,University,151-200,,Pandit Deendayal Petroleum University,Gandhinagar,Gujarat
2017,University,151-200,,Rabindra Bharati University,Kolkata,West Bengal
2017,University,151-200,,RGUKT- RK Valley,Idupulapaya,Andhra Pradesh
2017,University,151-200,,"Sam Higginbottom Institute of Agriculture, Technology & Sciences",Allahabad,Uttar Pradesh
2017,University,151-200,,Sant Gadge Baba Amravati University,Amaravati,Maharashtra
2017,University,151-200,,Sharda University,Greater Noida,Uttar Pradesh
2017,University,151-200,,Sikkim University,Gangtok,Sikkim
2017,University,151-200,,Sir Padmapat Singhania University,Udaipur,Rajasthan
2017,University,151-200,,Swami Ramanand Teerth Marathwada University,Nanded,Maharashtra
2017,University,151-200,,Teerthanker Mahaveer University,Moradabad,Uttar Pradesh
2017,University,151-200,,The Indira Gandhi National Tribal University,Amarkantak,Madhya Pradesh
2017,University,151-200,,The LNM Institute of Information Technology,Jaipur,Rajasthan
2017,University,151-200,,Tripura University,Agartala,Tripura
2017,University,151-200,,Uka Tarsadia University,Bardoli,Gujarat
2017,University,151-200,,University of Kota,Kota,Rajasthan
2017,University,151-200,,Univesity of Gour Banga,Malda,West Bengal
2017,University,151-200,,Yogi Vemana University,Kadapa,Andhra Pradesh
2018,Engineering,101-150,,Atal Bihari Vajpayee Indian Institute of Information Technology and Management,Gwalior,Madhya Pradesh
2018,Engineering,101-150,,Bansilal Ramnath Agarwal Charitable Trust`s Vishwakarama Institute of Technology,Pune,Maharashtra
2018,Engineering,101-150,,Bharatiya Vidya Bhavan`s Sardar Patel Institute of Technology,Mumbai,Maharashtra
2018,Engineering,101-150,,BMS Institute of Technology & Management,Bengaluru,Karnataka
2018,Engineering,101-150,,Chaitanya Bharathi Institute of Technology,Hyderabad,Telangana
2018,Engineering,101-150,,CVR College of Engineering,Ibrahimpatan,Telangana
2018,Engineering,101-150,,Dayananda Sagar College of Engineering,Bengaluru,Karnataka
2018,Engineering,101-150,,Dhirubhai Ambani Institute of Information and Communication Technology,Gandhinagar,Gujarat
2018,Engineering,101-150,,G. H. Raisoni College of Engineering,Nagpur,Maharashtra
2018,Engineering,101-150,,Galgotias College of Engineering & Technology,Greater Noida,Uttar Pradesh
2018,Engineering,101-150,,Gandhi Institute for Technological Advancement,Bhubaneswar,Odisha
2018,Engineering,101-150,,Graphic Era,Dehradun,Uttarakhand
2018,Engineering,101-150,,Heritage Institute of Technology,Kolkata,West Bengal
2018,Engineering,101-150,,Hindustan Institute of Technology  and Science,Chennai,Tamil Nadu
2018,Engineering,101-150,,Institute of Engineering & Management,Kolkata,West Bengal
2018,Engineering,101-150,,"Institute of Technology, Nirma University",Ahmedabad,Gujarat
2018,Engineering,101-150,,K. S. Rangasamy College of Technology,Tiruchengode,Tamil Nadu
2018,Engineering,101-150,,"Maharashtra Academy of Engineering and Educational Research, MIT College of Engineering",Pune,Maharashtra
2018,Engineering,101-150,,Maharashtra Institute of Technology,Pune,Maharashtra
2018,Engineering,101-150,,Mepco Schlenk Engineering College,Sivakasi,Tamil Nadu
2018,Engineering,101-150,,N. M. A. M. Institute of Technology,Nitte,Karnataka
2018,Engineering,101-150,,Narula Institute of Technology,Kolkata,West Bengal
2018,Engineering,101-150,,"National Institute of Food Technology, Enterprenurship & Management",Sonipat,Haryana
2018,Engineering,101-150,,National Institute of Technology Goa,Ponda,Goa
2018,Engineering,101-150,,National Institute of Technology Jamshedpur,Jamshedpur,Jharkhand
2018,Engineering,101-150,,National Institute of Technology Manipur,Manipur,Manipur
2018,Engineering,101-150,,National Institute of Technology Puducherry,Puducherry,Pondicherry
2018,Engineering,101-150,,PSNA College of Engineering and Technology,Dindigul,Tamil Nadu
2018,Engineering,101-150,,Rajalakshmi Engineering College,Chennai,Tamil Nadu
2018,Engineering,101-150,,RMK Engineering College,Chennai,Tamil Nadu
2018,Engineering,101-150,,Sant Longowal Institute of Engineering & Technology,Longowal,Punjab
2018,Engineering,101-150,,Saveetha Engineering College,Sriperumbudur,Tamil Nadu
2018,Engineering,101-150,,"School of Engineering, Cochin University of Science and Technology",Cochin,Kerala
2018,Engineering,101-150,,Shri Ramdeobaba College of Engineering and Management,Nagpur,Maharashtra
2018,Engineering,101-150,,Sona College of Technology,Salem,Tamil Nadu
2018,Engineering,101-150,,Sri Krishna College of Engineering and Technology,Coimbatore,Tamil Nadu
2018,Engineering,101-150,,Sri Ramakrishna Engineering College,Coimbatore,Tamil Nadu
2018,Engineering,101-150,,Sri Sairam Engineering College,Kancheepuram,Tamil Nadu
2018,Engineering,101-150,,Sri Venkateswara College of Engineering,Kancheepuram,Tamil Nadu
2018,Engineering,101-150,,St. Josephs College of Engineering,Kancheepuram,Tamil Nadu
2018,Engineering,101-150,,SVKM`s Narsee Monjee Institute of Management Studies,Mumbai,Maharashtra
2018,Engineering,101-150,,The Northcap University,Gurgaon,Haryana
2018,Engineering,101-150,,The Rashtrasant Tukadoji Maharaj Nagpur University,Nagpur,Maharashtra
2018,Engineering,101-150,,University Institute of Engineering and Technology,Chandigarh,Chandigarh
2018,Engineering,101-150,,University of Petroleum and Energy Studies,Dehradun,Uttarakhand
2018,Engineering,101-150,,Veer Surendra Sai University of Technology,Burla,Odisha
2018,Engineering,101-150,,"Vignan`s Foundation for Science, Technology and Research",Guntur,Andhra Pradesh
2018,Engineering,101-150,,VNR Vignana Jyothi Institute of Engineering & Technology,Hyderabad,Telangana
2018,Engineering,101-150,,Walchand College of Engineering,Sangli,Maharashtra
2018,Engineering,101-150,,Yeshwantrao Chavan College of Engineering,Nagpur,Maharashtra
2018,Engineering,151-200,,A. M. C. College of Engineering,Bengaluru,Karnataka
2018,Engineering,151-200,,Academy of Technology,Hooghly,West Bengal
2018,Engineering,151-200,,Bengal Institute of Technology,Kolkata,West Bengal
2018,Engineering,151-200,,Bhilai Institute of Technology,Durg,Chhattisgarh
2018,Engineering,151-200,,BNM Institute of Technology,Bengaluru,Karnataka
2018,Engineering,151-200,,Chitkara University,Rajpura,Punjab
2018,Engineering,151-200,,Dr. Mahalingam College of Engineering and Technology,Pollachi,Tamil Nadu
2018,Engineering,151-200,,E. G. S. Pillay Engineering College,Nagapattinam,Tamil Nadu
2018,Engineering,151-200,,G. L. Bajaj Institute of Technology and Management,Greater Noida,Uttar Pradesh
2018,Engineering,151-200,,Gayatri Vidya Parishad College of Engineering,Visakhapatnam,Andhra Pradesh
2018,Engineering,151-200,,Goka Raju Ranga Raju Institute of Engineering & Technology,Hyderabad,Telangana
2018,Engineering,151-200,,Haldia Institute of Technology,Haldia,West Bengal
2018,Engineering,151-200,,"Indian Institute of Information Technology, Design & Manufacturing, Kancheepuram",Chennai,Tamil Nadu
2018,Engineering,151-200,,JNTUA College of Engineering,Anantapur,Andhra Pradesh
2018,Engineering,151-200,,JSS Academy of Technical Education,Bengaluru,Karnataka
2018,Engineering,151-200,,K. J. Somaiya College of Engineering,Mumbai,Maharashtra
2018,Engineering,151-200,,Karpagam College of Engineering,Coimbatore,Tamil Nadu
2018,Engineering,151-200,,KIET Group of Institutions,Ghaziabad,Uttar Pradesh
2018,Engineering,151-200,,KLE Technological University,Dharwad,Karnataka
2018,Engineering,151-200,,KPR Institute of Engineering and Technology,Coimbatore,Tamil Nadu
2018,Engineering,151-200,,Lakshmi Narain College of Technology,Bhopal,Madhya Pradesh
2018,Engineering,151-200,,M. G. R. Educational and Research Institute,Chennai,Tamil Nadu
2018,Engineering,151-200,,Maharaja Sayajirao University of Baroda,Vadodara,Gujarat
2018,Engineering,151-200,,Maharaja Surajmal Institute of Technology,New Delhi,Delhi
2018,Engineering,151-200,,Maharshi Karve Stree Shikshan Samstha`s Cummins College of Engineering for Women,Pune,Maharashtra
2018,Engineering,151-200,,Malla Reddy Engineering College for Women,Hyderabad,Telangana
2018,Engineering,151-200,,Malnad College of Engineering,Hassan,Karnataka
2018,Engineering,151-200,,ManavRachna International Institute of Research & Studies,Faridabad,Haryana
2018,Engineering,151-200,,MLR Institute of Technology,Hyderabad,Telangana
2018,Engineering,151-200,,Muffakham Jah College of Engineering and Technology,Hyderabad,Telangana
2018,Engineering,151-200,,National Engineering College,Kovilpatti,Tamil Nadu
2018,Engineering,151-200,,National Institute of Technology Patna,Patna,Bihar
2018,Engineering,151-200,,Pimpri Chinchwad College of Engineering,Pune,Maharashtra
2018,Engineering,151-200,,Prasad V. Potluri Siddhartha Institue of Technology,Vijayawada,Andhra Pradesh
2018,Engineering,151-200,,R. M. D. Engineering College,Thiruvallur,Tamil Nadu
2018,Engineering,151-200,,R. V. R. & J. C. College of Engineering,Guntur,Andhra Pradesh
2018,Engineering,151-200,,Ramrao Adik Institute of Technology,Navi Mumbai,Maharashtra
2018,Engineering,151-200,,Sardar Patel College of Engineering,Mumbai,Maharashtra
2018,Engineering,151-200,,Shri Vishnu Engineering College for Women,Bhimavaram,Andhra Pradesh
2018,Engineering,151-200,,Sri Jayachamarajendra College of Engineering,Mysore,Karnataka
2018,Engineering,151-200,,Sri Krishna College of Technology,Coimbatore,Tamil Nadu
2018,Engineering,151-200,,Sri Sai Ram Institute of Technology,Chennai,Tamil Nadu
2018,Engineering,151-200,,Sri Venkateswara College of Engineering and Technology,Chittoor,Andhra Pradesh
2018,Engineering,151-200,,T. K. M. College of Engineering,Kollam,Kerala
2018,Engineering,151-200,,The National Institute of Engineering,Mysore,Karnataka
2018,Engineering,151-200,,Vardhaman College of Engineering,Rangareddy,Telangana
2018,Engineering,151-200,,Vasavi College of Engineering,Hyderabad,Telangana
2018,Engineering,151-200,,Vel Tech Multi Tech Dr. Rangarajan Dr. Sakunthala Engineering College,Morai,Tamil Nadu
2018,Engineering,151-200,,Velagapudi Ramakrishna Siddhartha Engineering College,Vijayawada,Andhra Pradesh
2018,Engineering,151-200,,Vishwakarma Institute of Information Technology,Pune,Maharashtra
2018,Engineering,151-200,,YMCA University of Science & Tech,Faridabad,Haryana
2018,Overall,101-150,,Anand Agricultural University,Anand,Gujarat
2018,Overall,101-150,,Annamalai University,Annamalainagar,Tamil Nadu
2018,Overall,101-150,,Assam University,Silchar,Assam
2018,Overall,101-150,,Bidhan Chandra Krishi Vishwavidyalaya,Nadia,West Bengal
2018,Overall,101-150,,Calicut University,Malappuram,Kerala
2018,Overall,101-150,,Coimbatore Institute of Technology,Coimbatore,Tamil Nadu
2018,Overall,101-150,,College of Arts & Commerce,Visakhapatnam,Andhra Pradesh
2018,Overall,101-150,,College of Science & Technology,Visakhapatnam,Andhra Pradesh
2018,Overall,101-150,,D. Y. Patil Educational Society,Kolhapur,Maharashtra
2018,Overall,101-150,,Dibrugarh University,Dibrugarh,Assam
2018,Overall,101-150,,Dr. Y. S. Parmar University of Horticulture and Forestry,Solan,Himachal Pradesh
2018,Overall,101-150,,Gandhi Institute of Technology and Management,Visakhapatnam,Andhra Pradesh
2018,Overall,101-150,,Guru Gobind Singh Indraprastha University,New Delhi,Delhi
2018,Overall,101-150,,ICFAI Foundation for Higher Education,Hyderabad,Telangana
2018,Overall,101-150,,International Institute of Information Technology,Hyderabad,Telangana
2018,Overall,101-150,,Jaypee Institute of Information Technology,Noida,Uttar Pradesh
2018,Overall,101-150,,Jaypee University of Information Technology,Solan,Himachal Pradesh
2018,Overall,101-150,,Junagadh Agricultural University,Junagadh,Gujarat
2018,Overall,101-150,,Kalyani University,Kalyani,West Bengal
2018,Overall,101-150,,Karpagam Academy of Higher Education,Coimbatore,Tamil Nadu
2018,Overall,101-150,,Karunya Institute of Technology and Sciences,Coimbatore,Tamil Nadu
2018,Overall,101-150,,Kumaraguru College of Technology,Coimbatore,Tamil Nadu
2018,Overall,101-150,,Kurukshetra University,Kurukshetra,Haryana
2018,Overall,101-150,,Kuvempu University,Shimoga,Karnataka
2018,Overall,101-150,,Maharshi Dayanand University,Rohtak,Haryana
2018,Overall,101-150,,Malviya National Institute of Technology,Jaipur,Rajasthan
2018,Overall,101-150,,Maulana Azad National Institute of Technology,Bhopal,Madhya Pradesh
2018,Overall,101-150,,Meenakshi Academy of Higher Education and Research,Chennai,Tamil Nadu
2018,Overall,101-150,,Mizoram University,Aizwal,Mizoram
2018,Overall,101-150,,Mysore University,Mysore,Karnataka
2018,Overall,101-150,,Nagaland University,Zunheboto,Nagaland
2018,Overall,101-150,,National Institute of Technology Durgapur,Durgapur,West Bengal
2018,Overall,101-150,,National Institute of Technology Hamirpur,Hamirpur,Himachal Pradesh
2018,Overall,101-150,,National Institute of Technology Silchar,Silchar,Assam
2018,Overall,101-150,,Nirma University,Ahmedabad,Gujarat
2018,Overall,101-150,,NITTE,Mangalore,Karnataka
2018,Overall,101-150,,Orissa University of Agriculture & Technology,Khordha,Odisha
2018,Overall,101-150,,Periyar University,Salem,Tamil Nadu
2018,Overall,101-150,,PES University,Bengaluru,Karnataka
2018,Overall,101-150,,Professor Jayashankar Telangana State Agricultural University,Hyderabad,Telangana
2018,Overall,101-150,,Rajiv Gandhi University,Itanagar,Arunachal Pradesh
2018,Overall,101-150,,Shivaji University,Kolhapur,Maharashtra
2018,Overall,101-150,,Sri Balaji Vidyapeeth Mahatma Gandhi Medical College Campus,Puducherry,Pondicherry
2018,Overall,101-150,,Sri Sathya Sai Institute of Higher Learning,Anantapur,Andhra Pradesh
2018,Overall,101-150,,The Gandhigram Rural Institute,Gandhigram,Tamil Nadu
2018,Overall,101-150,,The University of Burdwan,Barddhaman,West Bengal
2018,Overall,101-150,,Utkal University,Bhubaneswar,Odisha
2018,Overall,101-150,,Vesveswaraiah Technological University,Belgaum,Karnataka
2018,Overall,101-150,,Yenepoya,Mangalore,Karnataka
2018,Overall,101-150,,Yenepoya Medical College,Mangaluru,Karnataka
2018,Overall,151-200,,B. S. Abdur Rahman Institute of Science and Technology,Chennai,Tamil Nadu
2018,Overall,151-200,,Bannari Amman Institute of Technology,Sathyamangalam,Tamil Nadu
2018,Overall,151-200,,Central University of Kerala,Kasaragod,Kerala
2018,Overall,151-200,,Central University of Rajasthan,Bandar Sindri,Rajasthan
2018,Overall,151-200,,Chaitanya Bharathi Institute of Technology,Hyderabad,Telangana
2018,Overall,151-200,,Charotar University of Science & Technology,Changa,Gujarat
2018,Overall,151-200,,Chaudhary Sarwan Kumar Himachal Pardesh Krishi Vishvavidyalaya,Kangra,Himachal Pradesh
2018,Overall,151-200,,Dhirubhai Ambani Institute of Information and Communication Technology,Gandhinagar,Gujarat
2018,Overall,151-200,,Dr. B. R. Ambedkar National Institute of Technology,Jalandhar,Punjab
2018,Overall,151-200,,English & Foreign Languages University,Hyderabad,Telangana
2018,Overall,151-200,,G. H. Raisoni College of Engineering,Nagpur,Maharashtra
2018,Overall,151-200,,Government College of Technology,Coimbatore,Tamil Nadu
2018,Overall,151-200,,Graphic Era,Dehradun,Uttarakhand
2018,Overall,151-200,,Gujarat University,Ahmedabad,Gujarat
2018,Overall,151-200,,Guru Jambheshwar University of Science and Technology,Hisar,Haryana
2018,Overall,151-200,,Hindustan Institute of Technology  and Science,Chennai,Tamil Nadu
2018,Overall,151-200,,Institute of Engineering & Management,Kolkata,West Bengal
2018,Overall,151-200,,Institute of Management Technology,Ghaziabad,Uttar Pradesh
2018,Overall,151-200,,Jawaharlal Nehru Technological University,Kakinada,Andhra Pradesh
2018,Overall,151-200,,Kakatiya University,Hanamkonda,Telangana
2018,Overall,151-200,,Lakshmi Narain College of Technology,Bhopal,Madhya Pradesh
2018,Overall,151-200,,Mangalore University,Mangalagangotri,Karnataka
2018,Overall,151-200,,Maulana Azad National Urdu University,Gachibowli,Telangana
2018,Overall,151-200,,National Institute of Industrial Engineering,Mumbai,Maharashtra
2018,Overall,151-200,,National Institute of Technology Raipur,Raipur,Chhattisgarh
2018,Overall,151-200,,Navsari Agricultural University,Navsari,Gujarat
2018,Overall,151-200,,Pravara Institute of Medical Sciences,Ahmednagar,Maharashtra
2018,Overall,151-200,,Presidency University,Kolkata,West Bengal
2018,Overall,151-200,,Punjabi University,Patiala,Punjab
2018,Overall,151-200,,Rajasthan University,Jaipur,Rajasthan
2018,Overall,151-200,,RMK Engineering College,Chennai,Tamil Nadu
2018,Overall,151-200,,Sagi Ramakrishnam Raju Engineering College,Bhimavaram,Andhra Pradesh
2018,Overall,151-200,,Sant Longowal Institute of Engineering & Technology,Longowal,Punjab
2018,Overall,151-200,,Saurashtra University,Rajkot,Gujarat
2018,Overall,151-200,,Saveetha Engineering College,Sriperumbudur,Tamil Nadu
2018,Overall,151-200,,Shri Mata Vaishno Devi University,Katra,Jammu and Kashmir
2018,Overall,151-200,,Shri Ramdeobaba College of Engineering and Management,Nagpur,Maharashtra
2018,Overall,151-200,,Sikkim Manipal University,Gangtok,Sikkim
2018,Overall,151-200,,Sona College of Technology,Salem,Tamil Nadu
2018,Overall,151-200,,Sri Krishna College of Engineering and Technology,Coimbatore,Tamil Nadu
2018,Overall,151-200,,Sri Krishnadevaraya University,Anantapur,Andhra Pradesh
2018,Overall,151-200,,Sri Sairam Engineering College,Kancheepuram,Tamil Nadu
2018,Overall,151-200,,Sri Venkateswara Veterinary University,Tirupati,Andhra Pradesh
2018,Overall,151-200,,University College of Engingeering,Kakinada,Andhra Pradesh
2018,Overall,151-200,,University of Allahabad,Allahabad,Uttar Pradesh
2018,Overall,151-200,,University of Petroleum and Energy Studies,Dehradun,Uttarakhand
2018,Overall,151-200,,Vel Tech Rangarajan Dr. Sagunthala R & D Institute of Science and Technology,Chennai,Tamil Nadu
2018,Overall,151-200,,Vidyasagar University,Midnapore,West Bengal
2018,Overall,151-200,,"Vignan`s Foundation for Science, Technology and Research",Guntur,Andhra Pradesh
2018,Overall,151-200,,Yeshwantrao Chavan College of Engineering,Nagpur,Maharashtra
2018,College,101-150,,A. V. C. College,Nagapattinam,Tamil Nadu
2018,College,101-150,,Arul Anandar College,Madurai,Tamil Nadu
2018,College,101-150,,Aryabhatta College,Delhi,Delhi
2018,College,101-150,,C. M. S. College,Kottayam,Kerala
2018,College,101-150,,D. A. V. College,Chandigarh,Chandigarh
2018,College,101-150,,Delhi School of Professional Studies and Research,Delhi,Delhi
2018,College,101-150,,"Dr. Gafoor Memorial Mes Mampad College, Mampad",Malappuram,Kerala
2018,College,101-150,,Farook College,Kozhikode,Kerala
2018,College,101-150,,Fatima Mata National College,Kollam,Kerala
2018,College,101-150,,Gayatri Vidya Parishad College for Degree and P. G. Courses,Visakapatnam,Andhra Pradesh
2018,College,101-150,,Government Arts College,Karur,Tamil Nadu
2018,College,101-150,,Guru Nanak College,Chennai,Tamil Nadu
2018,College,101-150,,HHMSPB NSS College for Women,Thiruvananthapuram,Kerala
2018,College,101-150,,Holy Cross College,Kanyakumari,Tamil Nadu
2018,College,101-150,,Indira Gandhi College of Arts and Science,Puducherry,Pondicherry
2018,College,101-150,,Institute of Innovation In Technology & Management,Delhi,Delhi
2018,College,101-150,,Justice Basher Ahmed Sayeed College for Women,Chennai,Tamil Nadu
2018,College,101-150,,Khadir Mohideen College,Adirampattinam,Tamil Nadu
2018,College,101-150,,Loyala Academy,Hyderabad,Telangana
2018,College,101-150,,M. G. Science Institute,Ahmedabad,Gujarat
2018,College,101-150,,M. O. P. Vaishnav College for Women,Chennai,Tamil Nadu
2018,College,101-150,,Meenakshi College for Women,Chennai,Tamil Nadu
2018,College,101-150,,Mercy College,Palakkad,Kerala
2018,College,101-150,,MES Keveeyam College,Valanchary,Kerala
2018,College,101-150,,MES Ponnani College,Malappuram,Kerala
2018,College,101-150,,Midnapore College,Paschim Medinipur,West Bengal
2018,College,101-150,,N. G. M. College,Coimbatore,Tamil Nadu
2018,College,101-150,,N. S. S. Hindu College,Changanacherry,Kerala
2018,College,101-150,,Nanjil Catholic College of Arts and Science,Kanniyakumari,Tamil Nadu
2018,College,101-150,,New College,Chennai,Tamil Nadu
2018,College,101-150,,Nirmala College for Women,Coimbatore,Tamil Nadu
2018,College,101-150,,Pachhunga University College,Aizawl,Mizoram
2018,College,101-150,,Ponda Education Society`s Shri Ravi S. Naik College of Arts & Science,North Goa,Goa
2018,College,101-150,,Post Graduate Government College for Girls,Chandigarh,Chandigarh
2018,College,101-150,,Providence Womens College,Kozhikode,Kerala
2018,College,101-150,,Quaid E Milleth Govt College for Women,Chennai,Tamil Nadu
2018,College,101-150,,SDNB Vaishnav College,Chennai,Tamil Nadu
2018,College,101-150,,Shri M. V. & Smt. N. V. Virani Science College,Rajkot,Gujarat
2018,College,101-150,,Smt. Parvatibai Chowgule Cultural Foundation`s College of Arts & Science Fatorda,South Goa,Goa
2018,College,101-150,,Sonapur College,Kamrup,Assam
2018,College,101-150,,Sree Ayyappa College for Women,Nagercoil,Tamil Nadu
2018,College,101-150,,Sri Aurobindo College (Eve.),Delhi,Delhi
2018,College,101-150,,Sri Guru Nanak Dev Khalsa College,Delhi,Delhi
2018,College,101-150,,Sri Ramakrishna College of Arts & Science for Women,Coimbatore,Tamil Nadu
2018,College,101-150,,St. Alberts College,Ernakulam,Kerala
2018,College,101-150,,St. Francis College for Women,Hyderabad,Telangana
2018,College,101-150,,St. Pius X College,Dist. Kasargod,Kerala
2018,College,101-150,,Tagore Arts College,Puducherry,Pondicherry
2018,College,101-150,,U. C. College,Ernakulam,Kerala
2018,College,101-150,,Vivekananda College,Madurai,Tamil Nadu
2018,College,151-200,,A. V. V. M. Sri Pushpam College,Thiruvarur,Tamil Nadu
2018,College,151-200,,Aditi Mahavidyalaya,Delhi,Delhi
2018,College,151-200,,Assumption College,Kottayam,Kerala
2018,College,151-200,,Auxilium College,Vellore,Tamil Nadu
2018,College,151-200,,Bahona College,Jorhat,Assam
2018,College,151-200,,Bahuddin Govt. Science College,Junagadh,Gujarat
2018,College,151-200,,"Bharathiya Vidya Bhavan`s Vivekananda College of Science, Humanities & Commerce",Secunderabad,Telangana
2018,College,151-200,,Catholicate College,Pathanamthitta,Kerala
2018,College,151-200,,Cauvery College for Women,Tiruchirappalli,Tamil Nadu
2018,College,151-200,,Chikkanna Govt Arts College,Tiruppur,Tamil Nadu
2018,College,151-200,,Dempo Charities Trust Dhempe College of Arts & Science Miramar,North Goa,Goa
2018,College,151-200,,Deogiri College,Aurangabad,Maharashtra
2018,College,151-200,,Dispur College,Kamrup,Assam
2018,College,151-200,,Dr. V. S. Krishna Govt. Degree College,Visakhapatnam,Andhra Pradesh
2018,College,151-200,,G. Venkataswamy Naidu College,Thoothukkudi,Tamil Nadu
2018,College,151-200,,Gobi Arts & Science College,Erode,Tamil Nadu
2018,College,151-200,,Government Arts College,Cuddalore,Tamil Nadu
2018,College,151-200,,Govindammal Aditanar College,Thoothukkudi,Tamil Nadu
2018,College,151-200,,Govt. Degree College for Women,Guntur,Andhra Pradesh
2018,College,151-200,,Jeyaraj Annapackiyam College for Women,Theni,Tamil Nadu
2018,College,151-200,,"K. T. H. M. Arts, Science and Commerce College and Research Centre",Nashik,Maharashtra
2018,College,151-200,,Kuriakose Elias College,Kottayam,Kerala
2018,College,151-200,,Lakhimpur Girls College,Lakhimpur,Assam
2018,College,151-200,,Little Flower College,Trichur,Kerala
2018,College,151-200,,LRG Government Arts College for Women,Tiruppur,Tamil Nadu
2018,College,151-200,,M. D. K. Girls` College,Dibrugarh,Assam
2018,College,151-200,,M. S. Ramaiah Fgc,Bengaluru,Karnataka
2018,College,151-200,,Malankara Catholic College,Kanniyakumari,Tamil Nadu
2018,College,151-200,,Mar Athanasius College,Kothamangalam,Kerala
2018,College,151-200,,Nesamony Memorial Christian College,Kanniyakumari,Tamil Nadu
2018,College,151-200,,"Nirmala College, Muvattupuzha",Ernakulam,Kerala
2018,College,151-200,,North Lakhimpur College,Lakhimpur,Assam
2018,College,151-200,,Presidency College,Bengaluru,Karnataka
2018,College,151-200,,Rani Anna Government College for Women,Tirunelveli,Tamil Nadu
2018,College,151-200,,Sacred Heart College,Tirupattur,Tamil Nadu
2018,College,151-200,,Seethalakshmi Ramaswamy College,Tiruchirapalli,Tamil Nadu
2018,College,151-200,,Shri Shankarlal Sundarbai Shasun Jain College for Women,Chennai,Tamil Nadu
2018,College,151-200,,Shri Vile Parle Kelvani Mandal`s Mithibai College of Arts Chauhan Institute of Science and Amrutben Jivanlal College of Commerce and Economics,Mumbai,Maharashtra
2018,College,151-200,,Shyam Lal College (Eve.),Delhi,Delhi
2018,College,151-200,,Sikkim Government College,Tadong,Sikkim
2018,College,151-200,,Sree Saraswathi Thiagaraja College,Coimbatore,Tamil Nadu
2018,College,151-200,,Sri Dharmasthala Manjunatheshwara College,Ujire,Karnataka
2018,College,151-200,,Sri Guru Gobind Singh College of Commerce,Delhi,Delhi
2018,College,151-200,,Sri GVG Visalakshi College for Women,Tiruppur,Tamil Nadu
2018,College,151-200,,Sri Pratap College,Srinagar,Jammu and Kashmir
2018,College,151-200,,Sri Ramakrishna College of Arts and Science,Coimbatore,Tamil Nadu
2018,College,151-200,,"Sri Vivekananda College of Arts, Science & Commerce",Puttur,Karnataka
2018,College,151-200,,St. Mary`s College,Dist. Trichur,Kerala
2018,College,151-200,,St. Philomena College,Puttur,Karnataka
2018,College,151-200,,Symbiosis College of Arts and Commerce,Pune,Maharashtra
2018,University,101-150,,Annamalai University,Annamalainagar,Tamil Nadu
2018,University,101-150,,B. S. Abdur Rahman Institute of Science and Technology,Chennai,Tamil Nadu
2018,University,101-150,,Central University of Kerala,Kasaragod,Kerala
2018,University,101-150,,Central University of Rajasthan,Bandar Sindri,Rajasthan
2018,University,101-150,,Charotar University of Science & Technology,Changa,Gujarat
2018,University,101-150,,Chaudhary Sarwan Kumar Himachal Pardesh Krishi Vishvavidyalaya,Kangra,Himachal Pradesh
2018,University,101-150,,Dhirubhai Ambani Institute of Information and Communication Technology,Gandhinagar,Gujarat
2018,University,101-150,,Dr. Babasaheb Ambedkar Marathwada University,Aurangabad,Maharashtra
2018,University,101-150,,English & Foreign Languages University,Hyderabad,Telangana
2018,University,101-150,,Graphic Era,Dehradun,Uttarakhand
2018,University,101-150,,Gujarat University,Ahmedabad,Gujarat
2018,University,101-150,,Guru Jambheshwar University of Science and Technology,Hisar,Haryana
2018,University,101-150,,Hindustan Institute of Technology  and Science,Chennai,Tamil Nadu
2018,University,101-150,,ICFAI Foundation for Higher Education,Hyderabad,Telangana
2018,University,101-150,,Indraprastha Institute of Information Technology Delhi,New Delhi,Delhi
2018,University,101-150,,Jawaharlal Nehru Technological University,Kakinada,Andhra Pradesh
2018,University,101-150,,Jaypee University of Information Technology,Solan,Himachal Pradesh
2018,University,101-150,,Junagadh Agricultural University,Junagadh,Gujarat
2018,University,101-150,,Kakatiya University,Hanamkonda,Telangana
2018,University,101-150,,Karpagam Academy of Higher Education,Coimbatore,Tamil Nadu
2018,University,101-150,,Kerala Veterinary & Animal Sciences University,Wayanad,Kerala
2018,University,101-150,,KLE Technological University,Dharwad,Karnataka
2018,University,101-150,,Mangalore University,Mangalagangotri,Karnataka
2018,University,101-150,,Manipur University,Imphal,Manipur
2018,University,101-150,,Maulana Azad National Urdu University,Gachibowli,Telangana
2018,University,101-150,,Mysore University,Mysore,Karnataka
2018,University,101-150,,Navsari Agricultural University,Navsari,Gujarat
2018,University,101-150,,Pravara Institute of Medical Sciences,Ahmednagar,Maharashtra
2018,University,101-150,,Presidency University,Kolkata,West Bengal
2018,University,101-150,,Pt. Ravishankar Shukla University,Raipur,Chhattisgarh
2018,University,101-150,,Punjabi University,Patiala,Punjab
2018,University,101-150,,Rajasthan University,Jaipur,Rajasthan
2018,University,101-150,,Rajasthan University of Veterinary & Animal Sciences,Bikaner,Rajasthan
2018,University,101-150,,Rajiv Gandhi University,Itanagar,Arunachal Pradesh
2018,University,101-150,,Sant Longowal Institute of Engineering & Technology,Longowal,Punjab
2018,University,101-150,,Sardarkrushinagar Dantiwada Agricultural University,Banaskantha,Gujarat
2018,University,101-150,,Saurashtra University,Rajkot,Gujarat
2018,University,101-150,,Shivaji University,Kolhapur,Maharashtra
2018,University,101-150,,Shoolini University of Biotechnology and Management Sciences,Solan,Himachal Pradesh
2018,University,101-150,,Shri Mata Vaishno Devi University,Katra,Jammu and Kashmir
2018,University,101-150,,Sikkim Manipal University,Gangtok,Sikkim
2018,University,101-150,,Sri Krishnadevaraya University,Anantapur,Andhra Pradesh
2018,University,101-150,,Sri Venkateswara Veterinary University,Tirupati,Andhra Pradesh
2018,University,101-150,,University of Allahabad,Allahabad,Uttar Pradesh
2018,University,101-150,,University of Petroleum and Energy Studies,Dehradun,Uttarakhand
2018,University,101-150,,Utkal University,Bhubaneswar,Odisha
2018,University,101-150,,Vel Tech Rangarajan Dr. Sagunthala R & D Institute of Science and Technology,Chennai,Tamil Nadu
2018,University,101-150,,Vesveswaraiah Technological University,Belgaum,Karnataka
2018,University,101-150,,Vidyasagar University,Midnapore,West Bengal
2018,University,101-150,,"Vignan`s Foundation for Science, Technology and Research",Guntur,Andhra Pradesh
2018,University,151-200,,Acharaya Nagarjuna University,Guntur,Andhra Pradesh
2018,University,151-200,,Acharya N G Ranga Agricultural University,Guntur,Andhra Pradesh
2018,University,151-200,,Ambedkar University Delhi,Delhi,Delhi
2018,University,151-200,,Amity University,Jaipur,Rajasthan
2018,University,151-200,,Avinashilingam Institute for Home Science & Higher Education for Women,Coimbatore,Tamil Nadu
2018,University,151-200,,Central University of Jammu,Jammu,Jammu and Kashmir
2018,University,151-200,,Central University of Kashmir,Srinagar,Jammu and Kashmir
2018,University,151-200,,Central University of South Bihar,Patna,Bihar
2018,University,151-200,,Central University of Tamil Nadu,Tiruvarur,Tamil Nadu
2018,University,151-200,,Chettinad Academy of Research and Education,Chennai,Tamil Nadu
2018,University,151-200,,Chitkara University,Rajpura,Punjab
2018,University,151-200,,Chitkara University,Solan,Himachal Pradesh
2018,University,151-200,,Devi Ahilya Vishwavidyalaya,Indore,Madhya Pradesh
2018,University,151-200,,Dharmsinh Desai University,Nadiad,Gujarat
2018,University,151-200,,DIT University,Dehradun,Uttarakhand
2018,University,151-200,,Dr. Harisingh Gour Vishwavidyalaya,Sagar,Madhya Pradesh
2018,University,151-200,,Fakir Mohan University,Balasore,Odisha
2018,University,151-200,,G. L. A. University,Mathura,Uttar Pradesh
2018,University,151-200,,Gulbarga University,Gulbarga,Karnataka
2018,University,151-200,,Guru Ghasidas Vishwavidyalaya,Bilaspur,Chhattisgarh
2018,University,151-200,,Himachal Pradesh University,Shimla,Himachal Pradesh
2018,University,151-200,,Integral University,Lucknow,Uttar Pradesh
2018,University,151-200,,Jawaharlal Nehru Technological University,Anantapur,Andhra Pradesh
2018,University,151-200,,Jaypee University of Engeenering & Technology,Guna,Madhya Pradesh
2018,University,151-200,,Kalasalingam Academy of Research and Higher Education,Srivilliputtur,Tamil Nadu
2018,University,151-200,,Karnataka University,Dharwad,Karnataka
2018,University,151-200,,Lingaya`s Vidyapeeth,Faridabad,Haryana
2018,University,151-200,,M. G. R. Educational and Research Institute,Chennai,Tamil Nadu
2018,University,151-200,,M. S. Ramaiah University of Applied Sciences,Bengaluru,Karnataka
2018,University,151-200,,Maharishi Markandeshwar,Ambala,Haryana
2018,University,151-200,,ManavRachna International Institute of Research & Studies,Faridabad,Haryana
2018,University,151-200,,Manipal University,Jaipur,Rajasthan
2018,University,151-200,,Manonmaniam Sundaranar University,Tirunelveli,Tamil Nadu
2018,University,151-200,,Mumbai University,Mumbai,Maharashtra
2018,University,151-200,,North Maharashtra University,Umavinagar,Maharashtra
2018,University,151-200,,Pandit Deendayal Petroleum University,Gandhinagar,Gujarat
2018,University,151-200,,Sambalpur University,Sambalpur,Odisha
2018,University,151-200,,Sardar Patel University,Anand,Gujarat
2018,University,151-200,,Sharda University,Greater Noida,Uttar Pradesh
2018,University,151-200,,Sikkim University,Gangtok,Sikkim
2018,University,151-200,,Sri Chandrasekharendra Saraswathi Vishwa Mahavidyalaya,Kancheepuram,Tamil Nadu
2018,University,151-200,,Sri Padmavathi Mahila Visva Vidyalayam,Tirupathi,Andhra Pradesh
2018,University,151-200,,Telangana University,Nizamabad,Telangana
2018,University,151-200,,The LNM Institute of Information Technology,Jaipur,Rajasthan
2018,University,151-200,,The Northcap University,Gurgaon,Haryana
2018,University,151-200,,The Rashtrasant Tukadoji Maharaj Nagpur University,Nagpur,Maharashtra
2018,University,151-200,,Tripura University,Agartala,Tripura
2018,University,151-200,,Veer Surendra Sai University of Technology,Burla,Odisha
2018,University,151-200,,Xavier University,Bhuabaneswar,Odisha
2018,University,151-200,,Yogi Vemana University,Kadapa,Andhra Pradesh
2019,Overall,101-150,,Annamalai University,Annamalainagar,Tamil Nadu
2019,Overall,101-150,,Assam University,Silchar,Assam
2019,Overall,101-150,,Central University of Kerala,Kasaragod,Kerala
2019,Overall,101-150,,Central University of Punjab,Bathinda,Punjab
2019,Overall,101-150,,D. Y. Patil Educational Society,Kolhapur,Maharashtra
2019,Overall,101-150,,Dayalbagh Educational Institute,Agra,Uttar Pradesh
2019,Overall,101-150,,Dibrugarh University,Dibrugarh,Assam
2019,Overall,101-150,,Dr. Babasaheb Ambedkar Marathwada University,Aurangabad,Maharashtra
2019,Overall,101-150,,Dr. Y. S. Parmar University of Horticulture and Forestry,Solan,Himachal Pradesh
2019,Overall,101-150,,Gandhi Institute of Technology and Management,Visakhapatnam,Andhra Pradesh
2019,Overall,101-150,,Goa University,Goa,Goa
2019,Overall,101-150,,Gujarat University,Ahmedabad,Gujarat
2019,Overall,101-150,,International Institute of Information Technology Hyderabad,Hyderabad,Telangana
2019,Overall,101-150,,Jawaharlal Nehru Technological University,Anantapur,Andhra Pradesh
2019,Overall,101-150,,Junagadh Agricultural University,Junagadh,Gujarat
2019,Overall,101-150,,Kalyani University,Kalyani,West Bengal
2019,Overall,101-150,,Karunya Institute of Technology and Sciences,Coimbatore,Tamil Nadu
2019,Overall,101-150,,Kumaraguru College of Technology,Coimbatore,Tamil Nadu
2019,Overall,101-150,,Kurukshetra University,Kurukshetra,Haryana
2019,Overall,101-150,,Kuvempu University,Shimoga,Karnataka
2019,Overall,101-150,,Lovely Professional University,Phagwara,Punjab
2019,Overall,101-150,,Maharshi Dayanand University,Rohtak,Haryana
2019,Overall,101-150,,Malviya National Institute of Technology,Jaipur,Rajasthan
2019,Overall,101-150,,Mangalore University,Mangalagangotri,Karnataka
2019,Overall,101-150,,Manonmaniam Sundaranar University,Tirunelveli,Tamil Nadu
2019,Overall,101-150,,Maulana Azad National Institute of Technology,Bhopal,Madhya Pradesh
2019,Overall,101-150,,Meenakshi Academy of Higher Education and Research,Chennai,Tamil Nadu
2019,Overall,101-150,,Mizoram University,Aizawl,Mizoram
2019,Overall,101-150,,Mumbai University,Mumbai,Maharashtra
2019,Overall,101-150,,Nagaland University,Zunheboto,Nagaland
2019,Overall,101-150,,National Institute of Technology Hamirpur,Hamirpur,Himachal Pradesh
2019,Overall,101-150,,National Institute of Technology Raipur,Raipur,Chhattisgarh
2019,Overall,101-150,,National Institute of Technology Silchar,Silchar,Assam
2019,Overall,101-150,,Orissa University of Agriculture & Technology,Khordha,Odisha
2019,Overall,101-150,,Padmashree Dr. D. Y. Patil Vidyapeeth,Mumbai,Maharashtra
2019,Overall,101-150,,PES University,Bengaluru,Karnataka
2019,Overall,101-150,,Professor Jayashankar Telangana State Agricultural University,Hyderabad,Telangana
2019,Overall,101-150,,Rajiv Gandhi University,Itanagar,Arunachal Pradesh
2019,Overall,101-150,,School of Planning and Architecture New Delhi,New Delhi,Delhi
2019,Overall,101-150,,Shri Mata Vaishno Devi University,Katra,Jammu and Kashmir
2019,Overall,101-150,,Sri Balaji Vidyapeeth Mahatma Gandhi Medical College Campus,Puducherry,Pondicherry
2019,Overall,101-150,,Sri Sathya Sai Institute of Higher Learning,Anantapur,Andhra Pradesh
2019,Overall,101-150,,Sri Venkateswara Institute of Medical Sciences,Tirupati,Andhra Pradesh
2019,Overall,101-150,,The Gandhigram Rural Institute,Gandhigram,Tamil Nadu
2019,Overall,101-150,,The University of Burdwan,Barddhaman,West Bengal
2019,Overall,101-150,,Thiagarajar College of Engineering,Madurai,Tamil Nadu
2019,Overall,101-150,,University of Agricultural Sciences,Dharwad,Karnataka
2019,Overall,101-150,,University of Jammu,Jammu Tawi,Jammu and Kashmir
2019,Overall,101-150,,"Vignan`s Foundation for Science, Technology and Research",Guntur,Andhra Pradesh
2019,Overall,101-150,,Yenepoya,Mangalore,Karnataka
2019,Overall,151-200,,Acharya N G Ranga Agricultural University,Guntur,Andhra Pradesh
2019,Overall,151-200,,Amity University,Gurgaon,Haryana
2019,Overall,151-200,,Bannari Amman Institute of Technology,Sathyamangalam,Tamil Nadu
2019,Overall,151-200,,Central Agricultural University,Imphal West,Manipur
2019,Overall,151-200,,Chaitanya Bharathi Institute of Technology,Hyderabad,Telangana
2019,Overall,151-200,,Chaudhary Sarwan Kumar Himachal Pardesh Krishi Vishvavidyalaya,Kangra,Himachal Pradesh
2019,Overall,151-200,,Coimbatore Institute of Technology,Coimbatore,Tamil Nadu
2019,Overall,151-200,,Devi Ahilya Vishwavidyalaya,Indore,Madhya Pradesh
2019,Overall,151-200,,Dharmsinh Desai University,Nadiad,Gujarat
2019,Overall,151-200,,Dhirubhai Ambani Institute of Information and Communication Technology,Gandhinagar,Gujarat
2019,Overall,151-200,,English & Foreign Languages University,Hyderabad,Telangana
2019,Overall,151-200,,G. H. Raisoni College of Engineering,Nagpur,Maharashtra
2019,Overall,151-200,,Godavari Institute of Engineering & Technology,Rajahmundry,Andhra Pradesh
2019,Overall,151-200,,Government College of Technology,Coimbatore,Tamil Nadu
2019,Overall,151-200,,Graphic Era University,Dehradun,Uttarakhand
2019,Overall,151-200,,Guru Jambheshwar University of Science and Technology,Hisar,Haryana
2019,Overall,151-200,,Hindustan Institute of Technology and Science,Chennai,Tamil Nadu
2019,Overall,151-200,,Indraprastha Institute of Information Technology,New Delhi,Delhi
2019,Overall,151-200,,Institute of Engineering & Management,Kolkata,West Bengal
2019,Overall,151-200,,Jain university,Bengluru,Karnataka
2019,Overall,151-200,,Jaypee Institute of Information Technology,Noida,Uttar Pradesh
2019,Overall,151-200,,Jaypee University of Information Technology,Solan,Himachal Pradesh
2019,Overall,151-200,,Kalasalingam Academy of Research and Higher Education,Srivilliputtur,Tamil Nadu
2019,Overall,151-200,,M. G. R. Educational and Research Institute,Chennai,Tamil Nadu
2019,Overall,151-200,,Maharaja Sayajirao University of Baroda,Vadodara,Gujarat
2019,Overall,151-200,,Mepco Schlenk Engineering College,Sivakasi,Tamil Nadu
2019,Overall,151-200,,N. M. A. M. Institute of Technology,Nitte,Karnataka
2019,Overall,151-200,,National Institute of Industrial Engineering,Mumbai,Maharashtra
2019,Overall,151-200,,Navsari Agricultural University,Navsari,Gujarat
2019,Overall,151-200,,Nirma University,Ahmedabad,Gujarat
2019,Overall,151-200,,Pravara Institute of Medical Sciences,Ahmednagar,Maharashtra
2019,Overall,151-200,,Rajasthan University of Veterinary & Animal Sciences,Bikaner,Rajasthan
2019,Overall,151-200,,Saurashtra University,Rajkot,Gujarat
2019,Overall,151-200,,Saveetha Engineering College,Sriperumbudur,Tamil Nadu
2019,Overall,151-200,,Shivaji University,Kolhapur,Maharashtra
2019,Overall,151-200,,Shri Ramdeobaba College of Engineering and Management,Nagpur,Maharashtra
2019,Overall,151-200,,Sikkim Manipal University,Gangtok,Sikkim
2019,Overall,151-200,,Sona College of Technology,Salem,Tamil Nadu
2019,Overall,151-200,,Sri Jayachamarajendra College of Engineering,Mysore,Karnataka
2019,Overall,151-200,,Sri Krishna College of Engineering and Technology,Coimbatore,Tamil Nadu
2019,Overall,151-200,,Sri Krishnadevaraya University,Anantapur,Andhra Pradesh
2019,Overall,151-200,,Sri Sairam Engineering College,Kancheepuram,Tamil Nadu
2019,Overall,151-200,,Sri Venkateswara Veterinary University,Tirupati,Andhra Pradesh
2019,Overall,151-200,,Tumkur University,Tumkur,Karnataka
2019,Overall,151-200,,University College,Thiruvananthapuram,Kerala
2019,Overall,151-200,,University College of Engineering,Kakinada,Andhra Pradesh
2019,Overall,151-200,,Utkal University,Bhubaneswar,Odisha
2019,Overall,151-200,,Vallurupalli Nageswara Rao Vignana Jyothi Institute of Engineering and Technology,Hyderabad,Telangana
2019,Overall,151-200,,Vel Tech Rangarajan Dr. Sagunthala R & D Institute of Science and Technology,Chennai,Tamil Nadu
2019,Overall,151-200,,Yeshwantrao Chavan College of Engineering,Nagpur,Maharashtra
2019,College,101-150,,A. V. C. College,Nagapattinam,Tamil Nadu
2019,College,101-150,,Aryabhatta College,Delhi,Delhi
2019,College,101-150,,Auxilium College,Vellore,Tamil Nadu
2019,College,101-150,,Bharathi Womens College,Chennai,Tamil Nadu
2019,College,101-150,,Bishop Kurialacherry College For Women,Kottayam,Kerala
2019,College,101-150,,Bishop Moore College,Alappuzha,Kerala
2019,College,101-150,,CMS College Kottayam,Kottayam,Kerala
2019,College,101-150,,College of Vocational Studies,New Delhi,Delhi
2019,College,101-150,,Delhi School of Professional Studies and Research,Delhi,Delhi
2019,College,101-150,,Dempo Charities Trust Dhempe College of Arts & Science,North Goa,Goa
2019,College,101-150,,Dr. V. S. Krishna Govt. Degree College,Visakhapatnam,Andhra Pradesh
2019,College,101-150,,Government Arts College,Kumbakonam,Tamil Nadu
2019,College,101-150,,Government Arts College,Udumalpet,Tamil Nadu
2019,College,101-150,,Government Institute of Forensic Science,Nagpur,Maharashtra
2019,College,101-150,,"Govt Post-Graduate College for Girls, Sector-11",Chandigarh,Chandigarh
2019,College,101-150,,Govt. College Kasaragod,Kasaragod,Kerala
2019,College,101-150,,Govt. College of Arts Science & Commerce Khandola,North Goa,Goa
2019,College,101-150,,Govt. College of Arts Science & Commerce Sanquelim,Sankhali,Goa
2019,College,101-150,,Govt. Victoria College,Palakkad,Kerala
2019,College,101-150,,Guru Nanak College,Chennai,Tamil Nadu
2019,College,101-150,,Indira Gandhi College of Arts and Science,Puducherry,Pondicherry
2019,College,101-150,,Kuriakose Gregorios College,Kottayam,Kerala
2019,College,101-150,,Lakshmi Bai College,Delhi,Delhi
2019,College,101-150,,Late Sushilabai Ramchandrarao Mamidwar College of Social Work,Chandrapur,Maharashtra
2019,College,101-150,,Loyala Academy,Hyderabad,Telangana
2019,College,101-150,,M. G. Science Institute,Ahmedabad,Gujarat
2019,College,101-150,,M. V. M. Govt. Arts College for Women,Dindigul,Tamil Nadu
2019,College,101-150,,Madura College,Madurai,Tamil Nadu
2019,College,101-150,,Maharaja's College,Ernakulam,Kerala
2019,College,101-150,,Mahatma Gandhi Govt. Arts College,Mahe,Pondicherry
2019,College,101-150,,Mar Athanasius College,Kothamangalam,Kerala
2019,College,101-150,,Marian College,Kuttikanam,Kerala
2019,College,101-150,,N. G. M. College,Coimbatore,Tamil Nadu
2019,College,101-150,,National College,Tiruchirappalli,Tamil Nadu
2019,College,101-150,,Nehru Arts & Science College,Kasaragod,Kerala
2019,College,101-150,,Nesamony Memorial Christian College,Kanniyakumari,Tamil Nadu
2019,College,101-150,,Nirmala College,Ernakulam,Kerala
2019,College,101-150,,Pachhunga University College,Aizawl,Mizoram
2019,College,101-150,,Ponda Education Society`s Shri Ravi S. Naik College of Arts & Science,North Goa,Goa
2019,College,101-150,,Rathinam College of Arts and Science,Coimbatore,Tamil Nadu
2019,College,101-150,,SDNB Vaishnav College,Chennai,Tamil Nadu
2019,College,101-150,,Seethalakshmi Ramaswami College,Tiruchirappalli,Tamil Nadu
2019,College,101-150,,Shaheed Bhagat Singh College (Evening),Delhi,Delhi
2019,College,101-150,,Sri Aurobindo College (Evening),Delhi,Delhi
2019,College,101-150,,Sri Sarada College for Women,Salem,Tamil Nadu
2019,College,101-150,,St. Aloysius College,Mangalore,Karnataka
2019,College,101-150,,St. Dominic's College,Kottayam,Kerala
2019,College,101-150,,St. Joseph`s Arts & Science College,Bengaluru,Karnataka
2019,College,101-150,,The American College,Madurai,Tamil Nadu
2019,College,101-150,,Vimala College,Thrissur,Kerala
2019,College,151-200,,Aditi Mahavidyalaya,Delhi,Delhi
2019,College,151-200,,Alphonsa College,Pala,Kerala
2019,College,151-200,,Arul Anandar College,Madurai,Tamil Nadu
2019,College,151-200,,B. C. M. College,Kottayam,Kerala
2019,College,151-200,,Bhandarkar`s Arts & Science College,Udupi,Karnataka
2019,College,151-200,,"Bharathiya Vidya Bhavan`s Vivekananda College of Science, Humanities & Commerce",Secunderabad,Telangana
2019,College,151-200,,Bharati Vidyapeeth`s College of Fine Arts,Pune,Maharashtra
2019,College,151-200,,Catholicate College,Pathanamthitta,Kerala
2019,College,151-200,,Cauvery College for Women,Tiruchirappalli,Tamil Nadu
2019,College,151-200,,"College of Home Science, Nirmala Niketan",Mumbai,Maharashtra
2019,College,151-200,,D. A. V. College,Chandigarh,Chandigarh
2019,College,151-200,,Devamatha College,Kottayam,Kerala
2019,College,151-200,,Dispur College,Kamrup,Assam
2019,College,151-200,,Dr. Ambedkar Govt. Arts College,Chennai,Tamil Nadu
2019,College,151-200,,Dr. S. N. S. Rajalakshmi College of Arts and Science,Coimbatore,Tamil Nadu
2019,College,151-200,,Gobi Arts & Science College,Erode,Tamil Nadu
2019,College,151-200,,Holy Cross College,Kanyakumari,Tamil Nadu
2019,College,151-200,,K. S. R. Arts & Science College,Namakkal,Tamil Nadu
2019,College,151-200,,Kongu Arts & Science College,Erode,Tamil Nadu
2019,College,151-200,,Kristu Jayanti College,Bengaluru,Karnataka
2019,College,151-200,,Kundavai Naachiyaar Government College for Women,Thanjavur,Tamil Nadu
2019,College,151-200,,LRG Government Arts College for Women,Tiruppur,Tamil Nadu
2019,College,151-200,,M. O. P. Vaishnav College for Women,Chennai,Tamil Nadu
2019,College,151-200,,Mahendra Arts & Science College,Namakkal,Tamil Nadu
2019,College,151-200,,Mercy College,Palakkad,Kerala
2019,College,151-200,,MES Ponnani College,Malappuram,Kerala
2019,College,151-200,,Nanjil Catholic College of Arts and Science,Kanniyakumari,Tamil Nadu
2019,College,151-200,,New College,Chennai,Tamil Nadu
2019,College,151-200,,Nirmala College for Women,Coimbatore,Tamil Nadu
2019,College,151-200,,Parvatibai Chowgule College of Arts & Science,South Goa,Goa
2019,College,151-200,,Post Graduate Government College for Girls,Chandigarh,Chandigarh
2019,College,151-200,,PSMO College,Malappuram,Kerala
2019,College,151-200,,Rajah Serfoji Government College,Thanjavur,Tamil Nadu
2019,College,151-200,,Rani Anna Government College for Women,Tirunelveli,Tamil Nadu
2019,College,151-200,,S S Jain Subodh P G College,Jaipur,Rajasthan
2019,College,151-200,,S. N. College,Thrissur,Kerala
2019,College,151-200,,S. R. R. & C. V. R. Govt. Degree College,Krishna,Andhra Pradesh
2019,College,151-200,,Shri Shankarlal Sundarbai Shasun Jain College for Women,Chennai,Tamil Nadu
2019,College,151-200,,Shri Vile Parle Kelvani Mandal`s Mithibai College of Arts Chauhan Institute of Science and Amrutben Jivanlal College of Commerce and Economics,Mumbai,Maharashtra
2019,College,151-200,,Sikkim Government College,Tadong,Sikkim
2019,College,151-200,,Sri Guru Nanak Dev Khalsa College,Delhi,Delhi
2019,College,151-200,,Sri GVG Visalakshi College for Women,Tiruppur,Tamil Nadu
2019,College,151-200,,Sri Ramakrishna College of Arts & Science for Women,Coimbatore,Tamil Nadu
2019,College,151-200,,Sri Ramakrishna College of Arts and Science,Coimbatore,Tamil Nadu
2019,College,151-200,,St. Joseph's College,Trichur,Kerala
2019,College,151-200,,St. Thomas College,Kottayam,Kerala
2019,College,151-200,,St. Wilfred`s P. G. College,Jaipur,Rajasthan
2019,College,151-200,,U. C. College,Ernakulam,Kerala
2019,College,151-200,,V. V. Vanniaperumal College for Women,Virudhunagar,Tamil Nadu
2019,College,151-200,,Vivekananda College,Madurai,Tamil Nadu
2019,University,101-150,,Acharya N G Ranga Agricultural University,Guntur,Andhra Pradesh
2019,University,101-150,,Amity University,Gurgaon,Haryana
2019,University,101-150,,Annamalai University,Annamalainagar,Tamil Nadu
2019,University,101-150,,Central Agricultural University,Imphal West,Manipur
2019,University,101-150,,Central University of Kerala,Kasaragod,Kerala
2019,University,101-150,,Charotar University of Science & Technology,Changa,Gujarat
2019,University,101-150,,Chaudhary Sarwan Kumar Himachal Pardesh Krishi Vishvavidyalaya,Kangra,Himachal Pradesh
2019,University,101-150,,Chettinad Academy of Research and Education,Chennai,Tamil Nadu
2019,University,101-150,,D. Y. Patil Educational Society,Kolhapur,Maharashtra
2019,University,101-150,,Devi Ahilya Vishwavidyalaya,Indore,Madhya Pradesh
2019,University,101-150,,Dharmsinh Desai University,Nadiad,Gujarat
2019,University,101-150,,Dhirubhai Ambani Institute of Information and Communication Technology,Gandhinagar,Gujarat
2019,University,101-150,,English & Foreign Languages University,Hyderabad,Telangana
2019,University,101-150,,Graphic Era University,Dehradun,Uttarakhand
2019,University,101-150,,Gujarat University,Ahmedabad,Gujarat
2019,University,101-150,,Guru Jambheshwar University of Science and Technology,Hisar,Haryana
2019,University,101-150,,Hindustan Institute of Technology and Science,Chennai,Tamil Nadu
2019,University,101-150,,Indraprastha Institute of Information Technology,New Delhi,Delhi
2019,University,101-150,,Jawaharlal Nehru Technological University,Anantapur,Andhra Pradesh
2019,University,101-150,,Jaypee Institute of Information Technology,Noida,Uttar Pradesh
2019,University,101-150,,Jaypee University of Information Technology,Solan,Himachal Pradesh
2019,University,101-150,,Junagadh Agricultural University,Junagadh,Gujarat
2019,University,101-150,,Kalasalingam Academy of Research and Higher Education,Srivilliputtur,Tamil Nadu
2019,University,101-150,,Lovely Professional University,Phagwara,Punjab
2019,University,101-150,,M. G. R. Educational and Research Institute,Chennai,Tamil Nadu
2019,University,101-150,,Maharaja Sayajirao University of Baroda,Vadodara,Gujarat
2019,University,101-150,,Nagaland University,Zunheboto,Nagaland
2019,University,101-150,,Navsari Agricultural University,Navsari,Gujarat
2019,University,101-150,,Nirma University,Ahmedabad,Gujarat
2019,University,101-150,,Orissa University of Agriculture & Technology,Khordha,Odisha
2019,University,101-150,,PES University,Bengaluru,Karnataka
2019,University,101-150,,Pravara Institute of Medical Sciences,Ahmednagar,Maharashtra
2019,University,101-150,,Presidency University,Kolkata,West Bengal
2019,University,101-150,,Rajasthan University of Veterinary & Animal Sciences,Bikaner,Rajasthan
2019,University,101-150,,Rajiv Gandhi Institute of Petroleum Technology,Amethi,Uttar Pradesh
2019,University,101-150,,Saurashtra University,Rajkot,Gujarat
2019,University,101-150,,Shivaji University,Kolhapur,Maharashtra
2019,University,101-150,,Shoolini University of Biotechnology and Management Sciences,Solan,Himachal Pradesh
2019,University,101-150,,Shri Mata Vaishno Devi University,Katra,Jammu and Kashmir
2019,University,101-150,,Sikkim Manipal University,Gangtok,Sikkim
2019,University,101-150,,Sri Krishnadevaraya University,Anantapur,Andhra Pradesh
2019,University,101-150,,Sri Sathya Sai Institute of Higher Learning,Anantapur,Andhra Pradesh
2019,University,101-150,,Sri Venkateswara Veterinary University,Tirupati,Andhra Pradesh
2019,University,101-150,,Teri University,New Delhi,Delhi
2019,University,101-150,,Tumkur University,Tumkur,Karnataka
2019,University,101-150,,Utkal University,Bhubaneswar,Odisha
2019,University,101-150,,Vel Tech Rangarajan Dr. Sagunthala R & D Institute of Science and Technology,Chennai,Tamil Nadu
2019,University,101-150,,Vesveswaraiah Technological University,Belgaum,Karnataka
2019,University,101-150,,Vidyasagar University,Midnapore,West Bengal
2019,University,101-150,,"Vignan`s Foundation for Science, Technology and Research",Guntur,Andhra Pradesh
2019,University,151-200,,Ambedkar University,Delhi,Delhi
2019,University,151-200,,Amity University,Jaipur,Rajasthan
2019,University,151-200,,Avinashilingam Institute for Home Science & Higher Education for Women,Coimbatore,Tamil Nadu
2019,University,151-200,,B. S. Abdur Rahman Crescent Institute of Science and Technology,Chennai,Tamil Nadu
2019,University,151-200,,Bihar Agriculture University,Bhagalpur,Bihar
2019,University,151-200,,Central University of Gujarat,Gandhinagar,Gujarat
2019,University,151-200,,Central University of Orissa,Koraput,Odisha
2019,University,151-200,,Central University of Rajasthan,Bandar Sindri,Rajasthan
2019,University,151-200,,Central University of Tamil Nadu,Tiruvarur,Tamil Nadu
2019,University,151-200,,Chitkara University,Rajpura,Punjab
2019,University,151-200,,Chitkara University,Solan,Himachal Pradesh
2019,University,151-200,,Fakir Mohan University,Balasore,Odisha
2019,University,151-200,,Galgotias University,Gautam Budh Nagar,Uttar Pradesh
2019,University,151-200,,Himachal Pradesh University,Shimla,Himachal Pradesh
2019,University,151-200,,Jawaharlal Nehru Technological University,Kakinada,Andhra Pradesh
2019,University,151-200,,Kakatiya University,Hanamkonda,Telangana
2019,University,151-200,,Karnataka University,Dharwad,Karnataka
2019,University,151-200,,Karpagam Academy of Higher Education,Coimbatore,Tamil Nadu
2019,University,151-200,,Kerala Veterinary & Animal Sciences University,Wayanad,Kerala
2019,University,151-200,,KLE Technological University,Dharwad,Karnataka
2019,University,151-200,,Maharishi Markandeshwar,Ambala,Haryana
2019,University,151-200,,Manav Rachna International Institute of Research & Studies,Faridabad,Haryana
2019,University,151-200,,Manipal University,Jaipur,Rajasthan
2019,University,151-200,,Manipur University,Imphal,Manipur
2019,University,151-200,,Maulana Azad National Urdu University,Hyderabad,Telangana
2019,University,151-200,,MGM Institute of Health Sciences,Navi Mumbai,Maharashtra
2019,University,151-200,,North Eastern Regional Institute of Science & Technology,Itanagar,Arunachal Pradesh
2019,University,151-200,,North Maharashtra University,Umavinagar,Maharashtra
2019,University,151-200,,Pandit Deendayal Petroleum University,Gandhinagar,Gujarat
2019,University,151-200,,Pt. Ravishankar Shukla University,Raipur,Chhattisgarh
2019,University,151-200,,Punjabi University,Patiala,Punjab
2019,University,151-200,,Rabindranath Tagore University,Raisen,Madhya Pradesh
2019,University,151-200,,Reva University,Bengaluru,Karnataka
2019,University,151-200,,Sambalpur University,Sambalpur,Odisha
2019,University,151-200,,Sant Longowal Institute of Engineering & Technology,Longowal,Punjab
2019,University,151-200,,Sharda University,Greater Noida,Uttar Pradesh
2019,University,151-200,,Sikkim University,Gangtok,Sikkim
2019,University,151-200,,Sri Chandrasekharendra Saraswathi Vishwa Mahavidyalaya,Kancheepuram,Tamil Nadu
2019,University,151-200,,Sri Padmavathi Mahila Visva Vidyalayam,Tirupathi,Andhra Pradesh
2019,University,151-200,,Tamil Nadu Fisheries University,Nagapattinam,Tamil Nadu
2019,University,151-200,,The LNM Institute of Information Technology,Jaipur,Rajasthan
2019,University,151-200,,The Northcap University,Gurgaon,Haryana
2019,University,151-200,,The Rashtrasant Tukadoji Maharaj Nagpur University,Nagpur,Maharashtra
2019,University,151-200,,Tripura University,Agartala,Tripura
2019,University,151-200,,University of Petroleum and Energy Studies,Dehradun,Uttarakhand
2019,University,151-200,,Veer Surendra Sai University of Technology,Burla,Odisha
2019,University,151-200,,VELS Institute of Science Technology & Advanced Studies,Chennai,Tamil Nadu
2019,University,151-200,,Vinayaka Mission's Research Foundation,Salem,Tamil Nadu
2019,University,151-200,,Xavier University,Bhubaneswar,Odisha
2019,University,151-200,,Yogi Vemana University,Kadapa,Andhra Pradesh
2020,Engineering,101-150,,ABES Engineering College,Ghaziabad,Uttar Pradesh
2020,Engineering,101-150,,Academy of Maritime Education and Training,Kancheepuram,Tamil Nadu
2020,Engineering,101-150,,Annamalai University,Annamalainagar,Tamil Nadu
2020,Engineering,101-150,,B. P. Poddar Institute of Management & Technology,Kolkata,West Bengal
2020,Engineering,101-150,,Bangalore Institute of Technology,Bangalore,Karnataka
2020,Engineering,101-150,,Basaveshwar Engineering College,Bagalkot,Karnataka
2020,Engineering,101-150,,C M R Institute of Technology,Bengaluru,Karnataka
2020,Engineering,101-150,,Centurion  University  of Technology and Management,Paralakhemundi,Odisha
2020,Engineering,101-150,,Chandigarh Engg College,Sahibzada Ajit Singh Nagar,Punjab
2020,Engineering,101-150,,Dr. B. R. Ambedkar Institute of Technology,South Andaman,Andaman and Nicobar Islands
2020,Engineering,101-150,,Easwari Engineering College,Chennai,Tamil Nadu
2020,Engineering,101-150,,Fr. C. Rodrigues Institute of Technology,Navi Mumbai,Maharashtra
2020,Engineering,101-150,,G. M. R. Institute of Technology,Rajam,Andhra Pradesh
2020,Engineering,101-150,,Galgotias College of Engineering & Technology,Greater Noida,Uttar Pradesh
2020,Engineering,101-150,,Gogte Institute of Technology,Belgaum,Karnataka
2020,Engineering,101-150,,Institute of Infrastructure Technology Research and Management (IITRAM),Ahmedabad,Gujarat
2020,Engineering,101-150,,International Institute of Information Technology Bhubaneswar,Bhubaneswar,Odisha
2020,Engineering,101-150,,Jamia Hamdard,New Delhi,Delhi
2020,Engineering,101-150,,Jayawant Shikshan Prasarak Mandal`s Rajarshi Shahu College of Engineering,Pune,Maharashtra
2020,Engineering,101-150,,JSS Academy of Technical Education,Gautam Budh Nagar,Uttar Pradesh
2020,Engineering,101-150,,Kakatiya Institute of Technology and Science,Warangal,Telangana
2020,Engineering,101-150,,Kasegaon Education Society`s Rajarambapu Institute of Technology,Islampur,Maharashtra
2020,Engineering,101-150,,KCG College of Technology,Chennai,Tamil Nadu
2020,Engineering,101-150,,KIET Group of Institutions,Ghaziabad,Uttar Pradesh
2020,Engineering,101-150,,Lakireddy Bali Reddy College of Engineering,Mylavaram,Andhra Pradesh
2020,Engineering,101-150,,Madanapalle Institute of Technology & Science,Chittoor Dist,Andhra Pradesh
2020,Engineering,101-150,,Mahatma Gandhi Institute of Technology,Hyderabad,Telangana
2020,Engineering,101-150,,Malla Reddy Engineering College for Women,Hyderabad,Telangana
2020,Engineering,101-150,,Narula Institute of Technology,Kolkata,West Bengal
2020,Engineering,101-150,,National Institute of Technology Srinagar,Srinagar,Jammu and Kashmir
2020,Engineering,101-150,,Noida Institute of Engineering & Technology,Greater Noida,Uttar Pradesh
2020,Engineering,101-150,,Panimalar Engineering College,Thiruvallur,Tamil Nadu
2020,Engineering,101-150,,Prasad V Potluri Siddhartha Institue of Technology,Vijayawada,Andhra Pradesh
2020,Engineering,101-150,,"PSNA College of Engineering and Technology, Dindigul",Dindigul,Tamil Nadu
2020,Engineering,101-150,,R. M. D Engineering College,Thiruvallur,Tamil Nadu
2020,Engineering,101-150,,R. V. R. & J. C. College of Engineering,Guntur,Andhra Pradesh
2020,Engineering,101-150,,Rajalakshmi Institute of Technology,Thiruvallur,Tamil Nadu
2020,Engineering,101-150,,Reva University,Bengaluru,Karnataka
2020,Engineering,101-150,,S. D. M. College of Engineering & Technology,Dharwad,Karnataka
2020,Engineering,101-150,,Sardar Patel College of Engineering,Mumbai,Maharashtra
2020,Engineering,101-150,,Saveetha Engineering College,Sriperumbudur,Tamil Nadu
2020,Engineering,101-150,,SCTR's Pune Institute of Computer Technology,Pune,Maharashtra
2020,Engineering,101-150,,Shri G. S. Institute of Technology & Science,Indore,Madhya Pradesh
2020,Engineering,101-150,,Shri Vile Parle Kelavani Mandal`s  Dwarkadas J. Sanghvi College of Engineering,Mumbai Suburban,Maharashtra
2020,Engineering,101-150,,Sreenidi Institute of Science &Technology,Rangareddy,Telangana
2020,Engineering,101-150,,Sri Venkateswara College of Engineering & Technology,Chittoor,Andhra Pradesh
2020,Engineering,101-150,,Thadomal Shahani Engineering College,Mumbai,Maharashtra
2020,Engineering,101-150,,Thakur College of Engineering & Technology,Mumbai,Maharashtra
2020,Engineering,101-150,,TKM College of Engineering,Kollam,Kerala
2020,Engineering,101-150,,"Vels Institute of Science, Technology & Advanced Studies (VISTAS)",Chennai,Tamil Nadu
2020,Engineering,101-150,,Vignan Institute of Technology and Science,Yadadri-Bhuvangiri,Telangana
2020,Engineering,151-200,,A M C College of Engineering,Bengaluru,Karnataka
2020,Engineering,151-200,,Ajay Kumar Garg Engineering College,Ghaziabad,Uttar Pradesh
2020,Engineering,151-200,,Ambedkar Institute of Advanced Communication Technologies and Research,Delhi,Delhi
2020,Engineering,151-200,,Bengal Institute of Technology,Kolkata,West Bengal
2020,Engineering,151-200,,Bhagwan Parshuram Institute of Technology,Delhi,Delhi
2020,Engineering,151-200,,Bharati Vidyapeeth's College of Engineering,New Delhi,Delhi
2020,Engineering,151-200,,Bhilai Institute of Technology,Durg,Chhattisgarh
2020,Engineering,151-200,,Birla Vishvakarma Mahavidyalaya,Vallabh Vidyanagar,Gujarat
2020,Engineering,151-200,,CMR College of Engineering & Technology,Hyderabad,Telangana
2020,Engineering,151-200,,Dr. Ambedkar Institute of Technology,Bengaluru,Karnataka
2020,Engineering,151-200,,Dr. Mahalingam College of Engineering and Technology,Pollachi,Tamil Nadu
2020,Engineering,151-200,,Fr. Conceicao Rodrigues College of Engineering,Mumbai,Maharashtra
2020,Engineering,151-200,,Galgotias University,Gautam Budh Nagar,Uttar Pradesh
2020,Engineering,151-200,,Gandhi Engieering College (GEC),Bhubaneswar,Odisha
2020,Engineering,151-200,,Godavari Institute of Engineering & Technology,Rajahmundry,Andhra Pradesh
2020,Engineering,151-200,,Government College of Engineering,Salem,Tamil Nadu
2020,Engineering,151-200,,Guru Nanak Dev Engineering College,Ludhiana,Punjab
2020,Engineering,151-200,,JIS College of Engineering,Kalyani,West Bengal
2020,Engineering,151-200,,JSS Academy of Technical Education,Bengaluru,Karnataka
2020,Engineering,151-200,,Jyothy Institute of Technology,Bengaluru,Karnataka
2020,Engineering,151-200,,K. J. Somaiya Institute of Engineering & Information Technology,Mumbai,Maharashtra
2020,Engineering,151-200,,Kamaraj College of Engineering & Technology,Madurai,Tamil Nadu
2020,Engineering,151-200,,Karpagam College of Engineering,Coimbatore,Tamil Nadu
2020,Engineering,151-200,,Lakshmi Narain College of Technology,BHOPAL,Madhya Pradesh
2020,Engineering,151-200,,M. G. R. Educational and Research Institute,Chennai,Tamil Nadu
2020,Engineering,151-200,,Maharaja Agrasen Institute of Technology,Delhi,Delhi
2020,Engineering,151-200,,Maharaja Surajmal Institute of Technology,New Delhi,Delhi
2020,Engineering,151-200,,Meenakshi Sundararajan Engineering College,Chennai,Tamil Nadu
2020,Engineering,151-200,,MLR Institute of Technology,Hyderabad,Telangana
2020,Engineering,151-200,,MVSR Engineering College,HYDERABAD,Telangana
2020,Engineering,151-200,,National Institute of Technology Delhi,Delhi,Delhi
2020,Engineering,151-200,,Netaji Subhash Engineering College,Kolkata,West Bengal
2020,Engineering,151-200,,Prof. Ram Meghe Institute of Technology & Research,Badnera Amravati,Maharashtra
2020,Engineering,151-200,,R. M. K. College of Engineering and Technology,Thiruvallur,Tamil Nadu
2020,Engineering,151-200,,R. N. S. Institute of Technology,Bengaluru,Karnataka
2020,Engineering,151-200,,Rajagiri School of Engineering and Technology,Ernakulam,Kerala
2020,Engineering,151-200,,Rajeev Gandhi Memorial College of Engineering and Technology,Nandyal,Andhra Pradesh
2020,Engineering,151-200,,Sagi Rama Krishnam Raju Engineering College,Bhimavaram,Andhra Pradesh
2020,Engineering,151-200,,Shah & Anchor Kutchhi Engineering College,Mumbai Suburban,Maharashtra
2020,Engineering,151-200,,Shri Shankaracharya Group of Institutions,Bhilai,Chhattisgarh
2020,Engineering,151-200,,Siddhartha Institute of Technology & Science,HYDERABAD,Telangana
2020,Engineering,151-200,,Sikkim Manipal Institute of Technology (SMIT),Rangpo,Sikkim
2020,Engineering,151-200,,Sir M Visvesvaraya Institute of Technology,Bengaluru,Karnataka
2020,Engineering,151-200,,SNS College of Technology,Coimbatore,Tamil Nadu
2020,Engineering,151-200,,Sri Padmavathi Mahila Visva Vidyalayam,Tirupathi,Andhra Pradesh
2020,Engineering,151-200,,St. Martin's Engineering College,Secunderabad,Telangana
2020,Engineering,151-200,,The Oxford College of Engineering,Bengaluru,Karnataka
2020,Engineering,151-200,,University College of Technology (Autonomous),Hyderabad,Telangana
2020,Engineering,151-200,,Velammal Engineering College,Chennai,Tamil Nadu
2020,Overall,101-150,,Assam University,Silchar,Assam
2020,Overall,101-150,,Central University of Kerala,Kasaragod,Kerala
2020,Overall,101-150,,Central University of Punjab,Bathinda,Punjab
2020,Overall,101-150,,Central University of Tamil Nadu,Tiruvarur,Tamil Nadu
2020,Overall,101-150,,Chettinad Academy of Research and Education,Kanchipuram District,Tamil Nadu
2020,Overall,101-150,,College of Engineering Pune,Pune,Maharashtra
2020,Overall,101-150,,D. Y. Patil Educational Society,Kolhapur,Maharashtra
2020,Overall,101-150,,Dayalbagh Educational Institute,Agra,Uttar Pradesh
2020,Overall,101-150,,Dibrugarh University,Dibrugarh,Assam
2020,Overall,101-150,,Dr. Babasaheb Ambedkar Marathwada University,Aurangabad,Maharashtra
2020,Overall,101-150,,Gandhi Institute of Technology and Management,Visakhapatnam,Andhra Pradesh
2020,Overall,101-150,,Goa University,Goa,Goa
2020,Overall,101-150,,Graphic Era University,Dehradun,Uttarakhand
2020,Overall,101-150,,Guru Gobind Singh Indraprastha University,New Delhi,Delhi
2020,Overall,101-150,,Guru Jambheshwar University of Science and Technology,Hisar,Haryana
2020,Overall,101-150,,International Institute of Information Technology Hyderabad,Hyderabad,Telangana
2020,Overall,101-150,,Jain University,Bengluru,Karnataka
2020,Overall,101-150,,Kalasalingam Academy of Research and Higher Education,Srivilliputtur,Tamil Nadu
2020,Overall,101-150,,Kalyani University,Kalyani,West Bengal
2020,Overall,101-150,,Karunya Institute of Technology and Sciences,Coimbatore,Tamil Nadu
2020,Overall,101-150,,KLE Academy of Higher Education and Research,Belagavi,Karnataka
2020,Overall,101-150,,Krishna Institute of Medical Sciences,Karad,Maharashtra
2020,Overall,101-150,,Kumaraguru College of Technology,Coimbatore,Tamil Nadu
2020,Overall,101-150,,Kuvempu University,Shimoga,Karnataka
2020,Overall,101-150,,Maharishi Markandeshwar,Ambala,Haryana
2020,Overall,101-150,,Maharshi Dayanand University,Rohtak,Haryana
2020,Overall,101-150,,Mangalore University,Mangalore,Karnataka
2020,Overall,101-150,,Maulana Azad National Institute of Technology,Bhopal,Madhya Pradesh
2020,Overall,101-150,,Meenakshi Academy of Higher Education and Research,Chennai,Tamil Nadu
2020,Overall,101-150,,Narayana Medical College,Sri Potti Sriramulu Nellore,Andhra Pradesh
2020,Overall,101-150,,National Institute of Industrial Engineering,Mumbai,Maharashtra
2020,Overall,101-150,,National Institute of Technology Raipur,Raipur,Chhattisgarh
2020,Overall,101-150,,NITTE,Mangaluru,Karnataka
2020,Overall,101-150,,Padmashree Dr. D. Y. Patil Vidyapeeth,Mumbai,Maharashtra
2020,Overall,101-150,,Periyar University,Salem,Tamil Nadu
2020,Overall,101-150,,Pt. Ravishankar Shukla University,Raipur,Chhattisgarh
2020,Overall,101-150,,Punjabi University,Patiala,Punjab
2020,Overall,101-150,,Rajiv Gandhi University,Itanagar,Arunachal Pradesh
2020,Overall,101-150,,Shri Mata Vaishno Devi University,Katra,Jammu and Kashmir
2020,Overall,101-150,,Sri Balaji Vidyapeeth Mahatma Gandhi Medical College Campus,Puducherry,Pondicherry
2020,Overall,101-150,,Sri Sathya Sai Institute of Higher Learning,Anantapur,Andhra Pradesh
2020,Overall,101-150,,Sri Venkateswara Institute of Medical Sciences,Tirupati,Andhra Pradesh
2020,Overall,101-150,,The Gandhigram Rural Institute,Gandhigram,Tamil Nadu
2020,Overall,101-150,,The University of Burdwan,Bardhaman,West Bengal
2020,Overall,101-150,,Thiagarajar College of Engineering,Madurai,Tamil Nadu
2020,Overall,101-150,,Utkal University,Bhubaneswar,Odisha
2020,Overall,101-150,,"Vignan's Foundation for Science, Technology & Research",Guntur,Andhra Pradesh
2020,Overall,101-150,,Visvesvaraya Technological University,Belgaum,Karnataka
2020,Overall,101-150,,Yenepoya University,Mangaluru,Karnataka
2020,Overall,151-200,,Amity University,"Gurugram, Haryana",Haryana
2020,Overall,151-200,,Amity University,Jaipur,Rajasthan
2020,Overall,151-200,,Annamalai University,Annamalainagar,Tamil Nadu
2020,Overall,151-200,,Anurag Group of Institutions,Hyderabad,Telangana
2020,Overall,151-200,,Avinashilingam Institute for Home Science & Higher Education for Women,Coimbatore,Tamil Nadu
2020,Overall,151-200,,Babasheb Bhimrao Ambedkar University,Lucknow,Uttar Pradesh
2020,Overall,151-200,,Coimbatore Institute of Technology,Coimbatore,Tamil Nadu
2020,Overall,151-200,,Dharmsinh Desai University,Nadiad,Gujarat
2020,Overall,151-200,,English & Foreign Languages University,Hyderabad,Telangana
2020,Overall,151-200,,Government College of Technology,Coimbatore,Tamil Nadu
2020,Overall,151-200,,Indraprastha Institute of Information Technology Delhi,New Delhi,Delhi
2020,Overall,151-200,,Jawaharlal Nehru Technological University,Anantapur,Andhra Pradesh
2020,Overall,151-200,,Jaypee Institute of Information Technology,Noida,Uttar Pradesh
2020,Overall,151-200,,Jaypee University of Information Technology,Solan,Himachal Pradesh
2020,Overall,151-200,,JSS Science and Technology University,Mysuru,Karnataka
2020,Overall,151-200,,KLE Technological University,Dharwad,Karnataka
2020,Overall,151-200,,Konaseema Institute of Medical Sciences Research Foundation,Amalapuram,Andhra Pradesh
2020,Overall,151-200,,Kurukshetra University,Kurukshetra,Haryana
2020,Overall,151-200,,M. G. R. Educational and Research Institute,Chennai,Tamil Nadu
2020,Overall,151-200,,Maharaja Sayajirao University of Baroda,Vadodara,Gujarat
2020,Overall,151-200,,Manipur University,Imphal,Manipur
2020,Overall,151-200,,Mepco Schlenk Engineering College,Sivakasi,Tamil Nadu
2020,Overall,151-200,,MGM Institute of Health Sciences,Navi Mumbai,Maharashtra
2020,Overall,151-200,,N M A M Institute of Technology,"Nitte,
                                                Udupi",Karnataka
2020,Overall,151-200,,Nagaland University,Zunheboto,Nagaland
2020,Overall,151-200,,National Institute of Technology Hamirpur,Hamirpur,Himachal Pradesh
2020,Overall,151-200,,National Institute of Technology Patna,Patna,Bihar
2020,Overall,151-200,,Nirma University,Ahmedabad,Gujarat
2020,Overall,151-200,,P E S College of Engineering,Mandya,Karnataka
2020,Overall,151-200,,PES University,Bengaluru,Karnataka
2020,Overall,151-200,,Pravara Institute of Medical Sciences,Ahmednagar,Maharashtra
2020,Overall,151-200,,Presidency University,Kolkata,West Bengal
2020,Overall,151-200,,PSGR Krishnammal College for Women,Coimbatore,Tamil Nadu
2020,Overall,151-200,,Rabindranath Tagore University,Raisen,Madhya Pradesh
2020,Overall,151-200,,Shivaji University,Kolhapur,Maharashtra
2020,Overall,151-200,,Shoolini University of Biotechnology and Management Sciences,Solan,Himachal Pradesh
2020,Overall,151-200,,Shri Ramdeobaba College of Engineering and Management,Nagpur,Maharashtra
2020,Overall,151-200,,Sikkim Manipal University,Gangtok,Sikkim
2020,Overall,151-200,,SR Engineering College,Warangal,Telangana
2020,Overall,151-200,,Sri Devraj Urs Academy of Higher Education and Research,Kolar,Karnataka
2020,Overall,151-200,,Sri Krishna College of Engineering and Technology,Coimbatore,Tamil Nadu
2020,Overall,151-200,,Sri Krishna College of Technology,Coimbatore,Tamil Nadu
2020,Overall,151-200,,Sri Sairam Engineering College,Kancheepuram,Tamil Nadu
2020,Overall,151-200,,Tumkur University,Tumkur,Karnataka
2020,Overall,151-200,,Vallurupalli Nageswara Rao Vignana Jyothi Institute of Engineering and Technology,Hyderabad,Telangana
2020,Overall,151-200,,Vardhaman College of Engineering,Rangareddy,Telangana
2020,Overall,151-200,,Veer Surendra Sai University of Technology,Burla,Odisha
2020,Overall,151-200,,Vel Tech Rangarajan Dr. Sagunthala R & D Institute of Science and Technology,Chennai,Tamil Nadu
2020,Overall,151-200,,Velagapudi Ramakrishna Siddhartha Engineering College,Vijayawada,Andhra Pradesh
2020,Overall,151-200,,Vinayaka Mission's Research Foundation,Salem,Tamil Nadu
2020,College,101-150,,A. V. C. College,Nagapattinam,Tamil Nadu
2020,College,101-150,,Anna Adarsh College for Women,Chennai,Tamil Nadu
2020,College,101-150,,Auxilium College,Vellore,Tamil Nadu
2020,College,101-150,,Bharathi Womens College,Chennai,Tamil Nadu
2020,College,101-150,,Bharathidasan Government College for Women,Puducherry,Pondicherry
2020,College,101-150,,Catholicate College,Pathanamthitta,Kerala
2020,College,101-150,,Christ College,Thrissur,Kerala
2020,College,101-150,,CMS College,Kottayam,Kerala
2020,College,101-150,,D. A. V. College,Chandigarh,Chandigarh
2020,College,101-150,,Dr Ambedkar Government Arts College,Chennai,Tamil Nadu
2020,College,101-150,,Dr. S. N. S. Rajalakshmi College of Arts and Science,Coimbatore,Tamil Nadu
2020,College,101-150,,Goswami Ganesh Dutta S.D. College,Chandigarh,Chandigarh
2020,College,101-150,,Government Arts College,Kumbakonam,Tamil Nadu
2020,College,101-150,,Government Arts College,Udumalpet,Tamil Nadu
2020,College,101-150,,Government Arts College,Salem,Tamil Nadu
2020,College,101-150,,Government College,Rajahmundry,Andhra Pradesh
2020,College,101-150,,"Government College of Arts, Science and Commerce",Marcela,Goa
2020,College,101-150,,Government Institute of Forensic Science,Nagpur,Maharashtra
2020,College,101-150,,Government Victoria College,Palakkad,Kerala
2020,College,101-150,,Holy Cross College,Kanyakumari,Tamil Nadu
2020,College,101-150,,Institute of Science & Technology for Advanced Studies & Research (ISTAR) College,Vallabh Vidyanagar,Gujarat
2020,College,101-150,,Justice Basher Ahmed Sayeed College for Women,Chennai,Tamil Nadu
2020,College,101-150,,Kalindi College,Delhi,Delhi
2020,College,101-150,,Lakshmi Bai College,Delhi,Delhi
2020,College,101-150,,Maharaja's College,Ernakulam,Kerala
2020,College,101-150,,Mar Athanasius College,Kothamangalam,Kerala
2020,College,101-150,,Marian College,Kuttikanam,Kerala
2020,College,101-150,,MS Ramaiah College of Arts Science & Commerce,Bengaluru,Karnataka
2020,College,101-150,,N. G. M. College,Coimbatore,Tamil Nadu
2020,College,101-150,,National College,Tiruchirappalli,Tamil Nadu
2020,College,101-150,,Nirmala College for Women,Coimbatore,Tamil Nadu
2020,College,101-150,,Nirmalagiri College,Kannur,Kerala
2020,College,101-150,,Pachhunga University College,Aizawl,Mizoram
2020,College,101-150,,Rathinam College of Arts and Science,Coimbatore,Tamil Nadu
2020,College,101-150,,Sarah Tucker College,Tirunelveli,Tamil Nadu
2020,College,101-150,,Scottish Church College,Kolkata,West Bengal
2020,College,101-150,,Seethalakshmi Ramaswami College,Tiruchirappalli,Tamil Nadu
2020,College,101-150,,Shrimathi Devkunvar Nanalal Bhatt Vaishnav College For Women,Chennai,Tamil Nadu
2020,College,101-150,,Silver Jubilee Degree College,Kurnool,Andhra Pradesh
2020,College,101-150,,Sri Aurobindo College (Evening),Delhi,Delhi
2020,College,101-150,,Sri Meenakshi Government College for Women,Madurai,Tamil Nadu
2020,College,101-150,,Sri Ramakrishna College of Arts and Science,Coimbatore,Tamil Nadu
2020,College,101-150,,Sri Sarada College for Women,Salem,Tamil Nadu
2020,College,101-150,,SRR & CVR Govt. Degree College,Krishna,Andhra Pradesh
2020,College,101-150,,St. Aloysius College,Mangaluru,Karnataka
2020,College,101-150,,St. Dominic's College,Kottayam,Kerala
2020,College,101-150,,St. Joseph`s Arts & Science College,Bengaluru,Karnataka
2020,College,101-150,,St. Joseph's College,Trichur,Kerala
2020,College,101-150,,St. Thomas College,Pathanamthitta,Kerala
2020,College,101-150,,St. Xavier's College,North Goa,Goa
2020,College,151-200,,Aditi Mahavidyalaya,Delhi,Delhi
2020,College,151-200,,Alphonsa College,Pala,Kerala
2020,College,151-200,,Arul Anandar College,Madurai,Tamil Nadu
2020,College,151-200,,Aryabhatta College,Delhi,Delhi
2020,College,151-200,,Baselius College,Kottayam,Kerala
2020,College,151-200,,Bhavan's Vivekananda College of Science Humanities and Commerce,Secunderabad,Telangana
2020,College,151-200,,Bhim Rao Ambedkar College,North East,Delhi
2020,College,151-200,,Cauvery College for Women,Tiruchirappalli,Tamil Nadu
2020,College,151-200,,College of Vocational Studies,New Delhi,Delhi
2020,College,151-200,,Delhi School of Professional Studies and Research,Delhi,Delhi
2020,College,151-200,,Devamatha College,Kottayam,Kerala
2020,College,151-200,,Dhempe College of Arts & Science,North Goa,Goa
2020,College,151-200,,Dr. Gafoor Memorial MES Mampad College,Malappuram,Kerala
2020,College,151-200,,Dr. V. S. Krishna Govt. Degree College,Visakhapatnam,Andhra Pradesh
2020,College,151-200,,Government Arts College,Thiruvannamalai,Tamil Nadu
2020,College,151-200,,"Government College of Arts, Science and Commerce",Sankhali,Goa
2020,College,151-200,,Government Post Graduate College for Girls,Chandigarh,Chandigarh
2020,College,151-200,,Indira Gandhi College of Arts and Science,Puducherry,Pondicherry
2020,College,151-200,,Kristu Jayanti College,Bengaluru,Karnataka
2020,College,151-200,,"Kuriakose Gregorios College, Pampady",Kottayam,Kerala
2020,College,151-200,,Late Sushilabai Ramchandrarao Mamidwar College of Social Work,Chandrapur,Maharashtra
2020,College,151-200,,Loyala Academy,Hyderabad,Telangana
2020,College,151-200,,M.O.P Vaishnav College for Women,Chennai,Tamil Nadu
2020,College,151-200,,Madura College,Madurai,Tamil Nadu
2020,College,151-200,,Mar Athanasius College for Advanced Studies,Thiruvalla,Kerala
2020,College,151-200,,Mercy College,Palakkad,Kerala
2020,College,151-200,,Midnapore College,Paschim Medinipur,West Bengal
2020,College,151-200,,Muthurangam Government Arts College,Vellore,Tamil Nadu
2020,College,151-200,,Nesamony Memorial Christian College,Kanniyakumari,Tamil Nadu
2020,College,151-200,,Newman College,Thodupuzha,Kerala
2020,College,151-200,,Nirmala College,Ernakulam,Kerala
2020,College,151-200,,Periyar E.V.R. College,Tiruchirappalli,Tamil Nadu
2020,College,151-200,,Ponda Education Society Shri Ravi S. Naik College of Arts and Science,North Goa,Goa
2020,College,151-200,,Post Graduate Government College for Girls,Chandigarh,Chandigarh
2020,College,151-200,,PSMO College,Malappuram,Kerala
2020,College,151-200,,Rajah Serfoji Government College,Thanjavur,Tamil Nadu
2020,College,151-200,,S S Jain Subodh P G College,Jaipur,Rajasthan
2020,College,151-200,,S.K. Women's College,Bishnupur,Manipur
2020,College,151-200,,Sacred Heart College,Tirupattur,Tamil Nadu
2020,College,151-200,,Shaheed Bhagat Singh College,Delhi,Delhi
2020,College,151-200,,Shri Shankarlal Sundarbai Shasun Jain College for Women,Chennai,Tamil Nadu
2020,College,151-200,,Shyam Lal College (Evening),Delhi,Delhi
2020,College,151-200,,Sree Narayana College Nattika,Thrissur,Kerala
2020,College,151-200,,St. Wilfred's PG College,Jaipur,Rajasthan
2020,College,151-200,,T. K. M. College of Arts and Science,Kollam,Kerala
2020,College,151-200,,The American College,Madurai,Tamil Nadu
2020,College,151-200,,The New College,Chennai,Tamil Nadu
2020,College,151-200,,University College,Mangaluru,Karnataka
2020,College,151-200,,V.V.Vanniaperumal College for Women,Virudhunagar,Tamil Nadu
2020,College,151-200,,Vivekananda College,Madurai,Tamil Nadu
2020,University,101-150,,Amity University,Jaipur,Rajasthan
2020,University,101-150,,Amity University,"Gurugram, Haryana",Haryana
2020,University,101-150,,Annamalai University,Annamalainagar,Tamil Nadu
2020,University,101-150,,Assam University,Silchar,Assam
2020,University,101-150,,Avinashilingam Institute for Home Science & Higher Education for Women,Coimbatore,Tamil Nadu
2020,University,101-150,,Babasheb Bhimrao Ambedkar University,Lucknow,Uttar Pradesh
2020,University,101-150,,Central University of Kerala,Kasaragod,Kerala
2020,University,101-150,,Central University of Rajasthan,Kishangarh,Rajasthan
2020,University,101-150,,Central University of Tamil Nadu,Tiruvarur,Tamil Nadu
2020,University,101-150,,Charotar University of Science & Technology,Changa,Gujarat
2020,University,101-150,,D. Y. Patil Educational Society,Kolhapur,Maharashtra
2020,University,101-150,,Dharmsinh Desai University,Nadiad,Gujarat
2020,University,101-150,,Dhirubhai Ambani Institute of Information and Communication Technology,Gandhinagar,Gujarat
2020,University,101-150,,Dr. B.R. Ambedkar University Delhi,Delhi,Delhi
2020,University,101-150,,English & Foreign Languages University,Hyderabad,Telangana
2020,University,101-150,,Indraprastha Institute of Information Technology Delhi,New Delhi,Delhi
2020,University,101-150,,Jawaharlal Nehru Technological University,Anantapur,Andhra Pradesh
2020,University,101-150,,Jaypee Institute of Information Technology,Noida,Uttar Pradesh
2020,University,101-150,,Jaypee University of Information Technology,Solan,Himachal Pradesh
2020,University,101-150,,Karunya Institute of Technology and Sciences,Coimbatore,Tamil Nadu
2020,University,101-150,,KLE Technological University,Dharwad,Karnataka
2020,University,101-150,,M. G. R. Educational and Research Institute,Chennai,Tamil Nadu
2020,University,101-150,,Maharaja Sayajirao University of Baroda,Vadodara,Gujarat
2020,University,101-150,,Mangalore University,Mangalore,Karnataka
2020,University,101-150,,Manipur University,Imphal,Manipur
2020,University,101-150,,Meenakshi Academy of Higher Education and Research,Chennai,Tamil Nadu
2020,University,101-150,,MGM Institute of Health Sciences,Navi Mumbai,Maharashtra
2020,University,101-150,,Nagaland University,Zunheboto,Nagaland
2020,University,101-150,,Nirma University,Ahmedabad,Gujarat
2020,University,101-150,,PES University,Bengaluru,Karnataka
2020,University,101-150,,Pravara Institute of Medical Sciences,Ahmednagar,Maharashtra
2020,University,101-150,,Presidency University,Kolkata,West Bengal
2020,University,101-150,,Pt. Ravishankar Shukla University,Raipur,Chhattisgarh
2020,University,101-150,,Rajiv Gandhi University,Itanagar,Arunachal Pradesh
2020,University,101-150,,Rastriya Sanskrit Vidyapeeth,Tirupati,Andhra Pradesh
2020,University,101-150,,Sambalpur University,Sambalpur,Odisha
2020,University,101-150,,Shivaji University,Kolhapur,Maharashtra
2020,University,101-150,,Shoolini University of Biotechnology and Management Sciences,Solan,Himachal Pradesh
2020,University,101-150,,Shri Mata Vaishno Devi University,Katra,Jammu and Kashmir
2020,University,101-150,,Sikkim Manipal University,Gangtok,Sikkim
2020,University,101-150,,Sikkim University,Gangtok,Sikkim
2020,University,101-150,,Sri Devraj Urs Academy of Higher Education and Research,Kolar,Karnataka
2020,University,101-150,,Sri Krishnadevaraya University,Anantapur,Andhra Pradesh
2020,University,101-150,,Sri Venkateswara Institute of Medical Sciences,Tirupati,Andhra Pradesh
2020,University,101-150,,Sumandeep Vidyapeeth,Vadodara,Gujarat
2020,University,101-150,,Tumkur University,Tumkur,Karnataka
2020,University,101-150,,Veer Surendra Sai University of Technology,Burla,Odisha
2020,University,101-150,,Vel Tech Rangarajan Dr. Sagunthala R & D Institute of Science and Technology,Chennai,Tamil Nadu
2020,University,101-150,,"Vels Institute of Science, Technology & Advanced Studies (VISTAS)",Chennai,Tamil Nadu
2020,University,101-150,,Vinayaka Mission's Research Foundation,Salem,Tamil Nadu
2020,University,151-200,,Alliance University,Bengaluru,Karnataka
2020,University,151-200,,Amity University,Mumbai,Maharashtra
2020,University,151-200,,Amity University Gwalior,Gwalior,Madhya Pradesh
2020,University,151-200,,Assam Don Bosco University,Azara,Assam
2020,University,151-200,,B. S. Abdur Rahman Crescent Institute of Science and Technology,Chennai,Tamil Nadu
2020,University,151-200,,Berhampur University,Berhampur,Odisha
2020,University,151-200,,Central University of Gujarat,Gandhinagar,Gujarat
2020,University,151-200,,Central University of Kashmir,Srinagar,Jammu and Kashmir
2020,University,151-200,,Central University of South Bihar,Gaya,Bihar
2020,University,151-200,,Centre for Environmental Planning and Technology University,Ahmedabad,Gujarat
2020,University,151-200,,Centurion  University  of Technology and Management,Paralakhemundi,Odisha
2020,University,151-200,,Chitkara University,Solan,Himachal Pradesh
2020,University,151-200,,Chitkara University,Rajpura,Punjab
2020,University,151-200,,Christ University,Bengaluru,Karnataka
2020,University,151-200,,Cotton University,Kamrup Metropolitan,Assam
2020,University,151-200,,Dr. Harisingh Gour Vishwavidyalaya,Sagar,Madhya Pradesh
2020,University,151-200,,Dr. Vishwanath Karad MIT World Peace University,Pune,Maharashtra
2020,University,151-200,,Galgotias University,Gautam Budh Nagar,Uttar Pradesh
2020,University,151-200,,Himachal Pradesh University,Shimla,Himachal Pradesh
2020,University,151-200,,Islamic University of Science & Technology,Pulwama,Jammu and Kashmir
2020,University,151-200,,Jawaharlal Nehru Technological University,Kakinada,Andhra Pradesh
2020,University,151-200,,Karpagam Academy of Higher Education,Coimbatore,Tamil Nadu
2020,University,151-200,,Maharani Cluster University,Bengaluru,Karnataka
2020,University,151-200,,ManavRachna International Institute of Research & Studies,Faridabad,Haryana
2020,University,151-200,,Manipal University Jaipur,Jaipur,Rajasthan
2020,University,151-200,,Manonmaniam Sundaranar University,Tirunelveli,Tamil Nadu
2020,University,151-200,,Maulana Azad National Urdu University,Hyderabad,Telangana
2020,University,151-200,,Mohan Lal Sukhadia University,Udaipur,Rajasthan
2020,University,151-200,,North Bengal University,Darjeeling,West Bengal
2020,University,151-200,,North Eastern Regional Institute of Science & Technology,Itanagar,Arunachal Pradesh
2020,University,151-200,,North Maharashtra University,Umavinagar,Maharashtra
2020,University,151-200,,Pandit Deendayal Petroleum University,Gandhinagar,Gujarat
2020,University,151-200,,Rabindranath Tagore University,Raisen,Madhya Pradesh
2020,University,151-200,,Rayalaseema University,Kurnool,Andhra Pradesh
2020,University,151-200,,Reva University,Bengaluru,Karnataka
2020,University,151-200,,Sant Longowal Institute of Engineering & Technology,Longowal,Punjab
2020,University,151-200,,Sardar Patel University,Anand,Gujarat
2020,University,151-200,,Sharda University,Greater Noida,Uttar Pradesh
2020,University,151-200,,Sree Sankaracharya University of Sanskrit,Ernakulam,Kerala
2020,University,151-200,,Sri Chandrasekharendra Saraswathi Vishwa Mahavidyalaya,Kancheepuram,Tamil Nadu
2020,University,151-200,,Sri Padmavathi Mahila Visva Vidyalayam,Tirupathi,Andhra Pradesh
2020,University,151-200,,Sri Siddharatha Acedemy of Higher Education,Tumkur,Karnataka
2020,University,151-200,,The Indira Gandhi National Tribal University,Amarkantak,Madhya Pradesh
2020,University,151-200,,The LNM Institute of Information Technology,Jaipur,Rajasthan
2020,University,151-200,,The Northcap University,Gurgaon,Haryana
2020,University,151-200,,The Rashtrasant Tukadoji Maharaj Nagpur University,Nagpur,Maharashtra
2020,University,151-200,,Tripura University,Agartala,Tripura
2020,University,151-200,,University of Petroleum and Energy Studies,Dehradun,Uttarakhand
2020,University,151-200,,Vidyasagar University,Midnapore,West Bengal
2020,University,151-200,,Yogi Vemana University,Kadapa,Andhra Pradesh
2021,Engineering,151-200,,ABES Engineering College,Ghaziabad,Uttar Pradesh
2021,Engineering,151-200,,Academy of Maritime Education and Training,Kancheepuram,Tamil Nadu
2021,Engineering,151-200,,"Bangalore Institute of Technology, Bangalore",Bangalore,Karnataka
2021,Engineering,151-200,,Basaveshwar Engineering College,Bagalkot,Karnataka
2021,Engineering,151-200,,Bhagwan Parshuram Institute of Technology,Delhi,Delhi
2021,Engineering,151-200,,Central Institute of Technology,Kokrajhar,Assam
2021,Engineering,151-200,,Chandubhai S. Patel Institute of Technology,Changa,Gujarat
2021,Engineering,151-200,,Chitkara University,Solan,Himachal Pradesh
2021,Engineering,151-200,,Christ University,Bengaluru,Karnataka
2021,Engineering,151-200,,CMR College of Engineering & Technology,Hyderabad,Telangana
2021,Engineering,151-200,,CMR Engineering College,Rangareddy,Telangana
2021,Engineering,151-200,,CMR Institute of Technology,Hyderabad,Telangana
2021,Engineering,151-200,,College of Technology and Engineering,Udaipur,Rajasthan
2021,Engineering,151-200,,Devi Ahilya Vishwavidyalaya,Indore,Madhya Pradesh
2021,Engineering,151-200,,"Don Bosco Institute of Technology, Mumbai",Mumbai,Maharashtra
2021,Engineering,151-200,,Dr. Ambedkar Institute of Technology,Bengaluru,Karnataka
2021,Engineering,151-200,,Fr. C. Rodrigues Institute of Technology,Navi Mumbai,Maharashtra
2021,Engineering,151-200,,"Gandhi Institute for Technological Advancement (Gita), Bhubaneswar",Bhubaneswar,Odisha
2021,Engineering,151-200,,Geethanjali College Of Engineering And Technology,Rangareddy,Telangana
2021,Engineering,151-200,,Harcourt Butler Technical University,Kanpur Nagar,Uttar Pradesh
2021,Engineering,151-200,,Jayawant Shikshan Prasarak Mandal`s Rajarshi Shahu College of Engineering,Pune,Maharashtra
2021,Engineering,151-200,,"Jss Academy Of Technical Education, Noida",Gautam Budh Nagar,Uttar Pradesh
2021,Engineering,151-200,,K.L.E.Institute Of Technology,Hubballi,Karnataka
2021,Engineering,151-200,,"Madhav Institute of Technology and Science, Gwalior",Gwalior,Madhya Pradesh
2021,Engineering,151-200,,Maharaja Surajmal Institute of Technology,New Delhi,Delhi
2021,Engineering,151-200,,Mahatma Gandhi Institute of Technology,Hyderabad,Telangana
2021,Engineering,151-200,,Malla Reddy College of Engineering and Technology (Autonomous),Secunderabad,Telangana
2021,Engineering,151-200,,Malla Reddy Engineering College,Hyderabad,Telangana
2021,Engineering,151-200,,Model Engineering College,Cochin,Kerala
2021,Engineering,151-200,,Muthoot Institute of Technology And Science,Puthencruz,Kerala
2021,Engineering,151-200,,National Institute of Technology Delhi,Delhi,Delhi
2021,Engineering,151-200,,Panimalar Engineering College,Thiruvallur,Tamil Nadu
2021,Engineering,151-200,,Pimpri Chinchwad College of Engineering,Pune,Maharashtra
2021,Engineering,151-200,,"PSNA College of Engineering and Technology, Dindigul",Dindigul,Tamil Nadu
2021,Engineering,151-200,,R. M. K. College of Engineering and Technology,Thiruvallur,Tamil Nadu
2021,Engineering,151-200,,R. N. S. Institute of Technology,Bengaluru,Karnataka
2021,Engineering,151-200,,Reva University,Bengaluru,Karnataka
2021,Engineering,151-200,,S. D. M. College of Engineering & Technology,Dharwad,Karnataka
2021,Engineering,151-200,,Sagi Ramakrishnam Raju Engineering College,Bhimavaram,Andhra Pradesh
2021,Engineering,151-200,,Sardar Patel College of Engineering,Mumbai,Maharashtra
2021,Engineering,151-200,,Shri Shankaracharya Group of Institutions,Bhilai,Chhattisgarh
2021,Engineering,151-200,,Shri Vishnu Engineering College for Women,Bhimavaram,Andhra Pradesh
2021,Engineering,151-200,,Sreenidi Institute of Science & Technology,Rangareddy,Telangana
2021,Engineering,151-200,,Sri Venkateswara College of Engineering and Technology,Chittoor,Andhra Pradesh
2021,Engineering,151-200,,Technocrats Institute Of Technology,Bhopal,Madhya Pradesh
2021,Engineering,151-200,,Thadomal Shahani Engineering College,Mumbai,Maharashtra
2021,Engineering,151-200,,"The LNM Institute of Information Technology, Jaipur",Jaipur,Rajasthan
2021,Engineering,151-200,,Vidya Jyothi Institute of Technology,Hyderabad,Telangana
2021,Engineering,151-200,,Vishwakarma Institute of Information Technology,Pune,Maharashtra
2021,Engineering,151-200,,Vivekanand Education Society`s Institute of Technology Sindhi Society,Mumbai Suburban,Maharashtra
2021,Overall,101-150,,Ashoka University,Sonepat,Haryana
2021,Overall,101-150,,Assam University,Silchar,Assam
2021,Overall,101-150,,Avinashilingam Institute for Home Science & Higher Education for Women,Coimbatore,Tamil Nadu
2021,Overall,101-150,,Babasheb Bhimrao Ambedkar University,Lucknow,Uttar Pradesh
2021,Overall,101-150,,Bangalore University,Bangalore,Karnataka
2021,Overall,101-150,,Bharati Vidyapeeth,Pune,Maharashtra
2021,Overall,101-150,,Birla Institute of Technology,Ranchi,Jharkhand
2021,Overall,101-150,,Central University of Punjab,Bathinda,Punjab
2021,Overall,101-150,,Chettinad Academy of Research and Education,"Kelambakkam, Chengalpattu District",Tamil Nadu
2021,Overall,101-150,,Christ University,Bengaluru,Karnataka
2021,Overall,101-150,,"College of Engineering, Pune",Pune,Maharashtra
2021,Overall,101-150,,Dayalbagh Educational Institute,Agra,Uttar Pradesh
2021,Overall,101-150,,Dibrugarh University,Dibrugarh,Assam
2021,Overall,101-150,,Dr. Babasaheb Ambedkar Marathwada University,Aurangabad,Maharashtra
2021,Overall,101-150,,Gandhi Institute of Technology and Management,Visakhapatnam,Andhra Pradesh
2021,Overall,101-150,,Goa University,Goa,Goa
2021,Overall,101-150,,Graphic Era University,Dehradun,Uttarakhand
2021,Overall,101-150,,Guru Jambheshwar University of Science and Technology,Hisar,Haryana
2021,Overall,101-150,,Indian Institute of Science Education & Research Thiruvananthapuram,Thiruvananthapuram,Kerala
2021,Overall,101-150,,"Indraprastha Institute of Information Technology, Delhi",New Delhi,Delhi
2021,Overall,101-150,,International Institute of Information Technology Hyderabad,Hyderabad,Telangana
2021,Overall,101-150,,Kalyani University,Kalyani,West Bengal
2021,Overall,101-150,,Karunya Institute of Technology and Sciences,Coimbatore,Tamil Nadu
2021,Overall,101-150,,KLE Academy of Higher Education and Research,Belagavi,Karnataka
2021,Overall,101-150,,Kuvempu University,Shimoga,Karnataka
2021,Overall,101-150,,M. S. Ramaiah Institute of Technology,Bengaluru,Karnataka
2021,Overall,101-150,,Maharaja Sayajirao University of Baroda,Vadodara,Gujarat
2021,Overall,101-150,,Maharshi Dayanand University,Rohtak,Haryana
2021,Overall,101-150,,Mahatma Gandhi Medical College and Research Institute,Puducherry,Pondicherry
2021,Overall,101-150,,Manonmaniam Sundaranar University,Tirunelveli,Tamil Nadu
2021,Overall,101-150,,Maulana Azad National Institute of Technology,Bhopal,Madhya Pradesh
2021,Overall,101-150,,Mizoram University,Aizawl,Mizoram
2021,Overall,101-150,,"National Institute of Industrial Engineering, Mumbai",Mumbai,Maharashtra
2021,Overall,101-150,,National Institute of Technology Raipur,Raipur,Chhattisgarh
2021,Overall,101-150,,National Institute of Technology Srinagar,Srinagar,Jammu and Kashmir
2021,Overall,101-150,,NITTE,Mangaluru,Karnataka
2021,Overall,101-150,,"Padmashree Dr. D. Y. Patil Vidyapeeth, Mumbai",Mumbai,Maharashtra
2021,Overall,101-150,,Pandit Deendayal Petroleum University,Gandhinagar,Gujarat
2021,Overall,101-150,,Periyar University,Salem,Tamil Nadu
2021,Overall,101-150,,Sawai Man Singh Medical College,Jaipur,Rajasthan
2021,Overall,101-150,,Shoolini University of Biotechnology and Management Sciences,Solan,Himachal Pradesh
2021,Overall,101-150,,Sri Balaji Vidyapeeth Mahatma Gandhi Medical College Campus,Puducherry,Pondicherry
2021,Overall,101-150,,The University of Burdwan,Bardhaman,West Bengal
2021,Overall,101-150,,Thiagarajar College of Engineering,Madurai,Tamil Nadu
2021,Overall,101-150,,University of Jammu,Jammu,Jammu and Kashmir
2021,Overall,101-150,,University of Petroleum and Energy Studies,Dehradun,Uttarakhand
2021,Overall,101-150,,Utkal University,Bhubaneswar,Odisha
2021,Overall,101-150,,"Vignan's Foundation for Science, Technology and Research",Guntur,Andhra Pradesh
2021,Overall,101-150,,Visvesvaraya Technological University,Belgaum,Karnataka
2021,Overall,101-150,,Yenepoya University,Mangaluru,Karnataka
2021,Overall,151-200,,"Amity University Haryana, Gurgaon","Gurugram, Haryana",Haryana
2021,Overall,151-200,,"Amity University, Jaipur",Jaipur,Rajasthan
2021,Overall,151-200,,Annamalai University,Annamalainagar,Tamil Nadu
2021,Overall,151-200,,Anurag University,Hyderabad,Telangana
2021,Overall,151-200,,BLDE,Bijapur,Karnataka
2021,Overall,151-200,,"C.V. Raman Global University, Odisha",Bhubaneswar,Odisha
2021,Overall,151-200,,Central University of Kerala,Kasaragod,Kerala
2021,Overall,151-200,,Chandigarh Engineering College,Sahibzada Ajit Singh Nagar,Punjab
2021,Overall,151-200,,Chitkara University,Rajpura,Punjab
2021,Overall,151-200,,D. Y. Patil Educational Society,Kolhapur,Maharashtra
2021,Overall,151-200,,English & Foreign Languages University,Hyderabad,Telangana
2021,Overall,151-200,,Galgotias University,Gautam Budh Nagar,Uttar Pradesh
2021,Overall,151-200,,Institute of Engineering & Management,Kolkata,West Bengal
2021,Overall,151-200,,"Jain university, Bangalore",Bengluru,Karnataka
2021,Overall,151-200,,Jaypee Institute of Information Technology,Noida,Uttar Pradesh
2021,Overall,151-200,,Konaseema Institute of Medical Sciences Research Foundation,Amalapuram,Andhra Pradesh
2021,Overall,151-200,,Kumaraguru College of Technology,Coimbatore,Tamil Nadu
2021,Overall,151-200,,Kurukshetra University,Kurukshetra,Haryana
2021,Overall,151-200,,M. G. R. Educational and Research Institute,Chennai,Tamil Nadu
2021,Overall,151-200,,Maharishi Markandeshwar,Ambala,Haryana
2021,Overall,151-200,,Manav Rachna International Institute of Research & Studies,Faridabad,Haryana
2021,Overall,151-200,,Manipal University Jaipur,Jaipur,Rajasthan
2021,Overall,151-200,,Manipur University,Imphal,Manipur
2021,Overall,151-200,,Meenakshi Academy of Higher Education and Research,Chennai,Tamil Nadu
2021,Overall,151-200,,Mepco Schlenk Engineering College,Sivakasi,Tamil Nadu
2021,Overall,151-200,,MLR Institute of Technology,Hyderabad,Telangana
2021,Overall,151-200,,National Institute of Technology Hamirpur,Hamirpur,Himachal Pradesh
2021,Overall,151-200,,"NIMS University, Jaipur",Jaipur,Rajasthan
2021,Overall,151-200,,Nirma University,Ahmedabad,Gujarat
2021,Overall,151-200,,NMAM Institute of Technology,"Nitte, Udupi",Karnataka
2021,Overall,151-200,,"Pandit Dwarka Prasad Mishra Indian Institute of Information Technology, Design and Manufacturing (IIITDM) Jabalpur",Jabalpur,Madhya Pradesh
2021,Overall,151-200,,PES University,Bengaluru,Karnataka
2021,Overall,151-200,,Presidency University,Kolkata,West Bengal
2021,Overall,151-200,,Rabindranath Tagore University,Raisen,Madhya Pradesh
2021,Overall,151-200,,Rajalakshmi Engineering College,Chennai,Tamil Nadu
2021,Overall,151-200,,Rajiv Gandhi University,Itanagar,Arunachal Pradesh
2021,Overall,151-200,,SCB Medical College and Hospital,Cuttack,Odisha
2021,Overall,151-200,,Sharda University,Greater Noida,Uttar Pradesh
2021,Overall,151-200,,Shivaji University,Kolhapur,Maharashtra
2021,Overall,151-200,,Shri Mata Vaishno Devi University,Katra,Jammu and Kashmir
2021,Overall,151-200,,SR University,Warangal,Telangana
2021,Overall,151-200,,Sri Krishna College of Engineering and Technology,Coimbatore,Tamil Nadu
2021,Overall,151-200,,Sri Sairam Engineering College,Kancheepuram,Tamil Nadu
2021,Overall,151-200,,Sri Sathya Sai Institute of Higher Learning,Anantapur,Andhra Pradesh
2021,Overall,151-200,,Sri Venkateswara Institute of Medical Sciences,Tirupati,Andhra Pradesh
2021,Overall,151-200,,The Gandhigram Rural Institute,Gandhigram,Tamil Nadu
2021,Overall,151-200,,Vardhaman College of Engineering,Rangareddy,Telangana
2021,Overall,151-200,,Veer Surendra Sai University of Technology,Burla,Odisha
2021,Overall,151-200,,Vel Tech Rangarajan Dr. Sagunthala R & D Institute of Science and Technology,Chennai,Tamil Nadu
2021,Overall,151-200,,"Vels Institute of Science, Technology & Advanced Studies (VISTAS)",Chennai,Tamil Nadu
2021,College,101-150,,A. V. C. College,Nagapattinam,Tamil Nadu
2021,College,101-150,,A.P.C. Mahalaxmi College for Women,Thoothukkudi,Tamil Nadu
2021,College,101-150,,Anna Adarsh College for Women,Chennai,Tamil Nadu
2021,College,101-150,,Aryabhatta College,Delhi,Delhi
2021,College,101-150,,Bharathi Women's College,Chennai,Tamil Nadu
2021,College,101-150,,Catholicate College,Pathanamthitta,Kerala
2021,College,101-150,,Christ College (Autonomous),Thrissur,Kerala
2021,College,101-150,,CMS College of Science and Commerce,Coimbatore,Tamil Nadu
2021,College,101-150,,Delhi School of Professional Studies and Research,Delhi,Delhi
2021,College,101-150,,"Dr. D.Y.Patil Unitech Society Dr. D.Y.Patil Arts, Commerce and Science College",Pune,Maharashtra
2021,College,101-150,,Dr. S. N. S. Rajalakshmi College of Arts and Science,Coimbatore,Tamil Nadu
2021,College,101-150,,Fatima College,Madurai,Tamil Nadu
2021,College,101-150,,"Fatima Mata National College, Kollam",Kollam,Kerala
2021,College,101-150,,Goswami Ganesh Dutta S.D. College,Chandigarh,Chandigarh
2021,College,101-150,,Government Arts College,Salem,Tamil Nadu
2021,College,101-150,,"Government Arts College, Thiruvananthapuram",Thiruvananthapuram,Kerala
2021,College,101-150,,"Government College of Arts Science & Commerce, Khandola",Marcela,Goa
2021,College,101-150,,Hindusthan College of Arts and Science,Coimbatore,Tamil Nadu
2021,College,101-150,,Kalindi College,Delhi,Delhi
2021,College,101-150,,Keshav Mahavidyalya,Delhi,Delhi
2021,College,101-150,,Lady Brabourne College,Kolkata,West Bengal
2021,College,101-150,,Loreto College,Kolkata,West Bengal
2021,College,101-150,,Madura College,Madurai,Tamil Nadu
2021,College,101-150,,Mahatma Gandhi Government Arts College,Mahe,Pondicherry
2021,College,101-150,,Marian College,Kuttikanam,Kerala
2021,College,101-150,,Mehr Chand Mahajan D.A.V. College for Women,Chandigarh,Chandigarh
2021,College,101-150,,MG College,Thiruvananthapuram,Kerala
2021,College,101-150,,National College,Tiruchirappalli,Tamil Nadu
2021,College,101-150,,"Nesamony Memorial Christian College, Kanyakumari",Marthandam,Tamil Nadu
2021,College,101-150,,Newman College,Thodupuzha,Kerala
2021,College,101-150,,Nirmala College,Ernakulam,Kerala
2021,College,101-150,,Patna Women's College,Patna,Bihar
2021,College,101-150,,Ponda Education Society Shri Ravi S. Naik College of Arts and Science,North Goa,Goa
2021,College,101-150,,"PSMO College, Thirurangadi",Malappuram,Kerala
2021,College,101-150,,Raja Narendra Lal Khan Women's College - Autonomous,Midnapore,West Bengal
2021,College,101-150,,Rajdhani College,West,Delhi
2021,College,101-150,,Rathinam College of Arts and Science,Coimbatore,Tamil Nadu
2021,College,101-150,,Scottish Church College,Kolkata,West Bengal
2021,College,101-150,,SDNB Vaishnav College,Chennai,Tamil Nadu
2021,College,101-150,,Seethalakshmi Ramaswami College,Tiruchirappalli,Tamil Nadu
2021,College,101-150,,Shyam Lal College,Delhi,Delhi
2021,College,101-150,,St. Alberts College,Ernakulam,Kerala
2021,College,101-150,,"St. Dominic's College, Kanjirappally",Kottayam,Kerala
2021,College,101-150,,"St. Josephs Arts & Science College, Bangalore (Autonomous)",Bengaluru,Karnataka
2021,College,101-150,,St. Joseph's College,Thrissur,Kerala
2021,College,101-150,,St. Mary`s College,Thoothukudi,Tamil Nadu
2021,College,101-150,,St. Xavier`s College,Mumbai,Maharashtra
2021,College,101-150,,The American College,Madurai,Tamil Nadu
2021,College,101-150,,"Vimala College, Thrissur",Thrissur,Kerala
2021,College,101-150,,"Yashwantrao Chavan Institute of Science, Satara",Satara,Maharashtra
2021,College,151-200,,Aditi Mahavidyalaya,Delhi,Delhi
2021,College,151-200,,Arul Anandar College,Madurai,Tamil Nadu
2021,College,151-200,,Assumption College,Kottayam,Kerala
2021,College,151-200,,Auxilium College,Vellore,Tamil Nadu
2021,College,151-200,,"Baselius College, Kottayam",Kottayam,Kerala
2021,College,151-200,,Bhim Rao Ambedkar College,North East,Delhi
2021,College,151-200,,College of Vocational Studies,New Delhi,Delhi
2021,College,151-200,,Dempo Charities Trust Dhempe College of Arts & Science,North Goa,Goa
2021,College,151-200,,Dr. Ambedkar Government Arts College,Chennai,Tamil Nadu
2021,College,151-200,,"Government Arts & Science College, Kozhinjampara",Palakkad,Kerala
2021,College,151-200,,Government College,Rajahmundry,Andhra Pradesh
2021,College,151-200,,"Government College, Attingal",Thiruvananthapuram,Kerala
2021,College,151-200,,"Government Post Graduate College for Girls, Chandigarh, Sector-11",Chandigarh,Chandigarh
2021,College,151-200,,Guru Nanak College,Chennai,Tamil Nadu
2021,College,151-200,,Holy Cross College,Kanyakumari,Tamil Nadu
2021,College,151-200,,Indira Gandhi College of Arts and Science,Puducherry,Pondicherry
2021,College,151-200,,Institute of Science & Technology for Advanced Studies & Research (ISTAR),Vallabh Vidyanagar,Gujarat
2021,College,151-200,,Justice Basher Ahmed Sayeed College for Women,Chennai,Tamil Nadu
2021,College,151-200,,Lakshmi Bai College,Delhi,Delhi
2021,College,151-200,,Late Sushilabai Ramchandrarao Mamidwar College of Social Work,Chandrapur,Maharashtra
2021,College,151-200,,Loyala Academy,Hyderabad,Telangana
2021,College,151-200,,Mahendra Arts & Science College,Namakkal,Tamil Nadu
2021,College,151-200,,Mercy College,Palakkad,Kerala
2021,College,151-200,,Midnapore College,Paschim Medinipur,West Bengal
2021,College,151-200,,Morning Star Home Science College,Ernakulam,Kerala
2021,College,151-200,,Muthurangam Government Arts College,Vellore,Tamil Nadu
2021,College,151-200,,Nirmala College for Women,Coimbatore,Tamil Nadu
2021,College,151-200,,Nirmalagiri College,Kannur,Kerala
2021,College,151-200,,Nizam College,Hyderabad,Telangana
2021,College,151-200,,Pachhunga University College,Aizawl,Mizoram
2021,College,151-200,,Parvatibai Chowgule College of Arts & Science (Autonomous),South Goa,Goa
2021,College,151-200,,Rajah Serfoji Government College,Thanjavur,Tamil Nadu
2021,College,151-200,,Rani Anna Government College for Women,Tirunelveli,Tamil Nadu
2021,College,151-200,,Sacred Heart College (Autonomous),Tirupattur,Tamil Nadu
2021,College,151-200,,"Sarah Tucker College, Palayamkottai",Tirunelveli,Tamil Nadu
2021,College,151-200,,"Shikshan Prasarak Mandalis Sir Parshurambhau College Arts, Science & Commerce, Pune",Pune,Maharashtra
2021,College,151-200,,Shri M. V. & Smt. N. V. Virani Science College,Rajkot,Gujarat
2021,College,151-200,,Shri Shankarlal Sundarbai Shasun Jain College for Women,Chennai,Tamil Nadu
2021,College,151-200,,Shyam Lal College (Evening),Delhi,Delhi
2021,College,151-200,,"Sree Narayana College, Nattika",Thrissur,Kerala
2021,College,151-200,,Sri Aurobindo College (Eve.),Delhi,Delhi
2021,College,151-200,,Sri Guru Gobind Singh College of Commerce,Delhi,Delhi
2021,College,151-200,,St. Paul''s College,Ernakulam,Kerala
2021,College,151-200,,"St. Thomas College, Kozhencherry",Pathanamthitta,Kerala
2021,College,151-200,,St. Wilfred`s P. G. College,Jaipur,Rajasthan
2021,College,151-200,,"St. Xavier's College for Women, Aluva",Aluva,Kerala
2021,College,151-200,,St. Xavier's College of Arts Science & Commerce  Mapusa,North Goa,Goa
2021,College,151-200,,The New College,Chennai,Tamil Nadu
2021,College,151-200,,Union Christian College,Ernakulam,Kerala
2021,College,151-200,,Vivekananda College,Madurai,Tamil Nadu
2021,University,101-150,,"Amity University Haryana, Gurgaon","Gurugram, Haryana",Haryana
2021,University,101-150,,"Amity University, Jaipur",Jaipur,Rajasthan
2021,University,101-150,,Annamalai University,Annamalainagar,Tamil Nadu
2021,University,101-150,,Anurag University,Hyderabad,Telangana
2021,University,101-150,,BLDE,Bijapur,Karnataka
2021,University,101-150,,Central University of Kerala,Kasaragod,Kerala
2021,University,101-150,,Chitkara University,Rajpura,Punjab
2021,University,101-150,,Christ University,Bengaluru,Karnataka
2021,University,101-150,,D. Y. Patil Educational Society,Kolhapur,Maharashtra
2021,University,101-150,,Devi Ahilya Vishwavidyalaya,Indore,Madhya Pradesh
2021,University,101-150,,Dhirubhai Ambani Institute of Information and Communication Technology,Gandhinagar,Gujarat
2021,University,101-150,,Dibrugarh University,Dibrugarh,Assam
2021,University,101-150,,English & Foreign Languages University,Hyderabad,Telangana
2021,University,101-150,,"Indraprastha Institute of Information Technology, Delhi",New Delhi,Delhi
2021,University,101-150,,Jaypee Institute of Information Technology,Noida,Uttar Pradesh
2021,University,101-150,,Jaypee University of Information Technology,Solan,Himachal Pradesh
2021,University,101-150,,Kalyani University,Kalyani,West Bengal
2021,University,101-150,,Karunya Institute of Technology and Sciences,Coimbatore,Tamil Nadu
2021,University,101-150,,Kurukshetra University,Kurukshetra,Haryana
2021,University,101-150,,M. G. R. Educational and Research Institute,Chennai,Tamil Nadu
2021,University,101-150,,Maharishi Markandeshwar,Ambala,Haryana
2021,University,101-150,,Manav Rachna International Institute of Research & Studies,Faridabad,Haryana
2021,University,101-150,,Manipal University Jaipur,Jaipur,Rajasthan
2021,University,101-150,,Manipur University,Imphal,Manipur
2021,University,101-150,,Meenakshi Academy of Higher Education and Research,Chennai,Tamil Nadu
2021,University,101-150,,Mizoram University,Aizawl,Mizoram
2021,University,101-150,,"NIMS University, Jaipur",Jaipur,Rajasthan
2021,University,101-150,,Nirma University,Ahmedabad,Gujarat
2021,University,101-150,,PES University,Bengaluru,Karnataka
2021,University,101-150,,"Pravara Institute of Medical Sciences, Ahmednagar",Ahmednagar,Maharashtra
2021,University,101-150,,Presidency University,Kolkata,West Bengal
2021,University,101-150,,Rabindranath Tagore University,Raisen,Madhya Pradesh
2021,University,101-150,,Rajiv Gandhi University,Itanagar,Arunachal Pradesh
2021,University,101-150,,Sharda University,Greater Noida,Uttar Pradesh
2021,University,101-150,,Shivaji University,Kolhapur,Maharashtra
2021,University,101-150,,Shri Mata Vaishno Devi University,Katra,Jammu and Kashmir
2021,University,101-150,,Sikkim Manipal University,Gangtok,Sikkim
2021,University,101-150,,Sikkim University,Gangtok,Sikkim
2021,University,101-150,,SR University,Warangal,Telangana
2021,University,101-150,,Sri Devraj Urs Academy of Higher Education and Research,Kolar,Karnataka
2021,University,101-150,,Sri Sathya Sai Institute of Higher Learning,Anantapur,Andhra Pradesh
2021,University,101-150,,Sri Venkateswara Institute of Medical Sciences,Tirupati,Andhra Pradesh
2021,University,101-150,,"Sumandeep Vidyapeeth, Vadodara",Vadodara,Gujarat
2021,University,101-150,,The Gandhigram Rural Institute,Gandhigram,Tamil Nadu
2021,University,101-150,,Veer Surendra Sai University of Technology,Burla,Odisha
2021,University,101-150,,Vel Tech Rangarajan Dr. Sagunthala R & D Institute of Science and Technology,Chennai,Tamil Nadu
2021,University,101-150,,"Vels Institute of Science, Technology & Advanced Studies (VISTAS)",Chennai,Tamil Nadu
2021,University,101-150,,Vinayaka Mission''s Research Foundation,Salem,Tamil Nadu
2021,University,101-150,,Yenepoya University,Mangaluru,Karnataka
2021,University,101-150,,Yogi Vemana University,Kadapa,Andhra Pradesh
2021,University,151-200,,Acharaya Nagarjuna University,Guntur,Andhra Pradesh
2021,University,151-200,,Assam Don Bosco University,Azara,Assam
2021,University,151-200,,B. S. Abdur Rahman Crescent Institute of Science and Technology,Chennai,Tamil Nadu
2021,University,151-200,,"C.V. Raman Global University, Odisha",Bhubaneswar,Odisha
2021,University,151-200,,Central University of Kashmir,Ganderbal,Jammu and Kashmir
2021,University,151-200,,Central University of Rajasthan,Kishangarh,Rajasthan
2021,University,151-200,,Central University of Tamil Nadu,Tiruvarur,Tamil Nadu
2021,University,151-200,,Centre for Environmental Planning and Technology University,Ahmedabad,Gujarat
2021,University,151-200,,Centurion  University  of Technology and Management,Paralakhemundi,Odisha
2021,University,151-200,,Charotar University of Science & Technology,Changa,Gujarat
2021,University,151-200,,Dharmsinh Desai University,Nadiad,Gujarat
2021,University,151-200,,"Dr. B.R. Ambedkar University, Delhi",Delhi,Delhi
2021,University,151-200,,G. L. A. University,Mathura,Uttar Pradesh
2021,University,151-200,,Galgotias University,Gautam Budh Nagar,Uttar Pradesh
2021,University,151-200,,Hindustan Institute of Technology and Science (HITS),Chennai,Tamil Nadu
2021,University,151-200,,ICFAI Foundation for Higher Education,Hyderabad,Telangana
2021,University,151-200,,"Islamic University of Science & Technology, Pulwama",Pulwama,Jammu and Kashmir
2021,University,151-200,,Jawaharlal Nehru Technological University,Anantapur,Andhra Pradesh
2021,University,151-200,,Jayoti Vidyapeeth Women's University,Jaipur,Rajasthan
2021,University,151-200,,JSS Science and Technology University,Mysuru,Karnataka
2021,University,151-200,,"Kalinga University, Raipur",Raipur,Chhattisgarh
2021,University,151-200,,Karpagam Academy of Higher Education,Coimbatore,Tamil Nadu
2021,University,151-200,,KLE Technological University,Dharwad,Karnataka
2021,University,151-200,,Maharani Cluster University,Bengaluru,Karnataka
2021,University,151-200,,Mangalore University,Mangalore,Karnataka
2021,University,151-200,,Maulana Abul Kalam Azad University of Technology,Nadia,West Bengal
2021,University,151-200,,MGM Institute of Health Sciences,Navi Mumbai,Maharashtra
2021,University,151-200,,Mohan Lal Sukhadia University,Udaipur,Rajasthan
2021,University,151-200,,Nagaland University,Zunheboto,Nagaland
2021,University,151-200,,North Bengal University,Darjeeling,West Bengal
2021,University,151-200,,North Maharashtra University,Umavinagar,Maharashtra
2021,University,151-200,,Pt. Ravishankar Shukla University,Raipur,Chhattisgarh
2021,University,151-200,,"Punjabi University, Patiala",Patiala,Punjab
2021,University,151-200,,Rayalaseema University,Kurnool,Andhra Pradesh
2021,University,151-200,,RK University,Rajkot,Gujarat
2021,University,151-200,,Sant Longowal Institute of Engineering & Technology,Longowal,Punjab
2021,University,151-200,,"Shree Sankaracharya Univeristy of Sanskrit, Kalady",Ernakulam,Kerala
2021,University,151-200,,Sri Chandrasekharendra Saraswathi Vishwa Mahavidyalaya,Kancheepuram,Tamil Nadu
2021,University,151-200,,Sri Krishnadevaraya University,Anantapur,Andhra Pradesh
2021,University,151-200,,Sri Padmavathi Mahila Visvavidyalayam,Tirupathi,Andhra Pradesh
2021,University,151-200,,Sri Siddhartha Academy of Higher Education,Tumkur,Karnataka
2021,University,151-200,,Suresh Gyan Vihar University,Jaipur,Rajasthan
2021,University,151-200,,The Indira Gandhi National Tribal University,Amarkantak,Madhya Pradesh
2021,University,151-200,,The Northcap University,Gurugram,Haryana
2021,University,151-200,,The Rashtrasant Tukadoji Maharaj Nagpur University,Nagpur,Maharashtra
2021,University,151-200,,"Tumkur University, Tumkur",Tumkur,Karnataka
2021,University,151-200,,University of Lucknow,Lucknow,Uttar Pradesh
2021,University,151-200,,Vidyasagar University,Midnapore,West Bengal
2021,University,151-200,,Xavier University,Bhubaneswar,Odisha
2021,University,151-200,,YMCA University of Science & Tech (Formerely YMCA Institute of Engineering),Faridabad,Haryana
2022,Engineering,101-150,,Annamalai University,Annamalainagar,Tamil Nadu
2022,Engineering,101-150,,Bangalore University,Bangalore,Karnataka
2022,Engineering,101-150,,BNM Institute of Technology,Bengaluru,Karnataka
2022,Engineering,101-150,,BVRIT Hyderabad College of Engineering for Women,Hyderabad,Telangana
2022,Engineering,101-150,,Centurion University of Technology and Management,Paralakhemundi,Odisha
2022,Engineering,101-150,,CMR College of Engineering & Technology,Hyderabad,Telangana
2022,Engineering,101-150,,CMR Institute of Technology,Hyderabad,Telangana
2022,Engineering,101-150,,CMR Technical Campus,Hyderabad,Telangana
2022,Engineering,101-150,,College of Technology and Engineering,Udaipur,Rajasthan
2022,Engineering,101-150,,"Dr. B.C. Roy Engineering College, Durgapur",Bardhaman,West Bengal
2022,Engineering,101-150,,"Gandhi Institute for Technological Aavancement (GITA), Bhubaneswar",Bhubaneswar,Odisha
2022,Engineering,101-150,,Godavari Institute of Engineering & Technology,Rajahmundry,Andhra Pradesh
2022,Engineering,101-150,,"Government Engineering College, Thrissur",Thrissur,Kerala
2022,Engineering,101-150,,Gurunanak Institute of Technology,North Twenty Four Parganas,West Bengal
2022,Engineering,101-150,,Heritage Institute of Technology,Kolkata,West Bengal
2022,Engineering,101-150,,Institute of Aeronautical Engineering,Hyderabad,Telangana
2022,Engineering,101-150,,Institute of Engineering & Management,Kolkata,West Bengal
2022,Engineering,101-150,,International Institute of Information Technology Bhubaneswar,Bhubaneswar,Odisha
2022,Engineering,101-150,,JIS College of Engineering,Kalyani,West Bengal
2022,Engineering,101-150,,JNTUA College of Engineering,Anantapur,Andhra Pradesh
2022,Engineering,101-150,,Kakatiya Institute of Technology & Science,Warangal,Telangana
2022,Engineering,101-150,,KPR Institute of Engineering and Technology,Coimbatore,Tamil Nadu
2022,Engineering,101-150,,M. G. R. Educational and Research Institute,Chennai,Tamil Nadu
2022,Engineering,101-150,,Maharaja Agrasen Institute of Technology,Delhi,Delhi
2022,Engineering,101-150,,Maharshi Karve Stree Shikshan Samstha's Cummins College of Engineering for Women,Pune,Maharashtra
2022,Engineering,101-150,,Malla Reddy Engineering College,Hyderabad,Telangana
2022,Engineering,101-150,,Maulana Abul Kalam Azad University of Technology,Nadia,West Bengal
2022,Engineering,101-150,,Narula Institute of Technology,Kolkata,West Bengal
2022,Engineering,101-150,,National Institute of Technology Nagaland,Dimapur,Nagaland
2022,Engineering,101-150,,North Eastern Regional Institute of Science & Technology,Itanagar,Arunachal Pradesh
2022,Engineering,101-150,,Padmasri Dr. B.V. Raju Institute of Technology,Medak,Telangana
2022,Engineering,101-150,,Panimalar Engineering College,Thiruvallur,Tamil Nadu
2022,Engineering,101-150,,Prasad V Potluri Siddhartha Institute of Technology,Vijayawada,Andhra Pradesh
2022,Engineering,101-150,,R. M. K. College of Engineering and Technology,Thiruvallur,Tamil Nadu
2022,Engineering,101-150,,R. V. R. & J. C. College of Engineering,Guntur,Andhra Pradesh
2022,Engineering,101-150,,R.M.D Engineering College,Thiruvallur,Tamil Nadu
2022,Engineering,101-150,,Rajagiri School of Engineering and Technology (AUTONOMOUS),Ernakulam,Kerala
2022,Engineering,101-150,,Rajalakshmi Institute of Technology,Thiruvallur,Tamil Nadu
2022,Engineering,101-150,,Rajeev Gandhi Memorial College of Engineering & Technology,Nandyal,Andhra Pradesh
2022,Engineering,101-150,,Shri G. S. Institute of Technology & Science,Indore,Madhya Pradesh
2022,Engineering,101-150,,Shri Vishnu Engineering College for Women,Bhimavaram,Andhra Pradesh
2022,Engineering,101-150,,Sikkim Manipal Institute of Technology (SMIT),Rangpo,Sikkim
2022,Engineering,101-150,,SNS College of Technology,Coimbatore,Tamil Nadu
2022,Engineering,101-150,,Sri Ramakrishna Engineering College,Coimbatore,Tamil Nadu
2022,Engineering,101-150,,Sri Sai Ram Institute of Technology,Chennai,Tamil Nadu
2022,Engineering,101-150,,Sri Venkateswara College of Engineering,Kancheepuram,Tamil Nadu
2022,Engineering,101-150,,The National Institute of Engineering,Mysore,Karnataka
2022,Engineering,101-150,,University College of Engingeering,Kakinada,Andhra Pradesh
2022,Engineering,101-150,,Vignan Institute of Technology and Science,Yadadri-Bhuvangiri,Telangana
2022,Engineering,101-150,,Walchand College of Engineering,Sangli,Maharashtra
2022,Engineering,151-200,,ABES Engineering College,Ghaziabad,Uttar Pradesh
2022,Engineering,151-200,,Academy of Maritime Education and Training,Kancheepuram,Tamil Nadu
2022,Engineering,151-200,,Alliance University,Bengaluru,Karnataka
2022,Engineering,151-200,,Anil Neerukonda Institute of Technology & Sciences,Visakhapatnam,Andhra Pradesh
2022,Engineering,151-200,,B I T Sindri,Dhanbad,Jharkhand
2022,Engineering,151-200,,Basaveshwar Engineering College,Bagalkot,Karnataka
2022,Engineering,151-200,,CMR Engineering College,Rangareddy,Telangana
2022,Engineering,151-200,,Dr. D. Y. Patil Educational Enterprises Charitable Trust`s Dr. D. Y. Patil Group of Institutions Dr. D. Y. Patil School of Engineering,Pune,Maharashtra
2022,Engineering,151-200,,E.G.S. Pillay Engineering College,Nagapattinam,Tamil Nadu
2022,Engineering,151-200,,G. B. Pant Government Engineering College,Delhi,Delhi
2022,Engineering,151-200,,G. Narayanamma Institute of Technology & Science for Women,Hyderabad,Telangana
2022,Engineering,151-200,,G. Pulla Reddy Engineering College,Kurnool,Andhra Pradesh
2022,Engineering,151-200,,Gandhi Institute of Engineering and Technology,Gunupur,Odisha
2022,Engineering,151-200,,Gayatri Vidya Parishad College of Engineering,Visakhapatnam,Andhra Pradesh
2022,Engineering,151-200,,"Gogte Institute of Technology, Belgaum",Belagavi,Karnataka
2022,Engineering,151-200,,Haldia Institute of Technology,Haldia,West Bengal
2022,Engineering,151-200,,Integral University,Lucknow,Uttar Pradesh
2022,Engineering,151-200,,JSPM`S Rajarshi Shahu College of Engineering,Pune,Maharashtra
2022,Engineering,151-200,,"JSS Academy Of Technical Education, Noida",Gautam Budh Nagar,Uttar Pradesh
2022,Engineering,151-200,,K. J. Somaiya College of Engineering,Mumbai,Maharashtra
2022,Engineering,151-200,,K. Ramakrishnan College of Engineering,Samayapuram,Tamil Nadu
2022,Engineering,151-200,,Kalaignar Karunanidhi Institute of Technology,Coimbatore,Tamil Nadu
2022,Engineering,151-200,,Karpagam College of Engineering,Coimbatore,Tamil Nadu
2022,Engineering,151-200,,Kurukshetra University,Kurukshetra,Haryana
2022,Engineering,151-200,,Lakireddy Bali Reddy College of Engineering,Mylavaram,Andhra Pradesh
2022,Engineering,151-200,,Lakshmi Narain College of Technology,Bhopal,Madhya Pradesh
2022,Engineering,151-200,,Laxminarayan Institute of Technology,Nagpur,Maharashtra
2022,Engineering,151-200,,Madan Mohan Malaviya University of Technology,Gorakhpur,Uttar Pradesh
2022,Engineering,151-200,,Madanapalle Institute of Technology & Science,Madanapalle,Andhra Pradesh
2022,Engineering,151-200,,Mahatma Gandhi Institute of Technology,Hyderabad,Telangana
2022,Engineering,151-200,,Malla Reddy College of Engineering and Technology (Autonomous),Secunderabad,Telangana
2022,Engineering,151-200,,Manav Rachna University,Faridabad,Haryana
2022,Engineering,151-200,,Muthoot Institute of Technology and Science,Puthencruz,Kerala
2022,Engineering,151-200,,Narasaraopeta Engineering College,Narasaraopet,Andhra Pradesh
2022,Engineering,151-200,,National Institute of Technology Andhra Pradesh,Tadepalligudem,Andhra Pradesh
2022,Engineering,151-200,,Pimpri Chinchwad College of Engineering,Pune,Maharashtra
2022,Engineering,151-200,,Prof. Ram Meghe Institute of Technology & Research,Badnera Amravati,Maharashtra
2022,Engineering,151-200,,QIS College of Engineering & Technology,Ongole,Andhra Pradesh
2022,Engineering,151-200,,Rajiv Gandhi Proudyogiki Vishwavidyalaya,Bhopal,Madhya Pradesh
2022,Engineering,151-200,,Ramrao Adik Institute of Technology,Navi Mumbai,Maharashtra
2022,Engineering,151-200,,S. D. M. College of Engineering & Technology,Dharwad,Karnataka
2022,Engineering,151-200,,Sagi Ramakrishnam Raju Engineering College,Bhimavaram,Andhra Pradesh
2022,Engineering,151-200,,Siddhartha Institute of Technology & Science,Hyderabad,Telangana
2022,Engineering,151-200,,Sri Guru Granth Sahib World University,Fatehgarh Sahib,Punjab
2022,Engineering,151-200,,Sri Venkateswara University,Tirupati,Andhra Pradesh
2022,Engineering,151-200,,St. Josephs College of Engineering,Kancheepuram,Tamil Nadu
2022,Engineering,151-200,,"The LNM Institute of Information Technology, Jaipur",Jaipur,Rajasthan
2022,Engineering,151-200,,TKM College of Engineering,Kollam,Kerala
2022,Engineering,151-200,,Vasavi College of Engineering,Hyderabad,Telangana
2022,Engineering,151-200,,"Vidyavardhaka College of Engineering, Mysore",Mysuru,Karnataka
2022,Overall,101-150,,"All India Institute of Medical Sciences, Rishikesh",Rishikesh,Uttarakhand
2022,Overall,101-150,,Ashoka University,Sonepat,Haryana
2022,Overall,101-150,,Avinashilingam Institute for Home Science & Higher Education for Women,Coimbatore,Tamil Nadu
2022,Overall,101-150,,Bharati Vidyapeeth,Pune,Maharashtra
2022,Overall,101-150,,Birla Institute of Technology,Ranchi,Jharkhand
2022,Overall,101-150,,"Calicut University, Thenhipalem",Malappuram,Kerala
2022,Overall,101-150,,Central University of Punjab,Bathinda,Punjab
2022,Overall,101-150,,Central University of Tamil Nadu,Tiruvarur,Tamil Nadu
2022,Overall,101-150,,Chettinad Academy of Research and Education,"Kelambakkam, Chengalpattu District",Tamil Nadu
2022,Overall,101-150,,Christ University,Bengaluru,Karnataka
2022,Overall,101-150,,"College of Engineering, Pune",Pune,Maharashtra
2022,Overall,101-150,,"Dr. Babasaheb Ambedkar Marathwada University, Aurangabad",Aurangabad,Maharashtra
2022,Overall,101-150,,Gandhi Institute of Technology and Management,Visakhapatnam,Andhra Pradesh
2022,Overall,101-150,,Graphic Era University,Dehradun,Uttarakhand
2022,Overall,101-150,,Guru Gobind Singh Indraprastha University,New Delhi,Delhi
2022,Overall,101-150,,Indian Institute of Science Education & Research Thiruvananthapuram,Thiruvananthapuram,Kerala
2022,Overall,101-150,,"Jain University, Bangalore",Bengluru,Karnataka
2022,Overall,101-150,,Karunya Institute of Technology and Sciences,Coimbatore,Tamil Nadu
2022,Overall,101-150,,KLE Academy of Higher Education and Research,Belagavi,Karnataka
2022,Overall,101-150,,"Krishna Institute of Medical Sciences Deemed University, Karad",Karad,Maharashtra
2022,Overall,101-150,,Kuvempu University,Shivamogga,Karnataka
2022,Overall,101-150,,M. S. Ramaiah Institute of Technology,Bengaluru,Karnataka
2022,Overall,101-150,,Maharishi Markandeshwar,Ambala,Haryana
2022,Overall,101-150,,Maharshi Dayanand University,Rohtak,Haryana
2022,Overall,101-150,,Mahatma Gandhi Medical College and Research Institute,Puducherry,Pondicherry
2022,Overall,101-150,,"Manonmaniam Sundaranar University, Tirunelveli",Tirunelveli,Tamil Nadu
2022,Overall,101-150,,Maulana Azad National Institute of Technology,Bhopal,Madhya Pradesh
2022,Overall,101-150,,Mizoram University,Aizawl,Mizoram
2022,Overall,101-150,,Motilal Nehru National Institute of Technology,Prayagraj,Uttar Pradesh
2022,Overall,101-150,,"National Institute of Industrial Engineering, Mumbai",Mumbai,Maharashtra
2022,Overall,101-150,,"National Institute of Technology, Srinagar",Srinagar,Jammu and Kashmir
2022,Overall,101-150,,"National Institute of Technology, Patna",Patna,Bihar
2022,Overall,101-150,,"National Institute of Technology, Raipur",Raipur,Chhattisgarh
2022,Overall,101-150,,NITTE,Mangaluru,Karnataka
2022,Overall,101-150,,North Eastern Hill University,Shillong,Meghalaya
2022,Overall,101-150,,"Padmashree Dr. D. Y. Patil Vidyapeeth, Mumbai",Mumbai,Maharashtra
2022,Overall,101-150,,Periyar University,Salem,Tamil Nadu
2022,Overall,101-150,,Pondicherry University,Puducherry,Pondicherry
2022,Overall,101-150,,PSG College of Technology,Coimbatore,Tamil Nadu
2022,Overall,101-150,,Sardar Vallabhbhai National Institute of Technology,Surat,Gujarat
2022,Overall,101-150,,Sawai Man Singh Medical College,Jaipur,Rajasthan
2022,Overall,101-150,,Shoolini University of Biotechnology and Management Sciences,Solan,Himachal Pradesh
2022,Overall,101-150,,Sri Balaji Vidyapeeth Mahatma Gandhi Medical College Campus,Puducherry,Pondicherry
2022,Overall,101-150,,Sri Krishna College of Engineering and Technology,Coimbatore,Tamil Nadu
2022,Overall,101-150,,Sri Venkateswara University,Tirupati,Andhra Pradesh
2022,Overall,101-150,,The University of Burdwan,Bardhaman,West Bengal
2022,Overall,101-150,,Utkal University,Bhubaneswar,Odisha
2022,Overall,101-150,,"Vignan's Foundation for Science, Technology and Research",Guntur,Andhra Pradesh
2022,Overall,101-150,,Visva Bharati,Santiniketan,West Bengal
2022,Overall,101-150,,Yenepoya University,Mangaluru,Karnataka
2022,Overall,151-200,,"Amity University Haryana, Gurgaon","Gurugram, Haryana",Haryana
2022,Overall,151-200,,"Amity University, Jaipur",Jaipur,Rajasthan
2022,Overall,151-200,,Annamalai University,Annamalainagar,Tamil Nadu
2022,Overall,151-200,,Anurag University,Hyderabad,Telangana
2022,Overall,151-200,,"Assam University, Silchar",Silchar,Assam
2022,Overall,151-200,,B.M.S. College of Engineering,Bengaluru,Karnataka
2022,Overall,151-200,,BLDE,Vijayapura,Karnataka
2022,Overall,151-200,,"C.V. Raman Global University, Odisha",Bhubaneswar,Odisha
2022,Overall,151-200,,Central University of Kerala,Kasaragod,Kerala
2022,Overall,151-200,,Chandigarh Engineering College,Sahibzada Ajit Singh Nagar,Punjab
2022,Overall,151-200,,Dayalbagh Educational Institute,Agra,Uttar Pradesh
2022,Overall,151-200,,Devi Ahilya Vishwavidyalaya,Indore,Madhya Pradesh
2022,Overall,151-200,,Dibrugarh University,Dibrugarh,Assam
2022,Overall,151-200,,Goa University,Goa,Goa
2022,Overall,151-200,,"Guru Jambheshwar University of Science and Technology, Hissar",Hisar,Haryana
2022,Overall,151-200,,Hindustan Institute of Technology and Science (HITS),Chennai,Tamil Nadu
2022,Overall,151-200,,Indraprastha Institute of Information Technology Delhi,New Delhi,Delhi
2022,Overall,151-200,,International Institute of Information Technology Hyderabad,Hyderabad,Telangana
2022,Overall,151-200,,Jawaharlal Nehru Technological University,Kakinada,Andhra Pradesh
2022,Overall,151-200,,"Kalinga University, Raipur",Raipur,Chhattisgarh
2022,Overall,151-200,,Kalyani University,Kalyani,West Bengal
2022,Overall,151-200,,Konaseema Institute of Medical Sciences Research Foundation,Amalapuram,Andhra Pradesh
2022,Overall,151-200,,Kurukshetra University,Kurukshetra,Haryana
2022,Overall,151-200,,M. G. R. Educational and Research Institute,Chennai,Tamil Nadu
2022,Overall,151-200,,Maharaja Sayajirao University of Baroda,Vadodara,Gujarat
2022,Overall,151-200,,Manav Rachna International Institute of Research & Studies,Faridabad,Haryana
2022,Overall,151-200,,"Manipal University, Jaipur",Jaipur,Rajasthan
2022,Overall,151-200,,Manipur University,Imphal,Manipur
2022,Overall,151-200,,Meenakshi Academy of Higher Education and Research,Chennai,Tamil Nadu
2022,Overall,151-200,,Mepco Schlenk Engineering College,Sivakasi,Tamil Nadu
2022,Overall,151-200,,Netaji Subhas University of Technology (NSUT),South West,Delhi
2022,Overall,151-200,,"NIMS University, Jaipur",Jaipur,Rajasthan
2022,Overall,151-200,,Nirma University,Ahmedabad,Gujarat
2022,Overall,151-200,,Presidency University,Kolkata,West Bengal
2022,Overall,151-200,,"PSG Institute of Medical Sciences & Research, Coimbatore",Coimbatore,Tamil Nadu
2022,Overall,151-200,,Rajalakshmi Engineering College,Chennai,Tamil Nadu
2022,Overall,151-200,,SCB Medical College and Hospital,Cuttack,Odisha
2022,Overall,151-200,,Sharda University,Greater Noida,Uttar Pradesh
2022,Overall,151-200,,Sikkim Manipal University,Gangtok,Sikkim
2022,Overall,151-200,,SR University,Warangal,Telangana
2022,Overall,151-200,,Sri Sairam Engineering College,Kancheepuram,Tamil Nadu
2022,Overall,151-200,,Sri Sathya Sai Institute of Higher Learning,Anantapur,Andhra Pradesh
2022,Overall,151-200,,Sri Venkateswara Institute of Medical Sciences,Tirupati,Andhra Pradesh
2022,Overall,151-200,,Thiagarajar College of Engineering,Madurai,Tamil Nadu
2022,Overall,151-200,,Vallurupalli Nageswara Rao Vignana Jyothi Institute of Engineering and Technology,Hyderabad,Telangana
2022,Overall,151-200,,Veer Surendra Sai University of Technology,Burla,Odisha
2022,Overall,151-200,,Vel Tech Rangarajan Dr. Sagunthala R & D Institute of Science and Technology,Chennai,Tamil Nadu
2022,Overall,151-200,,Velagapudi Ramakrishna Siddhartha Engineering College,Vijayawada,Andhra Pradesh
2022,Overall,151-200,,Vinayaka Mission's Research Foundation,Salem,Tamil Nadu
2022,Overall,151-200,,Yogi Vemana University,Kadapa,Andhra Pradesh
2022,College,101-150,,A. V. C. College,Mayiladuthurai,Tamil Nadu
2022,College,101-150,,Anna Adarsh College for Women,Chennai,Tamil Nadu
2022,College,101-150,,Aryabhatta College,Delhi,Delhi
2022,College,101-150,,Assumption College,Kottayam,Kerala
2022,College,101-150,,Bharathi Womens College,Chennai,Tamil Nadu
2022,College,101-150,,Catholicate College,Pathanamthitta,Kerala
2022,College,101-150,,Christ College (Autonomous),Thrissur,Kerala
2022,College,101-150,,Delhi College of Arts & Commerce,South West,Delhi
2022,College,101-150,,Dhanalakshmi Srinivasan College of Arts & Science for Women,Perambalur,Tamil Nadu
2022,College,101-150,,Dr. S. N. S. Rajalakshmi College of Arts and Science,Coimbatore,Tamil Nadu
2022,College,101-150,,"Farook College, Kozhikkode",Kozhikode,Kerala
2022,College,101-150,,Fatima College,Madurai,Tamil Nadu
2022,College,101-150,,Goswami Ganesh Dutta S.D. College,Chandigarh,Chandigarh
2022,College,101-150,,"Government Arts College, Thiruvananthapuram",Thiruvananthapuram,Kerala
2022,College,101-150,,"Government Arts College, Tiruppur",Udumalpet,Tamil Nadu
2022,College,101-150,,Government Brennen College,Kannur,Kerala
2022,College,101-150,,"Government College, Nattakom, Kottayam",Kottayam,Kerala
2022,College,101-150,,"Government Institute of Science, Nagpur",Nagpur,Maharashtra
2022,College,101-150,,Guru Nanak College,Chennai,Tamil Nadu
2022,College,101-150,,Hindusthan College of Arts and Science,Coimbatore,Tamil Nadu
2022,College,101-150,,"Institute of Science & Technology for Advanced Studies & Research (ISTAR)(SFI),Vallabh Vidyanagar",Vallabh Vidyanagar,Gujarat
2022,College,101-150,,Janki Devi Memorial College,Central,Delhi
2022,College,101-150,,Kalindi College,Delhi,Delhi
2022,College,101-150,,Kristu Jayanti College,Bengaluru,Karnataka
2022,College,101-150,,Loreto College,Kolkata,West Bengal
2022,College,101-150,,Loyala Academy,Hyderabad,Telangana
2022,College,101-150,,"Marian College, Kuttikanam P.O. Peermade",Kuttikanam,Kerala
2022,College,101-150,,Mehr Chand Mahajan D.A.V. College for Women,Chandigarh,Chandigarh
2022,College,101-150,,N. G. M. College,Pollachi,Tamil Nadu
2022,College,101-150,,National College,Tiruchirappalli,Tamil Nadu
2022,College,101-150,,"Nirmala College, Muvattupuzha",Ernakulam,Kerala
2022,College,101-150,,Ponda Education Society Shri Ravi S Naik College of Arts & Science,North Goa,Goa
2022,College,101-150,,"PSMO College, Thirurangadi",Malappuram,Kerala
2022,College,101-150,,"Rajah Serfoji Government College, Thanjavur",Thanjavur,Tamil Nadu
2022,College,101-150,,Rajdhani College,West,Delhi
2022,College,101-150,,Rathinam College of Arts and Science,Coimbatore,Tamil Nadu
2022,College,101-150,,"S S Jain Subodh P G College, Jaipur",Jaipur,Rajasthan
2022,College,101-150,,Scottish Church College,Kolkata,West Bengal
2022,College,101-150,,SDNB Vaishnav College,Chennai,Tamil Nadu
2022,College,101-150,,Seethalakshmi Ramaswami College,Tiruchirappalli,Tamil Nadu
2022,College,101-150,,Shri M. V. & Smt. N. V. Virani Science College,Rajkot,Gujarat
2022,College,101-150,,Sri Sarada College for Women(Autonomous),Salem,Tamil Nadu
2022,College,101-150,,St. Aloysius College,Mangaluru,Karnataka
2022,College,101-150,,"St. Dominic`s College, Parathod P.O., Kanjirappally",Kottayam,Kerala
2022,College,101-150,,St. Francis College for Women,Hyderabad,Telangana
2022,College,101-150,,"St. Josephs Arts & Science College, Lalbhag Rd, Bangalore",Bengaluru,Karnataka
2022,College,101-150,,St. Joseph's College,Thrissur,Kerala
2022,College,101-150,,St. Mary`s College,Thoothukudi,Tamil Nadu
2022,College,101-150,,"St. Xavier`s College for Women, Aluva",Aluva,Kerala
2022,College,101-150,,The American College,Madurai,Tamil Nadu
2022,College,151-200,,A.P.C. Mahalaxmi College for Women,Thoothukkudi,Tamil Nadu
2022,College,151-200,,Auxilium College,Vellore,Tamil Nadu
2022,College,151-200,,B. V. Raju College,West Godavari,Andhra Pradesh
2022,College,151-200,,"Baselius College, Kottayam",Kottayam,Kerala
2022,College,151-200,,Bharathidasan Government College for Women,Puducherry,Pondicherry
2022,College,151-200,,"Bhavans Vivekananda College of Science, Humanities and Commerce",Secunderabad,Telangana
2022,College,151-200,,Bhim Rao Ambedkar College,North East,Delhi
2022,College,151-200,,Bon Secours College for Women,Thanjavur,Tamil Nadu
2022,College,151-200,,D.A.V.College,Chandigarh- (U.T),Chandigarh
2022,College,151-200,,Dempo Charities Trust Dhempe College of Arts & Science,North Goa,Goa
2022,College,151-200,,DG Vaishnav College,Chennai,Tamil Nadu
2022,College,151-200,,Dr. Ambedkar Government Arts College,Chennai,Tamil Nadu
2022,College,151-200,,"Government Arts College, Salem",Salem,Tamil Nadu
2022,College,151-200,,Government Arts College Thiruvannamalai,Thiruvannamalai,Tamil Nadu
2022,College,151-200,,"Government Arts College, Kumbakonam",Kumbakonam,Tamil Nadu
2022,College,151-200,,Government College,Rajahmundry,Andhra Pradesh
2022,College,151-200,,"Government College for Women, Kumbakonam",Kumbakonam,Tamil Nadu
2022,College,151-200,,"Government College Kasaragod, Vidya Nagar",Kasaragod,Kerala
2022,College,151-200,,"Government Post-graduate College for Girls, Sector-11",Chandigarh,Chandigarh
2022,College,151-200,,Holy Cross College,Nagercoil,Tamil Nadu
2022,College,151-200,,Justice Basher Ahmed Sayeed College for Women,Chennai,Tamil Nadu
2022,College,151-200,,Lakshmi Bai College,Delhi,Delhi
2022,College,151-200,,Madura College,Madurai,Tamil Nadu
2022,College,151-200,,Maharaja Surajmal Institute,West,Delhi
2022,College,151-200,,Malankara Catholic College,Kanniyakumari,Tamil Nadu
2022,College,151-200,,MOP Vaishnav College for Women,Chennai,Tamil Nadu
2022,College,151-200,,"Nehru Arts & Science College, Kasaragod",Kasaragod,Kerala
2022,College,151-200,,"Nehru Arts and Science College, Coimbatore",Coimbatore,Tamil Nadu
2022,College,151-200,,New College,Chennai,Tamil Nadu
2022,College,151-200,,Nirmala College for Women,Coimbatore,Tamil Nadu
2022,College,151-200,,Nirmalagiri College,Kannur,Kerala
2022,College,151-200,,"Nizam College, Basheerbagh",Hyderabad,Telangana
2022,College,151-200,,Rajiv Gandhi Institute of Information Technology and Biotechnology (RGIITBT),Pune,Maharashtra
2022,College,151-200,,"S.T.Hindu College, Nagercoil",Nagercoil,Tamil Nadu
2022,College,151-200,,"Sadakathullah Appa College, Rahmath Nagar, Palayamkottai",Tirunelveli,Tamil Nadu
2022,College,151-200,,"Sarah Tucker College, Palayamkottai",Tirunelveli,Tamil Nadu
2022,College,151-200,,Satyawati College,Delhi,Delhi
2022,College,151-200,,Shaheed Bhagat Singh College (Evening),Delhi,Delhi
2022,College,151-200,,"Shikshan Prasarak Mandalis Sir Parshurambhau College Arts, Science & Commerce, Pune",Pune,Maharashtra
2022,College,151-200,,"Shri Shivaji Science College , Morshi Road , Amravati.",Amravati,Maharashtra
2022,College,151-200,,Sir Syed College,Kannur,Kerala
2022,College,151-200,,"Sree Kerala Varma College, Thrissur",Thrissur,Kerala
2022,College,151-200,,Sri Aurobindo College (Evening),Delhi,Delhi
2022,College,151-200,,Sri GVG Visalakshi College for Women,Tiruppur,Tamil Nadu
2022,College,151-200,,Sri Nehru Maha Vidyalaya College of Arts and Science,Coimbatore,Tamil Nadu
2022,College,151-200,,St. Alberts College,Ernakulam,Kerala
2022,College,151-200,,"University College for Women, Koti",Hyderabad,Telangana
2022,College,151-200,,V.V. Vanniaperumal College for Women,Virudhunagar,Tamil Nadu
2022,College,151-200,,"Vimala College, Thrissur",Thrissur,Kerala
2022,College,151-200,,"Yashwantrao Chavan Institute of Science, Satara",Satara,Maharashtra
2022,University,101-150,,"Amity University Haryana, Gurgaon","Gurugram, Haryana",Haryana
2022,University,101-150,,"Amity University, Jaipur",Jaipur,Rajasthan
2022,University,101-150,,Annamalai University,Annamalainagar,Tamil Nadu
2022,University,101-150,,Anurag University,Hyderabad,Telangana
2022,University,101-150,,"Assam University, Silchar",Silchar,Assam
2022,University,101-150,,BLDE,Vijayapura,Karnataka
2022,University,101-150,,"C.V. Raman Global University, Odisha",Bhubaneswar,Odisha
2022,University,101-150,,Central University of Kerala,Kasaragod,Kerala
2022,University,101-150,,Chitkara University,Rajpura,Punjab
2022,University,101-150,,Dayalbagh Educational Institute,Agra,Uttar Pradesh
2022,University,101-150,,Devi Ahilya Vishwavidyalaya,Indore,Madhya Pradesh
2022,University,101-150,,Dibrugarh University,Dibrugarh,Assam
2022,University,101-150,,English & Foreign Languages University,Hyderabad,Telangana
2022,University,101-150,,G. L. A. University,Mathura,Uttar Pradesh
2022,University,101-150,,Goa University,Goa,Goa
2022,University,101-150,,"Guru Jambheshwar University of Science and Technology, Hissar",Hisar,Haryana
2022,University,101-150,,Hindustan Institute of Technology and Science (HITS),Chennai,Tamil Nadu
2022,University,101-150,,Indraprastha Institute of Information Technology Delhi,New Delhi,Delhi
2022,University,101-150,,International Institute of Information Technology Hyderabad,Hyderabad,Telangana
2022,University,101-150,,Jawaharlal Nehru Technological University,Kakinada,Andhra Pradesh
2022,University,101-150,,Jaypee Institute of Information Technology,Noida,Uttar Pradesh
2022,University,101-150,,Kakatiya University,Hanumakonda,Telangana
2022,University,101-150,,"Kalinga University, Raipur",Raipur,Chhattisgarh
2022,University,101-150,,Kalyani University,Kalyani,West Bengal
2022,University,101-150,,Karunya Institute of Technology and Sciences,Coimbatore,Tamil Nadu
2022,University,101-150,,Kurukshetra University,Kurukshetra,Haryana
2022,University,101-150,,Maharaja Sayajirao University of Baroda,Vadodara,Gujarat
2022,University,101-150,,Manav Rachna International Institute of Research & Studies,Faridabad,Haryana
2022,University,101-150,,Mangalore University,Mangalore,Karnataka
2022,University,101-150,,"Manipal University, Jaipur",Jaipur,Rajasthan
2022,University,101-150,,Manipur University,Imphal,Manipur
2022,University,101-150,,Meenakshi Academy of Higher Education and Research,Chennai,Tamil Nadu
2022,University,101-150,,Netaji Subhas University of Technology (NSUT),South West,Delhi
2022,University,101-150,,"NIMS University, Jaipur",Jaipur,Rajasthan
2022,University,101-150,,Nirma University,Ahmedabad,Gujarat
2022,University,101-150,,Pandit Deendayal Energy University,Gandhinagar,Gujarat
2022,University,101-150,,Presidency University,Kolkata,West Bengal
2022,University,101-150,,Sharda University,Greater Noida,Uttar Pradesh
2022,University,101-150,,Shivaji University,Kolhapur,Maharashtra
2022,University,101-150,,Shri Mata Vaishno Devi University,Katra,Jammu and Kashmir
2022,University,101-150,,Sikkim Manipal University,Gangtok,Sikkim
2022,University,101-150,,SR University,Warangal,Telangana
2022,University,101-150,,Sri Sathya Sai Institute of Higher Learning,Anantapur,Andhra Pradesh
2022,University,101-150,,Sri Venkateswara Institute of Medical Sciences,Tirupati,Andhra Pradesh
2022,University,101-150,,"Sumandeep Vidyapeeth, Vadodara",Vadodara,Gujarat
2022,University,101-150,,Veer Surendra Sai University of Technology,Burla,Odisha
2022,University,101-150,,Vel Tech Rangarajan Dr. Sagunthala R & D Institute of Science and Technology,Chennai,Tamil Nadu
2022,University,101-150,,Vels Institute of Science Technology & Advanced Studies (VISTAS) -Chennai,Chennai,Tamil Nadu
2022,University,101-150,,Vinayaka Mission's Research Foundation,Salem,Tamil Nadu
2022,University,101-150,,Yogi Vemana University,Kadapa,Andhra Pradesh
2022,University,151-200,,Acharaya Nagarjuna University,Guntur,Andhra Pradesh
2022,University,151-200,,B. S. Abdur Rahman Crescent Institute of Science and Technology,Chennai,Tamil Nadu
2022,University,151-200,,Central University of Haryana,Mahendergarh,Haryana
2022,University,151-200,,Central University of Rajasthan,Kishangarh,Rajasthan
2022,University,151-200,,Centurion University of Technology and Management,Paralakhemundi,Odisha
2022,University,151-200,,Charotar University of Science & Technology,Changa,Gujarat
2022,University,151-200,,Dharmsinh Desai University,Nadiad,Gujarat
2022,University,151-200,,Dhirubhai Ambani Institute of Information and Communication Technology,Gandhinagar,Gujarat
2022,University,151-200,,Dr. Vishwanath Karad MIT World Peace University,Pune,Maharashtra
2022,University,151-200,,Fakir Mohan University,Balasore,Odisha
2022,University,151-200,,Galgotias University,Gautam Budh Nagar,Uttar Pradesh
2022,University,151-200,,Glocal University,Saharanpur,Uttar Pradesh
2022,University,151-200,,"ICFAI Foundation for Higher Education, Hyderabad",Hyderabad,Telangana
2022,University,151-200,,Integral University,Lucknow,Uttar Pradesh
2022,University,151-200,,"J. C. Bose University of Science and Technology, YMCA",Faridabad,Haryana
2022,University,151-200,,Jawaharlal Nehru Technological University,Anantapur,Andhra Pradesh
2022,University,151-200,,Jaypee University of Information Technology,Solan,Himachal Pradesh
2022,University,151-200,,JSS Science and Technology University,Mysuru,Karnataka
2022,University,151-200,,Kannur University,Kannur,Kerala
2022,University,151-200,,Karpagam Academy of Higher Education,Coimbatore,Tamil Nadu
2022,University,151-200,,KLE Technological University,Dharwad,Karnataka
2022,University,151-200,,Maharani Cluster University,Bengaluru,Karnataka
2022,University,151-200,,"MGM Institute of Health Sciences, Navi  Mumbai",Navi Mumbai,Maharashtra
2022,University,151-200,,Mohan Lal Sukhadia University,Udaipur,Rajasthan
2022,University,151-200,,Nagaland University,Zunheboto,Nagaland
2022,University,151-200,,"North Bengal University, Darjeeling",Darjeeling,West Bengal
2022,University,151-200,,North Maharashtra University,Umavinagar,Maharashtra
2022,University,151-200,,PES University,Bengaluru,Karnataka
2022,University,151-200,,"Pravara Institute of Medical Sciences, Ahmednagar",Ahmednagar,Maharashtra
2022,University,151-200,,Pt. Ravishankar Shukla University,Raipur,Chhattisgarh
2022,University,151-200,,"Punjabi University, Patiala",Patiala,Punjab
2022,University,151-200,,Rabindranath Tagore University,Raisen,Madhya Pradesh
2022,University,151-200,,Rajiv Gandhi University,Itanagar,Arunachal Pradesh
2022,University,151-200,,RK University,Rajkot,Gujarat
2022,University,151-200,,"Sambalpur University, Sambalpur",Sambalpur,Odisha
2022,University,151-200,,Sant Longowal Institute of Engineering & Technology,Longowal,Punjab
2022,University,151-200,,Sikkim University,Gangtok,Sikkim
2022,University,151-200,,Sri Chandrasekharendra Saraswathi Vishwa Mahavidyalaya,Kancheepuram,Tamil Nadu
2022,University,151-200,,Sri Devraj Urs Academy of Higher Education and Research,Kolar,Karnataka
2022,University,151-200,,Sri Krishnadevaraya University,Anantapur,Andhra Pradesh
2022,University,151-200,,Sri Padmavathi Mahila Visvavidyalayam,Tirupathi,Andhra Pradesh
2022,University,151-200,,Sri Siddhartha Academy of Higher Education,Tumkur,Karnataka
2022,University,151-200,,Suresh Gyan Vihar University,Jaipur,Rajasthan
2022,University,151-200,,The Gandhigram Rural Institute,Gandhigram,Tamil Nadu
2022,University,151-200,,The Northcap University,Gurugram,Haryana
2022,University,151-200,,The Rashtrasant Tukadoji Maharaj Nagpur University,Nagpur,Maharashtra
2022,University,151-200,,University of Lucknow,Lucknow,Uttar Pradesh
2022,University,151-200,,University of Science and Technology,Ribhoi,Meghalaya
2022,University,151-200,,Uttaranchal University,Dehradun,Uttarakhand
2022,University,151-200,,Vidyasagar University,Midnapore,West Bengal
2023,Engineering,101-150,,"Amity University Rajasthan,Jaipur",Jaipur,Rajasthan
2023,Engineering,101-150,,Anurag University,Hyderabad,Telangana
2023,Engineering,101-150,,B. S. Abdur Rahman Crescent Institute of Science and Technology,Chennai,Tamil Nadu
2023,Engineering,101-150,,B.M.S. College of Engineering,Bengaluru,Karnataka
2023,Engineering,101-150,,"Chandigarh Engineering College-CGC, Landran, Mohali",Sahibzada Ajit Singh Nagar,Punjab
2023,Engineering,101-150,,Christ University,Bengaluru,Karnataka
2023,Engineering,101-150,,Coimbatore Institute of Technology,Coimbatore,Tamil Nadu
2023,Engineering,101-150,,Dr. Vishwanath Karad MIT World Peace University,Pune,Maharashtra
2023,Engineering,101-150,,Galgotias University,Gautam Budh Nagar,Uttar Pradesh
2023,Engineering,101-150,,Gandhi Institute of Technology and Management,Visakhapatnam,Andhra Pradesh
2023,Engineering,101-150,,Goka Raju Ranga Raju Institute of Engineering & Technology,Hyderabad,Telangana
2023,Engineering,101-150,,Hindustan Institute of Technology  and Science (HITS),Chennai,Tamil Nadu
2023,Engineering,101-150,,"Indian Institute of Information Technology, Design & Manufacturing, Kancheepuram",Chennai,Tamil Nadu
2023,Engineering,101-150,,"J. C. Bose University of Science and Technology, YMCA",Faridabad,Haryana
2023,Engineering,101-150,,"Jain university,Bangalore",Bengaluru,Karnataka
2023,Engineering,101-150,,Jawaharlal Nehru Technological University,Kakinada,Andhra Pradesh
2023,Engineering,101-150,,Jaypee Institute of Information Technology,Noida,Uttar Pradesh
2023,Engineering,101-150,,Karunya Institute of Technology and Sciences,Coimbatore,Tamil Nadu
2023,Engineering,101-150,,Kongu Engineering College,Perundurai,Tamil Nadu
2023,Engineering,101-150,,KPR Institute of Engineering and Technology,Coimbatore,Tamil Nadu
2023,Engineering,101-150,,Kumaraguru College of Technology,Coimbatore,Tamil Nadu
2023,Engineering,101-150,,Manav Rachna International Institute of Research & Studies,Faridabad,Haryana
2023,Engineering,101-150,,Maulana Abul Kalam Azad University of Technology,Nadia,West Bengal
2023,Engineering,101-150,,Mepco Schlenk Engineering College,Sivakasi,Tamil Nadu
2023,Engineering,101-150,,"National Institute of Food Technology, Entrepreneurship and Management - Thanjavur (NIFTEM - Thanjavur)",Thanjavur,Tamil Nadu
2023,Engineering,101-150,,National Institute of Technology Arunachal Pradesh,Itanagar,Arunachal Pradesh
2023,Engineering,101-150,,National Institute of Technology Hamirpur,Hamirpur,Himachal Pradesh
2023,Engineering,101-150,,National Institute of Technology Puducherry,Karaikal,Pondicherry
2023,Engineering,101-150,,National Institute of Technology Uttarakhand,Srinagar (Garhwal),Uttarakhand
2023,Engineering,101-150,,"National Institute of Technology, Jamshedpur",Jamshedpur,Jharkhand
2023,Engineering,101-150,,Nirma University,Ahmedabad,Gujarat
2023,Engineering,101-150,,NMAM Institute of Technology,"Nitte, Udupi",Karnataka
2023,Engineering,101-150,,Noida Institute of Engineering & Technology,Greater Noida,Uttar Pradesh
2023,Engineering,101-150,,Pandit Deendayal Energy University,Gandhinagar,Gujarat
2023,Engineering,101-150,,Panjab University,Chandigarh,Chandigarh
2023,Engineering,101-150,,PES University,Bengaluru,Karnataka
2023,Engineering,101-150,,PSG INSTITUTE OF TECHNOLOGY AND APPLIED RESEARCH,Coimbatore,Tamil Nadu
2023,Engineering,101-150,,"Punjab Engineering College (Deemed to be University), Chandigarh",Chandigarh,Chandigarh
2023,Engineering,101-150,,Shoolini University of Biotechnology and Management Sciences,Solan,Himachal Pradesh
2023,Engineering,101-150,,Shri Mata Vaishno Devi University,Katra,Jammu and Kashmir
2023,Engineering,101-150,,Siddaganga Institute of Technology,Tumkur,Karnataka
2023,Engineering,101-150,,Sri Krishna College of Technology,Coimbatore,Tamil Nadu
2023,Engineering,101-150,,SVKM`s Narsee Monjee Institute of Management Studies,Mumbai,Maharashtra
2023,Engineering,101-150,,The Northcap University,Gurugram,Haryana
2023,Engineering,101-150,,Thiagarajar College of Engineering,Madurai,Tamil Nadu
2023,Engineering,101-150,,University College of Engineering,Hyderabad,Telangana
2023,Engineering,101-150,,Vallurupalli Nageswara Rao Vignana Jyothi Institute of Engineering and Technology,Hyderabad,Telangana
2023,Engineering,101-150,,Veer Surendra Sai University of Technology,Burla,Odisha
2023,Engineering,101-150,,"Veermata Jijabai Technological Institute,  (VJTI, Mumbai)",Mumbai,Maharashtra
2023,Engineering,101-150,,"VELS Institute of Science Technology & Advanced Studies (Vistas) ,Chennai",Chennai,Tamil Nadu
2023,Engineering,151-200,,"Amity University, Gwalior",Gwalior,Madhya Pradesh
2023,Engineering,151-200,,Annamalai University,Annamalainagar,Tamil Nadu
2023,Engineering,151-200,,Army Institute of Technology,Pune,Maharashtra
2023,Engineering,151-200,,C M R Institute of Technology,Bengaluru,Karnataka
2023,Engineering,151-200,,Chaitanya Bharathi Institute of Technology,Hyderabad,Telangana
2023,Engineering,151-200,,Chennai Institute of Technology,Chennai,Tamil Nadu
2023,Engineering,151-200,,College of Engineering Trivandrum,Thiruvananthapuram,Kerala
2023,Engineering,151-200,,CVR COLLEGE OF ENGINEERING,Ibrahimpatan,Telangana
2023,Engineering,151-200,,Dayalbagh Educational Institute,Agra,Uttar Pradesh
2023,Engineering,151-200,,Easwari Engineering College,Chennai,Tamil Nadu
2023,Engineering,151-200,,"G. H. Raisoni College of Engineering, Nagpur",Nagpur,Maharashtra
2023,Engineering,151-200,,G. L. A. University,Mathura,Uttar Pradesh
2023,Engineering,151-200,,G.L.Bajaj Institute of Technology and Management,Greater Noida,Uttar Pradesh
2023,Engineering,151-200,,Galgotias College of Engineering & Technology,Greater Noida,Uttar Pradesh
2023,Engineering,151-200,,Indian Institute of Information Technology Guwahati,Guwahati,Assam
2023,Engineering,151-200,,Indira Gandhi Delhi Technical University for Women,Delhi,Delhi
2023,Engineering,151-200,,Institute of Aeronautical Engineering,Hyderabad,Telangana
2023,Engineering,151-200,,Institute of Engineering & Management,Kolkata,West Bengal
2023,Engineering,151-200,,Jawaharlal Nehru Technological University,Ananthapuramu,Andhra Pradesh
2023,Engineering,151-200,,Jaypee University of Information Technology,Solan,Himachal Pradesh
2023,Engineering,151-200,,JSS Science and Technology University,Mysuru,Karnataka
2023,Engineering,151-200,,KIET Group of Institutions,Ghaziabad,Uttar Pradesh
2023,Engineering,151-200,,Maharaja Sayajirao University of Baroda,Vadodara,Gujarat
2023,Engineering,151-200,,Maharishi Markandeshwar,Ambala,Haryana
2023,Engineering,151-200,,Mahindra University,Hyderabad,Telangana
2023,Engineering,151-200,,Maulana Azad National Urdu University,Hyderabad,Telangana
2023,Engineering,151-200,,"National Institute of Advanced Manufacturing Technology, Ranchi",Ranchi,Jharkhand
2023,Engineering,151-200,,"National Institute of Food Technology, Enterprenurship & Management",Sonipat,Haryana
2023,Engineering,151-200,,National Institute of Technology Sikkim,South Sikkim,Sikkim
2023,Engineering,151-200,,New Horizon College of Engineering,Bengaluru,Karnataka
2023,Engineering,151-200,,Nitte Meenakshi Institute of Technology,Bengaluru,Karnataka
2023,Engineering,151-200,,North Eastern Regional Institute of Science & Technology,Itanagar,Arunachal Pradesh
2023,Engineering,151-200,,"P E S College of Engineering, MANDYA",Mandya,Karnataka
2023,Engineering,151-200,,Pondicherry Engineering College,Puducherry,Pondicherry
2023,Engineering,151-200,,R.M.K. Engineering College,Thiruvallur,Tamil Nadu
2023,Engineering,151-200,,Rajalakshmi Institute of Technology,Thiruvallur,Tamil Nadu
2023,Engineering,151-200,,Ramrao Adik Institute of Technology,Navi Mumbai,Maharashtra
2023,Engineering,151-200,,Sant Longowal Institute of Engineering & Technology,Longowal,Punjab
2023,Engineering,151-200,,Sharda University,Greater Noida,Uttar Pradesh
2023,Engineering,151-200,,Shri Ramdeobaba College of Engineering and Management,Nagpur,Maharashtra
2023,Engineering,151-200,,Sona College of Technology,Salem,Tamil Nadu
2023,Engineering,151-200,,Sree Vidyanikethan Engineering College,Tirupati,Andhra Pradesh
2023,Engineering,151-200,,Sri Ramakrishna Engineering College,Coimbatore,Tamil Nadu
2023,Engineering,151-200,,Sri Sairam Engineering College,Kancheepuram,Tamil Nadu
2023,Engineering,151-200,,Sri Venkateswara College of Engineering,Sriperumbudur,Tamil Nadu
2023,Engineering,151-200,,Sri Venkateswara University,Tirupati,Andhra Pradesh
2023,Engineering,151-200,,Tezpur University,Tezpur,Assam
2023,Engineering,151-200,,The National Institute of Engineering,Mysuru,Karnataka
2023,Engineering,151-200,,Vardhaman College of Engineering,Rangareddy,Telangana
2023,Engineering,151-200,,Velagapudi Ramakrishna Siddhartha Engineering College,VIJAYAWADA,Andhra Pradesh
2023,Engineering,151-200,,Vishwakarma Institute of Technology,Pune,Maharashtra
2023,Overall,101-150,,"All India Institute of Medical Sciences, Patna",Patna,Bihar
2023,Overall,101-150,,"Amity University Haryana, Gurgaon","Gurugram, Haryana",Haryana
2023,Overall,101-150,,Ashoka University,Sonepat,Haryana
2023,Overall,101-150,,Avinashilingam Institute for Home Science & Higher Education for Women,Coimbatore,Tamil Nadu
2023,Overall,101-150,,Bharath Institute of Higher Education & Research,Chennai,Tamil Nadu
2023,Overall,101-150,,Bharati Vidyapeeth,Pune,Maharashtra
2023,Overall,101-150,,Birla Institute of Technology,Ranchi,Jharkhand
2023,Overall,101-150,,"Calicut University, Thenhipalem, Malapuram",Malappuram,Kerala
2023,Overall,101-150,,Central University of Punjab,Bathinda,Punjab
2023,Overall,101-150,,Central University of Tamil Nadu,Tiruvarur,Tamil Nadu
2023,Overall,101-150,,Chaudhary Charan Singh Haryana Agricultural University,Hisar,Haryana
2023,Overall,101-150,,Chettinad Academy of Research and Education,"Kelambakkam, Chengalpattu District",Tamil Nadu
2023,Overall,101-150,,"G.B. Pant Universtiy of Agriculture and Technology, Pantnagar",Pantnagar,Uttarakhand
2023,Overall,101-150,,Gauhati University,Guwahati,Assam
2023,Overall,101-150,,Guru Gobind Singh Indraprastha University,New Delhi,Delhi
2023,Overall,101-150,,Indian Institute of Science Education & Research Thiruvananthapuram,Thiruvananthapuram,Kerala
2023,Overall,101-150,,Indian Institute of Technology Palakkad,Palakkad,Kerala
2023,Overall,101-150,,International Institute of Information Technology Hyderabad,Hyderabad,Telangana
2023,Overall,101-150,,"Jain university,Bangalore",Bengaluru,Karnataka
2023,Overall,101-150,,M. G. R. Educational and Research Institute,Chennai,Tamil Nadu
2023,Overall,101-150,,M. S. Ramaiah Institute of Technology,Bengaluru,Karnataka
2023,Overall,101-150,,Maharishi Markandeshwar,Ambala,Haryana
2023,Overall,101-150,,Maharshi Dayanand University,Rohtak,Haryana
2023,Overall,101-150,,"Manonmaniam Sundaranar University, Tirunelveli",Tirunelveli,Tamil Nadu
2023,Overall,101-150,,Maulana Azad National Institute of Technology,Bhopal,Madhya Pradesh
2023,Overall,101-150,,Mizoram University,Aizawl,Mizoram
2023,Overall,101-150,,Motilal Nehru National Institute of Technology,Prayagraj,Uttar Pradesh
2023,Overall,101-150,,National Institute of Technology Patna,Patna,Bihar
2023,Overall,101-150,,National Institute of Technology Srinagar,Srinagar,Jammu and Kashmir
2023,Overall,101-150,,"National Institute of Technology, Raipur",Raipur,Chhattisgarh
2023,Overall,101-150,,Netaji Subhas University of Technology (NSUT),South West,Delhi
2023,Overall,101-150,,NITTE,Mangaluru,Karnataka
2023,Overall,101-150,,North Eastern Hill University,Shillong,Meghalaya
2023,Overall,101-150,,Periyar University,Salem,Tamil Nadu
2023,Overall,101-150,,Pondicherry University,Puducherry,Pondicherry
2023,Overall,101-150,,PSG College of Technology,Coimbatore,Tamil Nadu
2023,Overall,101-150,,Sardar Vallabhbhai National Institute of Technology,Surat,Gujarat
2023,Overall,101-150,,Sharda University,Greater Noida,Uttar Pradesh
2023,Overall,101-150,,Shoolini University of Biotechnology and Management Sciences,Solan,Himachal Pradesh
2023,Overall,101-150,,Sri Balaji Vidyapeeth Mahatma Gandhi Medical College Campus,Puducherry,Pondicherry
2023,Overall,101-150,,Sri Krishna College of Engineering and Technology,Coimbatore,Tamil Nadu
2023,Overall,101-150,,Sri Venkateswara University,Tirupati,Andhra Pradesh
2023,Overall,101-150,,Tezpur University,Tezpur,Assam
2023,Overall,101-150,,The University of Burdwan,Bardhaman,West Bengal
2023,Overall,101-150,,"University of Agricultural Sciences, Bangalore",Bangalore,Karnataka
2023,Overall,101-150,,University of Jammu,Jammu,Jammu and Kashmir
2023,Overall,101-150,,Vel Tech Rangarajan Dr. Sagunthala R & D Institute of Science and Technology,Chennai,Tamil Nadu
2023,Overall,101-150,,"Vignan's Foundation for Science, Technology and Research",Guntur,Andhra Pradesh
2023,Overall,101-150,,Visva Bharati,Santiniketan,West Bengal
2023,Overall,101-150,,Yenepoya University,Mangaluru,Karnataka
2023,Overall,151-200,,"Acharya NG Ranga Agricultural University, Guntur",Guntur,Andhra Pradesh
2023,Overall,151-200,,Anand Agricultural University,Anand,Gujarat
2023,Overall,151-200,,Annamalai University,Annamalainagar,Tamil Nadu
2023,Overall,151-200,,Assam University-Silchar,Silchar,Assam
2023,Overall,151-200,,BLDE,Vijayapura,Karnataka
2023,Overall,151-200,,"C.V. Raman Global University, Odisha",Bhubaneswar,Odisha
2023,Overall,151-200,,"Chandigarh Engineering College-CGC, Landran, Mohali",Sahibzada Ajit Singh Nagar,Punjab
2023,Overall,151-200,,Chaudhary Sarwan Kumar Himachal Pardesh Krishi Vishvavidyalaya,Kangra,Himachal Pradesh
2023,Overall,151-200,,Chitkara  University,Rajpura,Punjab
2023,Overall,151-200,,"College of Engineering, Pune",Pune,Maharashtra
2023,Overall,151-200,,D. Y. Patil Educational Society,Kolhapur,Maharashtra
2023,Overall,151-200,,Dibrugarh University,Dibrugarh,Assam
2023,Overall,151-200,,"Dr. Babasaheb Ambedkar Marathwada University, Aurangabad",Aurangabad,Maharashtra
2023,Overall,151-200,,"Dr. Y.S. Parmar University of Horticulture and Forestry, Solan",Solan,Himachal Pradesh
2023,Overall,151-200,,Galgotias University,Gautam Budh Nagar,Uttar Pradesh
2023,Overall,151-200,,Gandhi Institute of Technology and Management,Visakhapatnam,Andhra Pradesh
2023,Overall,151-200,,Hindustan Institute of Technology  and Science (HITS),Chennai,Tamil Nadu
2023,Overall,151-200,,Indira Gandhi Institute of Medical Sciences,Patna,Bihar
2023,Overall,151-200,,Indraprastha Institute of Information Technology Delhi,New Delhi,Delhi
2023,Overall,151-200,,Jawaharlal Nehru Technological University,Kakinada,Andhra Pradesh
2023,Overall,151-200,,"Kalinga University, Raipur",Raipur,Chhattisgarh
2023,Overall,151-200,,Kalyani University,Kalyani,West Bengal
2023,Overall,151-200,,Karunya Institute of Technology and Sciences,Coimbatore,Tamil Nadu
2023,Overall,151-200,,"Kerala Agricultural University, Thrissur",Thrissur,Kerala
2023,Overall,151-200,,KLE Academy of Higher Education and Research,Belagavi,Karnataka
2023,Overall,151-200,,KPR Institute of Engineering and Technology,Coimbatore,Tamil Nadu
2023,Overall,151-200,,"Krishna Vishwa Vidyapeeth, Karad, Maharashtra",Karad,Maharashtra
2023,Overall,151-200,,Kurukshetra University,Kurukshetra,Haryana
2023,Overall,151-200,,Kuvempu University,Shivamogga,Karnataka
2023,Overall,151-200,,LNCT University,Bhopal,Madhya Pradesh
2023,Overall,151-200,,Manav Rachna International Institute of Research & Studies,Faridabad,Haryana
2023,Overall,151-200,,Mangalore University,Mangalore,Karnataka
2023,Overall,151-200,,Manipal University Jaipur,Jaipur,Rajasthan
2023,Overall,151-200,,Manipur University,Imphal,Manipur
2023,Overall,151-200,,Meenakshi Academy of Higher Education and Research,Chennai,Tamil Nadu
2023,Overall,151-200,,Mepco Schlenk Engineering College,Sivakasi,Tamil Nadu
2023,Overall,151-200,,Nirma University,Ahmedabad,Gujarat
2023,Overall,151-200,,"Orissa University of Agriculture & Technology, Bhubaneswar",Khordha,Odisha
2023,Overall,151-200,,"Padmashree Dr. D. Y. Patil Vidyapeeth, Mumbai",Mumbai,Maharashtra
2023,Overall,151-200,,Presidency University,Kolkata,West Bengal
2023,Overall,151-200,,"PSG INSTITUTE OF MEDICAL SCIENCES & RESEARCH (Inst. Code - 012), COIMBATORE",Coimbatore,Tamil Nadu
2023,Overall,151-200,,Rajalakshmi Engineering College,Chennai,Tamil Nadu
2023,Overall,151-200,,Sawai Man Singh Medical College,Jaipur,Rajasthan
2023,Overall,151-200,,SCB Medical College and Hospital,Cuttack,Odisha
2023,Overall,151-200,,SR University,Warangal,Telangana
2023,Overall,151-200,,Tamil Nadu Veterinary & Animal Sciences University,Chennai,Tamil Nadu
2023,Overall,151-200,,Tata Institute of Social Sciences,Mumbai,Maharashtra
2023,Overall,151-200,,Utkal University,Bhubaneswar,Odisha
2023,Overall,151-200,,Veer Surendra Sai University of Technology,Burla,Odisha
2023,Overall,151-200,,"VELS Institute of Science Technology & Advanced Studies (Vistas) ,Chennai",Chennai,Tamil Nadu
2023,College,101-150,,A. V. C. College,Mayiladuthurai,Tamil Nadu
2023,College,101-150,,A.P.C. Mahalaxmi College for Women,Thoothukkudi,Tamil Nadu
2023,College,101-150,,Andhra Loyola College,Vijayawada,Andhra Pradesh
2023,College,101-150,,Anna Adarsh College for Women,Chennai,Tamil Nadu
2023,College,101-150,,Aryabhatta College,Delhi,Delhi
2023,College,101-150,,"Bishop Kurialacherry College For Women, Amalagiri P.O Kottayam 686 561",Kottayam,Kerala
2023,College,101-150,,CHRIST COLLEGE (Autonomous),Thrissur,Kerala
2023,College,101-150,,DG VAISHNAV COLLEGE,Chennai,Tamil Nadu
2023,College,101-150,,Dr. N. G. P. Arts and Science College,Coimbatore,Tamil Nadu
2023,College,101-150,,"Farook College, Kozhikkode",Kozhikode,Kerala
2023,College,101-150,,Fatima College,Madurai,Tamil Nadu
2023,College,101-150,,Goswami Ganesh Dutta S.D. College,Chandigarh,Chandigarh
2023,College,101-150,,Government Arts College,Salem,Tamil Nadu
2023,College,101-150,,"Government Arts College, Kumbakonam - 612 001.",Kumbakonam,Tamil Nadu
2023,College,101-150,,Government Brennen College,Kannur,Kerala
2023,College,101-150,,"Government Victoria College, Palakkad",Palakkad,Kerala
2023,College,101-150,,"Govt. College, Nattakom, Kottayam-686013",Kottayam,Kerala
2023,College,101-150,,Hindusthan College of Arts and Science,Coimbatore,Tamil Nadu
2023,College,101-150,,Holy Cross College,Nagercoil,Tamil Nadu
2023,College,101-150,,Kalindi College,Delhi,Delhi
2023,College,101-150,,Kristu Jayanti College,Bengaluru,Karnataka
2023,College,101-150,,Kumbhalkar Social Work College,Wardha,Maharashtra
2023,College,101-150,,Lady Doak College,Madurai,Tamil Nadu
2023,College,101-150,,"M S Ramaiah College of Arts, Science, and Commerce",Bengaluru,Karnataka
2023,College,101-150,,MADURA COLLEGE,Madurai,Tamil Nadu
2023,College,101-150,,Mahatma Gandhi Government Arts College,Mahe,Pondicherry
2023,College,101-150,,Mehr Chand Mahajan D.A.V. College for Women,Chandigarh,Chandigarh
2023,College,101-150,,MOP Vaishnav College for Women,Chennai,Tamil Nadu
2023,College,101-150,,Nehru Arts and Science College,Coimbatore,Tamil Nadu
2023,College,101-150,,"Nirmala College, Muvattupuzha - 686 661",Ernakulam,Kerala
2023,College,101-150,,Nirmalagiri College,Kannur,Kerala
2023,College,101-150,,PGDAV College,New Delhi,Delhi
2023,College,101-150,,Prince Shri Venkateshwara Arts and Science College,Chennai,Tamil Nadu
2023,College,101-150,,"Rajah Serfoji Government College, Thanjavur - 613 005.",Thanjavur,Tamil Nadu
2023,College,101-150,,Rajdhani College,West,Delhi
2023,College,101-150,,"S S Jain Subodh P G College, Jaipur",Jaipur,Rajasthan
2023,College,101-150,,"Sarah Tucker College, Perumalpuram, Palayamkottai - 627 011",Tirunelveli,Tamil Nadu
2023,College,101-150,,"Scott Christian College, Nagercoil",Nagercoil,Tamil Nadu
2023,College,101-150,,SDNB Vaishnav College,Chennai,Tamil Nadu
2023,College,101-150,,Shaheed Bhagat Singh College (Evening),Delhi,Delhi
2023,College,101-150,,Sir Syed College,Kannur,Kerala
2023,College,101-150,,"Sree Neelakanda Govt. Sanskrit College, Pattambi",Palakkad,Kerala
2023,College,101-150,,Sri Aurobindo College,South,Delhi
2023,College,101-150,,Sri Krishna Adithya College of Arts and Science,Coimbatore,Tamil Nadu
2023,College,101-150,,Sri Sarada College for Women(Autonomous),Salem,Tamil Nadu
2023,College,101-150,,"St. Josephs Arts & Science College, PB 27094, Lalbhag Rd,Bangalore-27  (Autonomous)",Bengaluru,Karnataka
2023,College,101-150,,St. Joseph's College,Thrissur,Kerala
2023,College,101-150,,St. Xavier`s College,Mumbai,Maharashtra
2023,College,101-150,,Vellalar College for Women,Erode,Tamil Nadu
2023,College,101-150,,"Vimala College, Thrissur",Thrissur,Kerala
2023,College,151-200,,"Baselius College, Kottayam-686 001",Kottayam,Kerala
2023,College,151-200,,"Bharata Matha College, Thrikkakara P.O. 682 021",Ernakulam,Kerala
2023,College,151-200,,BHARATHI WOMENS COLLEGE,Chennai,Tamil Nadu
2023,College,151-200,,Bon Secours College for Women,Thanjavur,Tamil Nadu
2023,College,151-200,,C.Abdul Hakeem College,Melvisharam,Tamil Nadu
2023,College,151-200,,Catholicate College,Pathanamthitta,Kerala
2023,College,151-200,,"Cauvery College for Women, Annamalai Nagar, Tiruchirappalli - 620 018.",Tiruchirappalli,Tamil Nadu
2023,College,151-200,,D.A.V.College,Chandigarh- (U.T),Chandigarh
2023,College,151-200,,GOVERNMENT ARTS COLLEGE,MADURAI,Tamil Nadu
2023,College,151-200,,"Government Arts College, Tiruppur",Udumalpet,Tamil Nadu
2023,College,151-200,,"Government College, Attingal",Thiruvananthapuram,Kerala
2023,College,151-200,,"Govt Post-graduate College for Girls, Sector-11",Chandigarh,Chandigarh
2023,College,151-200,,"GOVT. ARTS & SCIENCE COLLEGE, MEENCHANDA",Kozhikode,Kerala
2023,College,151-200,,Govt. Arts College Thiruvannamalai-606 603,Thiruvannamalai,Tamil Nadu
2023,College,151-200,,"Govt. College Kasaragod. Vidya Nagar P.O, Kasargod",Kasaragod,Kerala
2023,College,151-200,,"Govt.Arts College, Thiruvananthapuram",Thiruvananthapuram,Kerala
2023,College,151-200,,"Institute of Science & Technology for Advanced Studies & Research (ISTAR)(SFI),Vallabh Vidyanagar 511",Vallabh Vidyanagar,Gujarat
2023,College,151-200,,Janki Devi Memorial College,Central,Delhi
2023,College,151-200,,Justice Basher Ahmed Sayeed College for Women,Chennai,Tamil Nadu
2023,College,151-200,,Lakshmi Bai College,Delhi,Delhi
2023,College,151-200,,Loreto College,Kolkata,West Bengal
2023,College,151-200,,Loyala Academy,Hyderabad,Telangana
2023,College,151-200,,Maharaja Agrasen Institute of Management Studies,Delhi,Delhi
2023,College,151-200,,Maharaja Surajmal Institute,West,Delhi
2023,College,151-200,,Malankara Catholic College,Kanniyakumari,Tamil Nadu
2023,College,151-200,,"Marian College, Kuttikanam P.O. Peermade- 685 531",Kuttikanam,Kerala
2023,College,151-200,,Nehru Arts & Science College,Kasaragod,Kerala
2023,College,151-200,,Nirmala College for Women,Coimbatore,Tamil Nadu
2023,College,151-200,,Patkai Christian College,Dimapur,Nagaland
2023,College,151-200,,"Payyannur College, Payyannur,PO-Edat",Payyanur,Kerala
2023,College,151-200,,Ponda Education Society Shri Ravi S. Naik College of Arts and Science,North Goa,Goa
2023,College,151-200,,"PSMO College, Thirurangadi",Malappuram,Kerala
2023,College,151-200,,Rani Anna Government College for Women,Tirunelveli,Tamil Nadu
2023,College,151-200,,Rathinam College of Arts and Science,Coimbatore,Tamil Nadu
2023,College,151-200,,"Sadakathullah Appa College, Rahmath Nagar, Palayamkottai, 627 011",Tirunelveli,Tamil Nadu
2023,College,151-200,,Satyawati College,DELHI,Delhi
2023,College,151-200,,Seethalakshmi Ramaswami College,Tiruchirappalli,Tamil Nadu
2023,College,151-200,,Shri M. V. & Smt. N. V. Virani Science College,Rajkot,Gujarat
2023,College,151-200,,"Shri Shivaji Science College , Morshi Road , Amravati.",Amravati,Maharashtra
2023,College,151-200,,"SREE KERALA VARMA COLLEGE, THRISSUR",Thrissur,Kerala
2023,College,151-200,,"Sree Narayana College, Kollam",Kollam,Kerala
2023,College,151-200,,Sri Nehru Maha Vidyalaya College of Arts and Science,Coimbatore,Tamil Nadu
2023,College,151-200,,"St. Dominic's College, Parathod P.O., Kanjirappally-686 512",Kottayam,Kerala
2023,College,151-200,,St. Mary`s College,Thoothukudi,Tamil Nadu
2023,College,151-200,,"St. Xavier's College for Women, Aluva - 683 101",Aluva,Kerala
2023,College,151-200,,"St.Joseph's College for Women, Alappuzha",Alappuzha,Kerala
2023,College,151-200,,Thanthai Periyar Government Arts and Science College (Autonomous),Tiruchirappalli,Tamil Nadu
2023,College,151-200,,THE NEW COLLEGE,Chennai,Tamil Nadu
2023,College,151-200,,V.V. Vanniaperumal College for Women,Virudhunagar,Tamil Nadu
2023,College,151-200,,Vivekananda College,East,Delhi
2023,University,101-150,,"Acharya NG Ranga Agricultural University, Guntur",Guntur,Andhra Pradesh
2023,University,101-150,,Annamalai University,Annamalainagar,Tamil Nadu
2023,University,101-150,,Anurag University,Hyderabad,Telangana
2023,University,101-150,,Ashoka University,Sonepat,Haryana
2023,University,101-150,,Assam University-Silchar,Silchar,Assam
2023,University,101-150,,BLDE,Vijayapura,Karnataka
2023,University,101-150,,"C.V. Raman Global University, Odisha",Bhubaneswar,Odisha
2023,University,101-150,,Central University of Kerala,Kasaragod,Kerala
2023,University,101-150,,Chitkara  University,Rajpura,Punjab
2023,University,101-150,,D. Y. Patil Educational Society,Kolhapur,Maharashtra
2023,University,101-150,,Dayalbagh Educational Institute,Agra,Uttar Pradesh
2023,University,101-150,,Devi Ahilya Vishwavidyalaya,Indore,Madhya Pradesh
2023,University,101-150,,Dibrugarh University,Dibrugarh,Assam
2023,University,101-150,,"Dr. Babasaheb Ambedkar Marathwada University, Aurangabad",Aurangabad,Maharashtra
2023,University,101-150,,"Dr. Y.S. Parmar University of Horticulture and Forestry, Solan",Solan,Himachal Pradesh
2023,University,101-150,,G. L. A. University,Mathura,Uttar Pradesh
2023,University,101-150,,Galgotias University,Gautam Budh Nagar,Uttar Pradesh
2023,University,101-150,,Gandhi Institute of Technology and Management,Visakhapatnam,Andhra Pradesh
2023,University,101-150,,Goa University,Goa,Goa
2023,University,101-150,,"Guru Jambheshwar University of Science and Technology, Hissar",Hisar,Haryana
2023,University,101-150,,Hindustan Institute of Technology  and Science (HITS),Chennai,Tamil Nadu
2023,University,101-150,,Indraprastha Institute of Information Technology Delhi,New Delhi,Delhi
2023,University,101-150,,Jawaharlal Nehru Technological University,Kakinada,Andhra Pradesh
2023,University,101-150,,"Kalinga University, Raipur",Raipur,Chhattisgarh
2023,University,101-150,,Kalyani University,Kalyani,West Bengal
2023,University,101-150,,Karunya Institute of Technology and Sciences,Coimbatore,Tamil Nadu
2023,University,101-150,,"Kerala Agricultural University, Thrissur",Thrissur,Kerala
2023,University,101-150,,KLE Academy of Higher Education and Research,Belagavi,Karnataka
2023,University,101-150,,"Krishna Vishwa Vidyapeeth, Karad, Maharashtra",Karad,Maharashtra
2023,University,101-150,,Kurukshetra University,Kurukshetra,Haryana
2023,University,101-150,,Kuvempu University,Shivamogga,Karnataka
2023,University,101-150,,Maharaja Sayajirao University of Baroda,Vadodara,Gujarat
2023,University,101-150,,Manav Rachna International Institute of Research & Studies,Faridabad,Haryana
2023,University,101-150,,Mangalore University,Mangalore,Karnataka
2023,University,101-150,,Manipal University Jaipur,Jaipur,Rajasthan
2023,University,101-150,,Manipur University,Imphal,Manipur
2023,University,101-150,,Meenakshi Academy of Higher Education and Research,Chennai,Tamil Nadu
2023,University,101-150,,Nirma University,Ahmedabad,Gujarat
2023,University,101-150,,"Orissa University of Agriculture & Technology, Bhubaneswar",Khordha,Odisha
2023,University,101-150,,"Padmashree Dr. D. Y. Patil Vidyapeeth, Mumbai",Mumbai,Maharashtra
2023,University,101-150,,Pondicherry University,Puducherry,Pondicherry
2023,University,101-150,,Presidency University,Kolkata,West Bengal
2023,University,101-150,,Sikkim Manipal University,Gangtok,Sikkim
2023,University,101-150,,SR University,Warangal,Telangana
2023,University,101-150,,Tamil Nadu Veterinary & Animal Sciences University,Chennai,Tamil Nadu
2023,University,101-150,,University of Lucknow,Lucknow,Uttar Pradesh
2023,University,101-150,,Veer Surendra Sai University of Technology,Burla,Odisha
2023,University,101-150,,Vel Tech Rangarajan Dr. Sagunthala R & D Institute of Science and Technology,Chennai,Tamil Nadu
2023,University,101-150,,Vels Institute of Science Technology & Advanced Studies (VISTAS),Chennai,Tamil Nadu
2023,University,101-150,,Vidyasagar University,Midnapore,West Bengal
2023,University,151-200,,Ahmedabad University,Ahmedabad,Gujarat
2023,University,151-200,,"Amity University Rajasthan,Jaipur",Jaipur,Rajasthan
2023,University,151-200,,Anand Agricultural University,Anand,Gujarat
2023,University,151-200,,B. S. Abdur Rahman Crescent Institute of Science and Technology,Chennai,Tamil Nadu
2023,University,151-200,,Central Agricultural University,Imphal West,Manipur
2023,University,151-200,,Central University of Karnataka,Gulbarga,Karnataka
2023,University,151-200,,Central University of Rajasthan,Kishangarh,Rajasthan
2023,University,151-200,,Charotar University of Science & Technology,Changa,Gujarat
2023,University,151-200,,Chaudhary Sarwan Kumar Himachal Pardesh Krishi Vishvavidyalaya,Kangra,Himachal Pradesh
2023,University,151-200,,Dharmsinh Desai University,Nadiad,Gujarat
2023,University,151-200,,"Dr Rajendra Prasad Central Agricultural University, Samastipur",Samastipur,Bihar
2023,University,151-200,,English & Foreign Languages University,Hyderabad,Telangana
2023,University,151-200,,Fakir Mohan University,Balasore,Odisha
2023,University,151-200,,Guru Angad Dev Veterinary & Animal Sciences University,Ludhiana,Punjab
2023,University,151-200,,JSS Science and Technology University,Mysuru,Karnataka
2023,University,151-200,,Kakatiya University,Hanumakonda,Telangana
2023,University,151-200,,Kannur University,Kannur,Kerala
2023,University,151-200,,"Karnataka Vetrinary, Animal & Fisheries Science University, Nandinagar",Bidar,Karnataka
2023,University,151-200,,Karpagam Academy of Higher Education,Coimbatore,Tamil Nadu
2023,University,151-200,,KLE Technological University,Dharwad,Karnataka
2023,University,151-200,,LNCT University,Bhopal,Madhya Pradesh
2023,University,151-200,,"Maharashi Markandeshwar University, Solan",Solan,Himachal Pradesh
2023,University,151-200,,"Mahatma Phule Krishi Vidyapeeth, Rahuri",Rahuri,Maharashtra
2023,University,151-200,,Maulana Azad National Urdu University,Hyderabad,Telangana
2023,University,151-200,,"MGM Institute of Health Sciences, Navi  Mumbai",Navi Mumbai,Maharashtra
2023,University,151-200,,Pandit Deendayal Energy University,Gandhinagar,Gujarat
2023,University,151-200,,Parul University,Vadodara,Gujarat
2023,University,151-200,,"Pravara Institute of Medical Sciences, Ahmednagar",Ahmednagar,Maharashtra
2023,University,151-200,,Pt. Ravishankar Shukla University,Raipur,Chhattisgarh
2023,University,151-200,,Rabindranath Tagore University,Raisen,Madhya Pradesh
2023,University,151-200,,"Rajasthan University of Health Sciences, Jaipur",Jaipur,Rajasthan
2023,University,151-200,,"Rashtriya Sanskrit Sansthan, New Delhi",Delhi,Delhi
2023,University,151-200,,Sant Longowal Institute of Engineering & Technology,Longowal,Punjab
2023,University,151-200,,Shivaji University,Kolhapur,Maharashtra
2023,University,151-200,,Shri Mata Vaishno Devi University,Katra,Jammu and Kashmir
2023,University,151-200,,Sikkim University,Gangtok,Sikkim
2023,University,151-200,,Sri Chandrasekharendra Saraswathi Viswa Mahavidyalaya,Kancheepuram,Tamil Nadu
2023,University,151-200,,Sri Devraj Urs Academy of Higher Education and Research,Kolar,Karnataka
2023,University,151-200,,Sri Karan Narendra Agriculture University,JOBNER,Rajasthan
2023,University,151-200,,Sri Padmavathi Mahila Visvavidyalayam,Tirupathi,Andhra Pradesh
2023,University,151-200,,Sri Sathya Sai Institute of Higher Learning,Anantapur,Andhra Pradesh
2023,University,151-200,,Sri Venkateswara Institute of Medical Sciences,Tirupati,Andhra Pradesh
2023,University,151-200,,"Sumandeep Vidyapeeth, Vadodara",Vadodara,Gujarat
2023,University,151-200,,Suresh Gyan Vihar University,Jaipur,Rajasthan
2023,University,151-200,,The Northcap University,Gurugram,Haryana
2023,University,151-200,,The Rashtrasant Tukadoji Maharaj Nagpur University,Nagpur,Maharashtra
2023,University,151-200,,University of Agricultural Sciences,Dharwad,Karnataka
2023,University,151-200,,"University of Agricultural Sciences, Raichur",Raichur,Karnataka
2023,University,151-200,,University of Science and Technology,Ribhoi,Meghalaya
2023,University,151-200,,Vinayaka Mission's Research Foundation,Salem,Tamil Nadu
2023,University,151-200,,Yogi Vemana University,Kadapa,Andhra Pradesh
2024,Engineering,101-150,,Amity University,North Twenty Four Parganas,West Bengal
2024,Engineering,101-150,,"Amity University Haryana, Gurgaon","Gurugram, Haryana",Haryana
2024,Engineering,101-150,,"Amity University Rajasthan,Jaipur",Jaipur,Rajasthan
2024,Engineering,101-150,,Atal Bihari Vajpayee Indian Institute of Information Technology and Management,Gwalior,Madhya Pradesh
2024,Engineering,101-150,,"Chandigarh Engineering College-CGC, Landran, Mohali",Mohali,Punjab
2024,Engineering,101-150,,Chennai Institute of Technology,Chennai,Tamil Nadu
2024,Engineering,101-150,,Coimbatore Institute of Technology,Coimbatore,Tamil Nadu
2024,Engineering,101-150,,"College of Engineering, Trivandrum",Thiruvananthapuram,Kerala
2024,Engineering,101-150,,Dr. Vishwanath Karad MIT World Peace University,Pune,Maharashtra
2024,Engineering,101-150,,Galgotias University,Gautam Budh Nagar,Uttar Pradesh
2024,Engineering,101-150,,Gandhi Institute of Technology and Management,Visakhapatnam,Andhra Pradesh
2024,Engineering,101-150,,Goka Raju Ranga Raju Institute of Engineering & Technology,Hyderabad,Telangana
2024,Engineering,101-150,,Hindustan Institute of Technology and Science (HITS),Chennai,Tamil Nadu
2024,Engineering,101-150,,"Indian Institute of Information Technology, Design & Manufacturing, Kancheepuram",Chennai,Tamil Nadu
2024,Engineering,101-150,,Indian Institute of Technology Dharwad,Dharwad,Karnataka
2024,Engineering,101-150,,Jawaharlal Nehru Technological University,Kakinada,Andhra Pradesh
2024,Engineering,101-150,,Jaypee Institute of Information Technology,Noida,Uttar Pradesh
2024,Engineering,101-150,,Karunya Institute of Technology and Sciences,Coimbatore,Tamil Nadu
2024,Engineering,101-150,,Kongu Engineering College,Perundurai,Tamil Nadu
2024,Engineering,101-150,,KPR Institute of Engineering and Technology,Coimbatore,Tamil Nadu
2024,Engineering,101-150,,Mahindra University,Hyderabad,Telangana
2024,Engineering,101-150,,Manav Rachna International Institute of Research and Studies,Faridabad,Haryana
2024,Engineering,101-150,,Maulana Abul Kalam Azad University of Technology,Nadia,West Bengal
2024,Engineering,101-150,,Mepco Schlenk Engineering College,Sivakasi,Tamil Nadu
2024,Engineering,101-150,,"National Institute of Food Technology, Entrepreneurship and Management",Thanjavur,Tamil Nadu
2024,Engineering,101-150,,National Institute of Technology Arunachal Pradesh,Itanagar,Arunachal Pradesh
2024,Engineering,101-150,,National Institute of Technology Goa,Ponda,Goa
2024,Engineering,101-150,,National Institute of Technology Hamirpur,Hamirpur,Himachal Pradesh
2024,Engineering,101-150,,National Institute of Technology Manipur,Imphal,Manipur
2024,Engineering,101-150,,National Institute of Technology Mizoram,Aizawl,Mizoram
2024,Engineering,101-150,,National Institute of Technology Uttarakhand,Srinagar (Garhwal),Uttarakhand
2024,Engineering,101-150,,"National Institute of Technology, Jamshedpur",Jamshedpur,Jharkhand
2024,Engineering,101-150,,Nirma University,Ahmedabad,Gujarat
2024,Engineering,101-150,,Nitte Meenakshi Institute of Technology,Bengaluru,Karnataka
2024,Engineering,101-150,,Noida Institute of Engineering & Technology,Greater Noida,Uttar Pradesh
2024,Engineering,101-150,,Pandit Deendayal Energy University,Gandhinagar,Gujarat
2024,Engineering,101-150,,"Pandit Dwarka Prasad Mishra Indian Institute of Information Technology, Design and Manufacturing (IIITDM) Jabalpur",Jabalpur,Madhya Pradesh
2024,Engineering,101-150,,Panjab University,Chandigarh,Chandigarh
2024,Engineering,101-150,,PES University,Bengaluru,Karnataka
2024,Engineering,101-150,,PSG Institute of Technology and Applied Research,Coimbatore,Tamil Nadu
2024,Engineering,101-150,,"Punjab Engineering College (Deemed to be University), Chandigarh",Chandigarh,Chandigarh
2024,Engineering,101-150,,Rajalakshmi Engineering College,Chennai,Tamil Nadu
2024,Engineering,101-150,,Sharda University,Greater Noida,Uttar Pradesh
2024,Engineering,101-150,,Sri Sairam Engineering College,Kancheepuram,Tamil Nadu
2024,Engineering,101-150,,SVKM`s Narsee Monjee Institute of Management Studies,Mumbai,Maharashtra
2024,Engineering,101-150,,The Northcap University,Gurugram,Haryana
2024,Engineering,101-150,,Thiagarajar College of Engineering,Madurai,Tamil Nadu
2024,Engineering,101-150,,University College of Engineering,Hyderabad,Telangana
2024,Engineering,101-150,,"Veermata Jijabai Technological Institute,  (VJTI, Mumbai)",Mumbai,Maharashtra
2024,Engineering,101-150,,Vels Institute of Science Technology and Advanced Studies (VISTAS),Chennai,Tamil Nadu
2024,Engineering,151-200,,Annamalai University,Annamalainagar,Tamil Nadu
2024,Engineering,151-200,,Anurag University,Hyderabad,Telangana
2024,Engineering,151-200,,B. S. Abdur Rahman Crescent Institute of Science and Technology,Chennai,Tamil Nadu
2024,Engineering,151-200,,B.M.S. College of Engineering,Bengaluru,Karnataka
2024,Engineering,151-200,,Bansilal Ramnath Agarwal Charitable Trust`s Vishwakarama Institute of Technology,Pune,Maharashtra
2024,Engineering,151-200,,Bharati Vidyapeeth Deemed University College of Engineering,Pune,Maharashtra
2024,Engineering,151-200,,C M R Institute of Technology,Bengaluru,Karnataka
2024,Engineering,151-200,,Chaitanya Bharathi Institute of Technology,Hyderabad,Telangana
2024,Engineering,151-200,,CVR College of Engineering,Ibrahimpatan,Telangana
2024,Engineering,151-200,,Dayalbagh Educational Institute,Agra,Uttar Pradesh
2024,Engineering,151-200,,Dr. D. Y. Patil Institute of Technology,Pune,Maharashtra
2024,Engineering,151-200,,Easwari Engineering College,Chennai,Tamil Nadu
2024,Engineering,151-200,,"G. H. Raisoni College of Engineering, Nagpur",Nagpur,Maharashtra
2024,Engineering,151-200,,G. L. A. University,Mathura,Uttar Pradesh
2024,Engineering,151-200,,G.L.Bajaj Institute of Technology and Management,Greater Noida,Uttar Pradesh
2024,Engineering,151-200,,Indian Institute of Information Technology Guwahati,Guwahati,Assam
2024,Engineering,151-200,,Indira Gandhi Delhi Technical University for Women,Delhi,Delhi
2024,Engineering,151-200,,Institute of Aeronautical Engineering,Hyderabad,Telangana
2024,Engineering,151-200,,Institute of Engineering & Management,Kolkata,West Bengal
2024,Engineering,151-200,,"J. C. Bose University of Science and Technology, YMCA",Faridabad,Haryana
2024,Engineering,151-200,,Jawaharlal Nehru Technological University,Ananthapuramu,Andhra Pradesh
2024,Engineering,151-200,,JSPM's Rajarshi Shahu College of Engineering,Pune,Maharashtra
2024,Engineering,151-200,,KIET Group of Institutions: KIET Group of Pharmacy,Ghaziabad,Uttar Pradesh
2024,Engineering,151-200,,KLE Technological University,Dharwad,Karnataka
2024,Engineering,151-200,,Kumaraguru College of Technology,Coimbatore,Tamil Nadu
2024,Engineering,151-200,,Maharishi Markandeshwar (Deemed to be University),Ambala,Haryana
2024,Engineering,151-200,,Maulana Azad National Urdu University,Hyderabad,Telangana
2024,Engineering,151-200,,National Engineering College,Kovilpatti,Tamil Nadu
2024,Engineering,151-200,,"National Institute of Advanced Manufacturing Technology, Ranchi",Ranchi,Jharkhand
2024,Engineering,151-200,,"National Institute of Food Technology, Enterprenurship and Management",Sonipat,Haryana
2024,Engineering,151-200,,National Institute of Technology Nagaland,Dimapur,Nagaland
2024,Engineering,151-200,,National Institute of Technology Sikkim,South Sikkim,Sikkim
2024,Engineering,151-200,,New Horizon College of Engineering,Bengaluru,Karnataka
2024,Engineering,151-200,,NMAM Institute of Technology,"Nitte, Udupi",Karnataka
2024,Engineering,151-200,,North Eastern Regional Institute of Science & Technology,Itanagar,Arunachal Pradesh
2024,Engineering,151-200,,R.M.K. Engineering College,Thiruvallur,Tamil Nadu
2024,Engineering,151-200,,Rajalakshmi Institute of Technology,Thiruvallur,Tamil Nadu
2024,Engineering,151-200,,Shri Mata Vaishno Devi University,Katra,Jammu and Kashmir
2024,Engineering,151-200,,Sona College of Technology,SALEM,Tamil Nadu
2024,Engineering,151-200,,Sri Krishna College of Technology,Coimbatore,Tamil Nadu
2024,Engineering,151-200,,Sri Ramakrishna Engineering College,Coimbatore,Tamil Nadu
2024,Engineering,151-200,,Sri Venkateswara College of Engineering,Sriperumbudur,Tamil Nadu
2024,Engineering,151-200,,Tezpur University,Tezpur,Assam
2024,Engineering,151-200,,The National Institute of Engineering,Mysuru,Karnataka
2024,Engineering,151-200,,Vallurupalli Nageswara Rao Vignana Jyothi Institute of Engineering and Technology,Hyderabad,Telangana
2024,Engineering,151-200,,Vardhaman College of Engineering,Rangareddy,Telangana
2024,Engineering,151-200,,Veer Surendra Sai University of Technology,Burla,Odisha
2024,Engineering,151-200,,Velagapudi Ramakrishna Siddhartha Engineering College,VIJAYAWADA,Andhra Pradesh
2024,Engineering,151-200,,Vignan Institute of Technology and Science,Yadadri-Bhuvangiri,Telangana
2024,Engineering,151-200,,Yeshwantrao Chavan College of Engineering,Nagpur,Maharashtra
2024,Engineering,201-300,,ABES Engineering College,Ghaziabad,Uttar Pradesh
2024,Engineering,201-300,,Aditya Engineering College,Surampalem,Andhra Pradesh
2024,Engineering,201-300,,Aditya Institute of Technology and Management,Tekkali,Andhra Pradesh
2024,Engineering,201-300,,"Amity University, Gwalior",Gwalior,Madhya Pradesh
2024,Engineering,201-300,,Army Institute of Technology,Pune,Maharashtra
2024,Engineering,201-300,,Bharati Vidyapeeth?s College of Engineering,New Delhi,Delhi
2024,Engineering,201-300,,Bharatiya Vidya Bhavan`s Sardar Patel Institute of Technology,Mumbai,Maharashtra
2024,Engineering,201-300,,BIT Sindri,Dhanbad,Jharkhand
2024,Engineering,201-300,,BMS Institute of Technology & Management,Bengaluru,Karnataka
2024,Engineering,201-300,,Centurion University of Technology and Management,Paralakhemundi,Odisha
2024,Engineering,201-300,,Chandigarh Engineering College Jhanjeri,Sahibzada Ajit Singh Nagar,Punjab
2024,Engineering,201-300,,CMR College of Engineering & Technology,Hyderabad,Telangana
2024,Engineering,201-300,,CMR Engineering College,Rangareddy,Telangana
2024,Engineering,201-300,,CMR Institute of Technology,Hyderabad,Telangana
2024,Engineering,201-300,,"College of Engineering & Technology, Bhubaneswar",Bhubaneswar,Odisha
2024,Engineering,201-300,,Dayananda Sagar College of Engineering,Bengaluru,Karnataka
2024,Engineering,201-300,,Dhirubhai Ambani Institute of Information and Communication Technology,Gandhinagar,Gujarat
2024,Engineering,201-300,,DIT University,Dehradun,Uttarakhand
2024,Engineering,201-300,,Dr. M. G. R. Educational and Research Institute,Chennai,Tamil Nadu
2024,Engineering,201-300,,E.G.S. Pillay Engineering College,Nagapattinam,Tamil Nadu
2024,Engineering,201-300,,Galgotias College of Engineering & Technology,Greater Noida,Uttar Pradesh
2024,Engineering,201-300,,Gandhi Engieering College (GEC),Bhubaneswar,Odisha
2024,Engineering,201-300,,"Gandhi Institute for Technological Advancement (GITA), Bhubaneswar",Bhubaneswar,Odisha
2024,Engineering,201-300,,"GIET University, Gunupur",GUNUPUR,Odisha
2024,Engineering,201-300,,GMR Institute of Technology,Rajam,Andhra Pradesh
2024,Engineering,201-300,,Godavari Institute of Engineering & Technology,Rajahmundry,Andhra Pradesh
2024,Engineering,201-300,,Government College of Technology,Coimbatore,Tamil Nadu
2024,Engineering,201-300,,"Government Engineering College, Thrissur",Thrissur,Kerala
2024,Engineering,201-300,,Haldia Institute of Technology,Haldia,West Bengal
2024,Engineering,201-300,,Hindusthan College of Engineering and Technology,Coimbatore,Tamil Nadu
2024,Engineering,201-300,,"IES College of Technology, Bhopal",Bhopal,Madhya Pradesh
2024,Engineering,201-300,,Indian Institute of Petroleum & Energy,Visakhapatnam,Andhra Pradesh
2024,Engineering,201-300,,Institute of Infrastructure Technology Research and Management (IITRAM),Ahmedabad,Gujarat
2024,Engineering,201-300,,Integral University,Lucknow,Uttar Pradesh
2024,Engineering,201-300,,International Institute of Information Technology Bhubaneswar,Bhubaneswar,Odisha
2024,Engineering,201-300,,Jamia Hamdard,New Delhi,Delhi
2024,Engineering,201-300,,Jaypee University of Information Technology,Solan,Himachal Pradesh
2024,Engineering,201-300,,JIS College of Engineering,Kalyani,West Bengal
2024,Engineering,201-300,,"JSS Academy of Technical Education, Noida",Gautam Budh Nagar,Uttar Pradesh
2024,Engineering,201-300,,JSS Science and Technology University,Mysuru,Karnataka
2024,Engineering,201-300,,K. J. Somaiya College of Engineering,Mumbai,Maharashtra
2024,Engineering,201-300,,K. Ramakrishnan College of Engineering,Samayapuram,Tamil Nadu
2024,Engineering,201-300,,K. Ramakrishnan College of Technology,Tiruchirappalli,Tamil Nadu
2024,Engineering,201-300,,K.S. Rangasamy College of Technology,Tiruchengode,Tamil Nadu
2024,Engineering,201-300,,Kakatiya Institute of Technology & Science,Warangal,Telangana
2024,Engineering,201-300,,Kalaignar Karunanidhi Institute of Technology,COIMBATORE,Tamil Nadu
2024,Engineering,201-300,,Karpagam College of Engineering,Coimbatore,Tamil Nadu
2024,Engineering,201-300,,KCG College of Technology,Chennai,Tamil Nadu
2024,Engineering,201-300,,Kurukshetra University,Kurukshetra,Haryana
2024,Engineering,201-300,,Lakireddy Bali Reddy College of Engineering (LBRCE),Mylavaram,Andhra Pradesh
2024,Engineering,201-300,,Lakshmi Narain College of Technology,Bhopal,Madhya Pradesh
2024,Engineering,201-300,,M.Kumarasamy College of Engineering,Karur,Tamil Nadu
2024,Engineering,201-300,,Madanapalle Institute of Technology & Science,Madanapalle,Andhra Pradesh
2024,Engineering,201-300,,Maharaja Agrasen Institute of Technology,Delhi,Delhi
2024,Engineering,201-300,,Maharaja Sayajirao University of Baroda,Vadodara,Gujarat
2024,Engineering,201-300,,Maharaja Surajmal Institute of Technology,New Delhi,Delhi
2024,Engineering,201-300,,"Maharshi Dayanand University, Rohtak",Rohtak,Haryana
2024,Engineering,201-300,,Maharshi Karve Stree Shikshan Samstha's Cummins College of Engineering for Women,Pune,Maharashtra
2024,Engineering,201-300,,Malla Reddy Engineering College,Hyderabad,Telangana
2024,Engineering,201-300,,Manav Rachna University,Faridabad,Haryana
2024,Engineering,201-300,,MLR Institute of Technology,Hyderabad,Telangana
2024,Engineering,201-300,,Narasaraopeta Engineering College,Narasaraopet,Andhra Pradesh
2024,Engineering,201-300,,Narula Institute of Technology,Kolkata,West Bengal
2024,Engineering,201-300,,"P E S College of Engineering, Mandya",Mandya,Karnataka
2024,Engineering,201-300,,"Padmashree Dr. D. Y. Patil Vidyapeeth, Mumbai",Mumbai,Maharashtra
2024,Engineering,201-300,,Panimalar Engineering College,Thiruvallur,Tamil Nadu
2024,Engineering,201-300,,Pondicherry Engineering College,Puducherry,Pondicherry
2024,Engineering,201-300,,Prasad V Potluri Siddhartha Institue of Technology,Vijayawada,Andhra Pradesh
2024,Engineering,201-300,,Prince Shri Venkateshwara Padmavathy Engineering College,Kancheepuram,Tamil Nadu
2024,Engineering,201-300,,"PSNA College of Engineering and Technology, Dindigul",Dindigul,Tamil Nadu
2024,Engineering,201-300,,QIS College of Engineering & Technology,Ongole,Andhra Pradesh
2024,Engineering,201-300,,R. M. K. College of Engineering and Technology,Thiruvallur,Tamil Nadu
2024,Engineering,201-300,,R.M.D Engineering College,Thiruvallur,Tamil Nadu
2024,Engineering,201-300,,R.V. R. & J. C. College of Engineering,Guntur,Andhra Pradesh
2024,Engineering,201-300,,Rabindranath Tagore University,Raisen,Madhya Pradesh
2024,Engineering,201-300,,Rajeev Gandhi Memorial College of Engineering & Technology,Nandyal,Andhra Pradesh
2024,Engineering,201-300,,Rathinam Technical Campus,Coimbatore,Tamil Nadu
2024,Engineering,201-300,,Reva University,Bengaluru,Karnataka
2024,Engineering,201-300,,Saveetha Engineering College,Sriperumbudur,Tamil Nadu
2024,Engineering,201-300,,Shri G. S. Institute of Technology & Science,Indore,Madhya Pradesh
2024,Engineering,201-300,,Shri Ramdeobaba College of Engineering and Management,Nagpur,Maharashtra
2024,Engineering,201-300,,Shri Vile Parle Kelavani Mandal`s  Dwarkadas J. Sanghvi College of Engineering,Mumbai Suburban,Maharashtra
2024,Engineering,201-300,,Sikkim Manipal Institute of Technology (SMIT),Rangpo,Sikkim
2024,Engineering,201-300,,"Silicon Institute of Technology (SIT), Bhubaneswar",Bhubaneswar,Odisha
2024,Engineering,201-300,,SNS College of Technology,Coimbatore,Tamil Nadu
2024,Engineering,201-300,,Sree Vidyanikethan Engineering College,Tirupati,Andhra Pradesh
2024,Engineering,201-300,,Sreenidi Institute of Science &Technology,Rangareddy,Telangana
2024,Engineering,201-300,,Sri Eshwar College of Engineering,Coimbatore,Tamil Nadu
2024,Engineering,201-300,,Sri Manakula Vinayagar Engineering College,Puducherry,Pondicherry
2024,Engineering,201-300,,Sri Sai Ram Institute of Technology,Chennai,Tamil Nadu
2024,Engineering,201-300,,Sri Venkateswara College of Engineering and Technology,Chittoor,Andhra Pradesh
2024,Engineering,201-300,,"Sri Venkateswara College of Engineering, Tirupati",Tirupati,Andhra Pradesh
2024,Engineering,201-300,,Sri Venkateswara University,Tirupati,Andhra Pradesh
2024,Engineering,201-300,,St. Josephs College of Engineering,Kancheepuram,Tamil Nadu
2024,Engineering,201-300,,"The LNM Institute of Information Technology, Jaipur",Jaipur,Rajasthan
2024,Engineering,201-300,,University Institute of Chemical Technology,Jalgaon,Maharashtra
2024,Engineering,201-300,,University of Allahabad,PRAYAGRAJ,Uttar Pradesh
2024,Engineering,201-300,,Vasavi College of Engineering,Hyderabad,Telangana
2024,Engineering,201-300,,Vidya Jyothi Institute of Technology,Hyderabad,Telangana
2024,Engineering,201-300,,Vignan`s Institute of Information Technology,Visakhapatnam,Andhra Pradesh
2024,Overall,101-150,,Ashoka University,Sonepat,Haryana
2024,Overall,101-150,,"Assam University, Silchar",Silchar,Assam
2024,Overall,101-150,,Banasthali Vidyapith,Banasthali,Rajasthan
2024,Overall,101-150,,Bangalore University,Bengaluru,Karnataka
2024,Overall,101-150,,Bharati Vidyapeeth,Pune,Maharashtra
2024,Overall,101-150,,Birla Institute of Technology,Ranchi,Jharkhand
2024,Overall,101-150,,Calicut University,Malappuram,Kerala
2024,Overall,101-150,,Central University of Punjab,Bathinda,Punjab
2024,Overall,101-150,,Central University of Tamil Nadu,Tiruvarur,Tamil Nadu
2024,Overall,101-150,,Chaudhary Charan Singh Haryana Agricultural University,Hisar,Haryana
2024,Overall,101-150,,Chettinad Academy of Research and Education,"Kelambakkam, Chengalpattu District",Tamil Nadu
2024,Overall,101-150,,Chitkara University,Rajpura,Punjab
2024,Overall,101-150,,Dibrugarh University,Dibrugarh,Assam
2024,Overall,101-150,,Dr. B R Ambedkar National Institute of Technology Jalandhar,Jalandhar,Punjab
2024,Overall,101-150,,G.B. Pant Universtiy of Agriculture and Technology,Pantnagar,Uttarakhand
2024,Overall,101-150,,Guru Gobind Singh Indraprastha University,New Delhi,Delhi
2024,Overall,101-150,,"Indian Institute of Engineering Science and Technology, Shibpur",Howrah,West Bengal
2024,Overall,101-150,,Indian Institute of Space Science and Technology,Thiruvananthapuram,Kerala
2024,Overall,101-150,,Indian Institute of Technology Bhubaneswar,Bhubaneswar,Odisha
2024,Overall,101-150,,Indian Institute of Technology Palakkad,Palakkad,Kerala
2024,Overall,101-150,,Indian Institute of Technology Tirupati,YERPEDU,Andhra Pradesh
2024,Overall,101-150,,International Institute of Information Technology Hyderabad,Hyderabad,Telangana
2024,Overall,101-150,,"Jain University, Bangalore",Bengaluru,Karnataka
2024,Overall,101-150,,M. S. Ramaiah Institute of Technology,Bengaluru,Karnataka
2024,Overall,101-150,,Madan Mohan Malaviya University of Technology,Gorakhpur,Uttar Pradesh
2024,Overall,101-150,,Madurai Kamaraj University,Madurai,Tamil Nadu
2024,Overall,101-150,,Maharishi Markandeshwar (Deemed to be University),Ambala,Haryana
2024,Overall,101-150,,Manav Rachna International Institute of Research and Studies,Faridabad,Haryana
2024,Overall,101-150,,"Manipal University, Jaipur",Jaipur,Rajasthan
2024,Overall,101-150,,"Manonmaniam Sundaranar University, Tirunelveli",Tirunelveli,Tamil Nadu
2024,Overall,101-150,,Mizoram University,Aizawl,Mizoram
2024,Overall,101-150,,Mumbai University,Mumbai,Maharashtra
2024,Overall,101-150,,National Institute of Technology Patna,Patna,Bihar
2024,Overall,101-150,,National Institute of Technology Raipur,Raipur,Chhattisgarh
2024,Overall,101-150,,National Institute of Technology Srinagar,Srinagar,Jammu and Kashmir
2024,Overall,101-150,,Netaji Subhas University of Technology (NSUT),Delhi,Delhi
2024,Overall,101-150,,NITTE,Mangaluru,Karnataka
2024,Overall,101-150,,Pondicherry University,Puducherry,Pondicherry
2024,Overall,101-150,,PSG College of Technology,Coimbatore,Tamil Nadu
2024,Overall,101-150,,Sant Longowal Institute of Engineering and Technology,Longowal,Punjab
2024,Overall,101-150,,Sharda University,Greater Noida,Uttar Pradesh
2024,Overall,101-150,,Sri Balaji Vidyapeeth Mahatma Gandhi Medical College,Puducherry,Pondicherry
2024,Overall,101-150,,Sri Venkateswara University,Tirupati,Andhra Pradesh
2024,Overall,101-150,,Tamil Nadu Agricultural University,Coimbatore,Tamil Nadu
2024,Overall,101-150,,Tezpur University,Tezpur,Assam
2024,Overall,101-150,,University College of Medical Sciences,Delhi,Delhi
2024,Overall,101-150,,University of Agricultural Sciences,Bengaluru,Karnataka
2024,Overall,101-150,,"Vignan's Foundation for Science, Technology and Research",Guntur,Andhra Pradesh
2024,Overall,101-150,,Visvesvaraya Technological University,Belgaum,Karnataka
2024,Overall,101-150,,Yenepoya University,Mangaluru,Karnataka
2024,Overall,151-200,,Acharya N G Ranga Agricultural University,Guntur,Andhra Pradesh
2024,Overall,151-200,,Amity University,North Twenty Four Parganas,West Bengal
2024,Overall,151-200,,"Amity University Haryana, Gurgaon","Gurugram, Haryana",Haryana
2024,Overall,151-200,,Annamalai University,Annamalainagar,Tamil Nadu
2024,Overall,151-200,,Avinashilingam Institute for Home Science and Higher Education for Women,Coimbatore,Tamil Nadu
2024,Overall,151-200,,BLDE,Vijayapura,Karnataka
2024,Overall,151-200,,"C.V. Raman Global University, Odisha",Bhubaneswar,Odisha
2024,Overall,151-200,,Central University of Kerala,Kasaragod,Kerala
2024,Overall,151-200,,"Chandigarh Engineering College-CGC, Landran, Mohali",Mohali,Punjab
2024,Overall,151-200,,Chennai Institute of Technology,Chennai,Tamil Nadu
2024,Overall,151-200,,COEP Technological University,Pune,Maharashtra
2024,Overall,151-200,,Dr. M. G. R. Educational and Research Institute,Chennai,Tamil Nadu
2024,Overall,151-200,,Dr. Y.S. Parmar University of Horticulture and Forestry,Solan,Himachal Pradesh
2024,Overall,151-200,,G. L. A. University,Mathura,Uttar Pradesh
2024,Overall,151-200,,Galgotias University,Gautam Budh Nagar,Uttar Pradesh
2024,Overall,151-200,,Gandhi Institute of Technology and Management,Visakhapatnam,Andhra Pradesh
2024,Overall,151-200,,Hindustan Institute of Technology and Science (HITS),Chennai,Tamil Nadu
2024,Overall,151-200,,Indian Institute of Science Education and Research Thiruvananthapuram,Thiruvananthapuram,Kerala
2024,Overall,151-200,,Integral University,Lucknow,Uttar Pradesh
2024,Overall,151-200,,"Kalinga University, Raipur",Raipur,Chhattisgarh
2024,Overall,151-200,,Kalyani University,Kalyani,West Bengal
2024,Overall,151-200,,Karunya Institute of Technology and Sciences,Coimbatore,Tamil Nadu
2024,Overall,151-200,,KLE Academy of Higher Education and Research,Belagavi,Karnataka
2024,Overall,151-200,,KPR Institute of Engineering and Technology,Coimbatore,Tamil Nadu
2024,Overall,151-200,,Krishna Vishwa Vidyapeeth,Karad,Maharashtra
2024,Overall,151-200,,Maharshi Dayanand University,Rohtak,Haryana
2024,Overall,151-200,,Mangalore University,Mangalore,Karnataka
2024,Overall,151-200,,Manipur University,Imphal,Manipur
2024,Overall,151-200,,Maulana Azad National Institute of Technology,Bhopal,Madhya Pradesh
2024,Overall,151-200,,Mepco Schlenk Engineering College,Sivakasi,Tamil Nadu
2024,Overall,151-200,,Motilal Nehru National Institute of Technology,Prayagraj,Uttar Pradesh
2024,Overall,151-200,,National Institute of Technology Kurukshetra,Kurukshetra,Haryana
2024,Overall,151-200,,"NIMS University, Jaipur",Jaipur,Rajasthan
2024,Overall,151-200,,Noida Institute of Engineering & Technology,Greater Noida,Uttar Pradesh
2024,Overall,151-200,,North Eastern Hill University,Shillong,Meghalaya
2024,Overall,151-200,,Odisha University of Agriculture and Technology,Khordha,Odisha
2024,Overall,151-200,,"Padmashree Dr. D. Y. Patil Vidyapeeth, Mumbai",Mumbai,Maharashtra
2024,Overall,151-200,,Presidency University,Kolkata,West Bengal
2024,Overall,151-200,,PSG Institute of Medical Sciences and Research,Coimbatore,Tamil Nadu
2024,Overall,151-200,,Rajalakshmi Engineering College,Chennai,Tamil Nadu
2024,Overall,151-200,,Sawai Man Singh Medical College,Jaipur,Rajasthan
2024,Overall,151-200,,SR University,Warangal,Telangana
2024,Overall,151-200,,Sri Krishna College of Engineering and Technology,Coimbatore,Tamil Nadu
2024,Overall,151-200,,Suresh Gyan Vihar University,Jaipur,Rajasthan
2024,Overall,151-200,,University of Burdwan,Bardhaman,West Bengal
2024,Overall,151-200,,University of Lucknow,Lucknow,Uttar Pradesh
2024,Overall,151-200,,Utkal University,Bhubaneswar,Odisha
2024,Overall,151-200,,Vel Tech Rangarajan Dr. Sagunthala R & D Institute of Science and Technology,Chennai,Tamil Nadu
2024,Overall,151-200,,Vels Institute of Science Technology and Advanced Studies (VISTAS),Chennai,Tamil Nadu
2024,Overall,151-200,,Visva Bharati,Santiniketan,West Bengal
2024,College,101-150,,A. V. C. College,Mayiladuthurai,Tamil Nadu
2024,College,101-150,,Andhra Loyola College,Vijayawada,Andhra Pradesh
2024,College,101-150,,"Bharata Matha College, Thrikkakara P.O. 682 021",Ernakulam,Kerala
2024,College,101-150,,Christ College (Autonomous),Thrissur,Kerala
2024,College,101-150,,College of Social Work Nirmala Niketan 38 New Marine Lines Mumbai - 400 020,Mumbai,Maharashtra
2024,College,101-150,,D.A.V.College,Chandigarh- (U.T),Chandigarh
2024,College,101-150,,"Devamatha College, Kuravilangad-686633",Kottayam,Kerala
2024,College,101-150,,DG Vaishnav College,Chennai,Tamil Nadu
2024,College,101-150,,"Farook College, Kozhikkode",Kozhikode,Kerala
2024,College,101-150,,Fatima College,Madurai,Tamil Nadu
2024,College,101-150,,Government Arts College,Salem,Tamil Nadu
2024,College,101-150,,"Government Bikram College of Commerce, Patiala",Patiala,Punjab
2024,College,101-150,,Government Brennen College,Kannur,Kerala
2024,College,101-150,,"Government College, Attingal",Thiruvananthapuram,Kerala
2024,College,101-150,,"Govt. Arts & Science College, Meenchanda",Kozhikode,Kerala
2024,College,101-150,,"Govt. College, Nattakom, Kottayam-686013",Kottayam,Kerala
2024,College,101-150,,Hindusthan College of Arts and Science,Coimbatore,Tamil Nadu
2024,College,101-150,,Holy Cross College,Nagercoil,Tamil Nadu
2024,College,101-150,,I.C. College of Community Science,Hisar,Haryana
2024,College,101-150,,Indraprastha College for Women,Delhi,Delhi
2024,College,101-150,,Kamaraj College,Thoothukkudi,Tamil Nadu
2024,College,101-150,,Lady Doak College,Madurai,Tamil Nadu
2024,College,101-150,,Madura College,Madurai,Tamil Nadu
2024,College,101-150,,Mahatma Gandhi Government Arts College,Mahe,Pondicherry
2024,College,101-150,,Mehr Chand Mahajan D.A.V. College for Women,Chandigarh,Chandigarh
2024,College,101-150,,N. G. M. College,Pollachi,Tamil Nadu
2024,College,101-150,,Nehru Arts and Science College,Coimbatore,Tamil Nadu
2024,College,101-150,,"Nizam College, Basheerbagh",Hyderabad,Telangana
2024,College,101-150,,Patkai Christian College,Dimapur,Nagaland
2024,College,101-150,,Patna Women's College,Patna,Bihar
2024,College,101-150,,Prince Shri Venkateshwara Arts and Science College,Chennai,Tamil Nadu
2024,College,101-150,,"PSMO College, Thirurangadi",Malappuram,Kerala
2024,College,101-150,,Raja Narendra Lal Khan Women's College - Autonomous,Midnapore,West Bengal
2024,College,101-150,,"Rajah Serfoji Government College, Thanjavur - 613 005",Thanjavur,Tamil Nadu
2024,College,101-150,,Rajdhani College,West,Delhi
2024,College,101-150,,"Sarah Tucker College, Perumalpuram, Palayamkottai - 627 011",Tirunelveli,Tamil Nadu
2024,College,101-150,,SDNB Vaishnav College,Chennai,Tamil Nadu
2024,College,101-150,,Shaheed Bhagat Singh College,New Delhi,Delhi
2024,College,101-150,,Shaheed Bhagat Singh College (Evening),Delhi,Delhi
2024,College,101-150,,Shaheed Sukhdev College of Business Studies,New Delhi,Delhi
2024,College,101-150,,Shri M. V. & Smt. N. V. Virani Science College,Rajkot,Gujarat
2024,College,101-150,,Shyam Lal College,Delhi,Delhi
2024,College,101-150,,Sri Aurobindo College,South,Delhi
2024,College,101-150,,Sri Guru Tegh Bahadur Khalsa College,Delhi,Delhi
2024,College,101-150,,Sri Krishna Adithya College of Arts and Science,Coimbatore,Tamil Nadu
2024,College,101-150,,Sri Sarada College for Women (Autonomous),Salem,Tamil Nadu
2024,College,101-150,,St. Francis College for Women,Hyderabad,Telangana
2024,College,101-150,,St. Xavier's College,Ahmedabad,Gujarat
2024,College,101-150,,Union Christian College,Ernakulam,Kerala
2024,College,101-150,,Vellalar College for Women,Erode,Tamil Nadu
2024,College,101-150,,"Women's Christian College, Nagercoil - 629 001",Nagercoil,Tamil Nadu
2024,College,151-200,,Ahmednagar Jilha Maratha Vidya Prasarak Samaj`s New Arts Commerce & Science College,Ahmednagar,Maharashtra
2024,College,151-200,,Anna Adarsh College for Women,Chennai,Tamil Nadu
2024,College,151-200,,Aryabhatta College,Delhi,Delhi
2024,College,151-200,,"Baselius College, Kottayam-686 001",Kottayam,Kerala
2024,College,151-200,,Bharathi Womens College,Chennai,Tamil Nadu
2024,College,151-200,,"Bhavans Vivekananda College of Science, Humanities and Commerce",SECUNDERABAD,Telangana
2024,College,151-200,,Bon Secours College for Women,Thanjavur,Tamil Nadu
2024,College,151-200,,C.Abdul Hakeem College,Melvisharam,Tamil Nadu
2024,College,151-200,,Catholicate College,Pathanamthitta,Kerala
2024,College,151-200,,"Cauvery College for Women, Annamalai Nagar, Tiruchirappalli - 620 018",Tiruchirappalli,Tamil Nadu
2024,College,151-200,,Dempo Charities Trust Dhempe College of Arts & Science,PANAJI,Goa
2024,College,151-200,,"Government College for Women, Kumbakonam",KUMBAKONAM - 612 001,Tamil Nadu
2024,College,151-200,,"Government College for Women, Parade Ground , Jammu",Jammu & Kashmir,Jammu and Kashmir
2024,College,151-200,,"Govt.College, Nedumangad",Thiruvananthapuram,Kerala
2024,College,151-200,,Indira Gandhi College of Arts   and Science,Puducherry,Pondicherry
2024,College,151-200,,Justice Basher Ahmed Sayeed College for Women,Chennai,Tamil Nadu
2024,College,151-200,,Kalindi College,Delhi,Delhi
2024,College,151-200,,Kumaraguru college of Liberal Arts and Science,Coimbatore,Tamil Nadu
2024,College,151-200,,Kunthavai Naacchiyaar Government Arts College for Women,Thanjavur,Tamil Nadu
2024,College,151-200,,Loreto College,Kolkata,West Bengal
2024,College,151-200,,Maharaja Surajmal Institute,West,Delhi
2024,College,151-200,,"Marian College, Kuttikanam P.O. Peermade-685 531",Kuttikanam,Kerala
2024,College,151-200,,Mata Sundri College for Women,New Delhi,Delhi
2024,College,151-200,,Mercy College,Palakkad,Kerala
2024,College,151-200,,"MG College, Thiruvananthapuram",Thiruvananthapuram,Kerala
2024,College,151-200,,MOP Vaishnav College for Women,Chennai,Tamil Nadu
2024,College,151-200,,Mount Carmel College (Autonomous),Bengaluru,Karnataka
2024,College,151-200,,Nehru Arts & Science College,Kasaragod,Kerala
2024,College,151-200,,Nirmala College for Women,Coimbatore,Tamil Nadu
2024,College,151-200,,"Nirmala College, Muvattupuzha - 686 661",Ernakulam,Kerala
2024,College,151-200,,Nirmalagiri College,Kannur,Kerala
2024,College,151-200,,"Payyannur College, Payyannur,PO-Edat",Payyanur,Kerala
2024,College,151-200,,PGDAV College,New Delhi,Delhi
2024,College,151-200,,Ponda Education Society Shri Ravi S. Naik College of Arts and Science,North Goa,Goa
2024,College,151-200,,Rathinam College of Arts and Science,Coimbatore,Tamil Nadu
2024,College,151-200,,"S.T. Hindu College, Nagercoil - 629 002",Nagercoil,Tamil Nadu
2024,College,151-200,,Satyawati College,DELHI,Delhi
2024,College,151-200,,"Sree Kerala Varma College, Thrissur",Thrissur,Kerala
2024,College,151-200,,"Sree Narayana College, Kollam",Kollam,Kerala
2024,College,151-200,,"Sree Neelakanda Govt. Sanskrit College, Pattambi",Palakkad,Kerala
2024,College,151-200,,Sri Nehru Maha Vidyalaya College of Arts and Science,Coimbatore,Tamil Nadu
2024,College,151-200,,Sri Ramakrishna College of Arts & Science for Women,Coimbatore,Tamil Nadu
2024,College,151-200,,St. Ann`s College for Women,HYDERABAD,Telangana
2024,College,151-200,,"St. Joseph's College for Women, Alappuzha",Alappuzha,Kerala
2024,College,151-200,,"St. Xavier's College for Women, Aluva - 683 101",Aluva,Kerala
2024,College,151-200,,"Sullamussalam Science College, Areakkode",Areekode,Kerala
2024,College,151-200,,Thanthai Periyar Government Arts and Science College (Autonomous),Tiruchirappalli,Tamil Nadu
2024,College,151-200,,The New College,Chennai,Tamil Nadu
2024,College,151-200,,Thiruvalluvar Government Arts College,Namakkal,Tamil Nadu
2024,College,201-300,,A. V. V. M. Sri Pushpam College,Thanjavur,Tamil Nadu
2024,College,201-300,,A.P Residential Degree College,NAGARJUNASAGAR,Andhra Pradesh
2024,College,201-300,,"Aditanar College of Arts & Science, Virapandianpattinam, Tiruchendur - 628 216 Thoothukudi District.",Thoothukkudi,Tamil Nadu
2024,College,201-300,,"All Saints' College, Thiruvananthapuram",Thiruvananthapuram,Kerala
2024,College,201-300,,"Alphonsa College, Pala - 686 574",Pala,Kerala
2024,College,201-300,,"Arignar Anna Govt. Arts College, Villupuram",Viluppuram,Tamil Nadu
2024,College,201-300,,"Arignar Anna Govt.Arts College,Cheyyar-602 407",Cheyyar,Tamil Nadu
2024,College,201-300,,Assumption College,Changanassery,Kerala
2024,College,201-300,,Auxilium College,Vellore,Tamil Nadu
2024,College,201-300,,B. V. Raju College,West Godavari,Andhra Pradesh
2024,College,201-300,,Bharathidasan Govt. College for Women,Puducherry,Pondicherry
2024,College,201-300,,"Bishop Kurialacherry College for Women, Amalagiri P.O Kottayam-686 561",Kottayam,Kerala
2024,College,201-300,,Chikkanna Government Arts College,Tiruppur,Tamil Nadu
2024,College,201-300,,D.A.V.College Jalandhar,Jalandhar,Punjab
2024,College,201-300,,"Dharmapuram Gnanambigai Government Arts College for Women, Mayiladuthrai",Mayiladuthurai,Tamil Nadu
2024,College,201-300,,Dr. Ambedkar Government Arts College,Chennai,Tamil Nadu
2024,College,201-300,,"Dr. D.Y.Patil Unitech Society Dr. D.Y.Patil Arts, Commerce and Science College",Pune,Maharashtra
2024,College,201-300,,"Dr. Gafoor Memorial MES Mampad College, Mampad",Malappuram,Kerala
2024,College,201-300,,"Fatima Mata National College, Kollam",Kollam,Kerala
2024,College,201-300,,G. A. C. for Men,Chennai,Tamil Nadu
2024,College,201-300,,G.T.N. Arts College,Dindigul,Tamil Nadu
2024,College,201-300,,Gobi Arts & Science College,Erode,Tamil Nadu
2024,College,201-300,,Government Arts College,Cuddalore,Tamil Nadu
2024,College,201-300,,Government Arts College for Women,Salem,Tamil Nadu
2024,College,201-300,,"Government Arts College, Ariyalur - 621 713",Ariyalur,Tamil Nadu
2024,College,201-300,,"Government Arts College, Karur - 639 005",Karur,Tamil Nadu
2024,College,201-300,,"Government Arts College, Tiruppur",Udumalpet,Tamil Nadu
2024,College,201-300,,Government College of Arts & Crafts,Kolkata,West Bengal
2024,College,201-300,,"Govt Post-graduate College for Girls, Sector-11",Chandigarh,Chandigarh
2024,College,201-300,,Govt. Arts College Thiruvannamalai-606 603,Thiruvannamalai,Tamil Nadu
2024,College,201-300,,Govt. College,Malappuram,Kerala
2024,College,201-300,,"Govt. College Kasaragod. Vidya Nagar P.O, Kasargod",Kasaragod,Kerala
2024,College,201-300,,Govt. College of Arts Science & Commerce Sanquelim,Sankhali,Goa
2024,College,201-300,,"Govt. College, Chittur",Palakkad,Kerala
2024,College,201-300,,"Govt.Arts College, Thiruvananthapuram",Thiruvananthapuram,Kerala
2024,College,201-300,,Hajee Karutha Rowther Howdia College,"Uthamapalayam,Theni",Tamil Nadu
2024,College,201-300,,"Institute for Excellence in Higher Education(IEHE), Bhopal(Autonomous)",Bhopal,Madhya Pradesh
2024,College,201-300,,Institute of Science & Technology for Advanced Studies & Research (ISTAR),Vallabh Vidyanagar,Gujarat
2024,College,201-300,,"Jagannath International Management School, VasantKunj",New Delhi,Delhi
2024,College,201-300,,Janki Devi Memorial College,Central,Delhi
2024,College,201-300,,K. S. Rangasamy College of Arts and Science (Autonomous),Namakkal,Tamil Nadu
2024,College,201-300,,K.G. College of Arts and Science,Coimbatore,Tamil Nadu
2024,College,201-300,,"Karnatak Science College, Dharwad",Dharwad,Karnataka
2024,College,201-300,,Khalsa College,Amritsar,Punjab
2024,College,201-300,,Kongu Arts & Science College,Erode,Tamil Nadu
2024,College,201-300,,Kumbhalkar Social Work College,Wardha,Maharashtra
2024,College,201-300,,Loyala Academy,Hyderabad,Telangana
2024,College,201-300,,"M. E. S College, Marampally, North Vazhakulam, Aluva- 683 107",Ernakulam,Kerala
2024,College,201-300,,M. G. Science Institute,Ahmedabad,Gujarat
2024,College,201-300,,"Mahatma Gandhi College,Iritti,PO-Keezhur",Kannur,Kerala
2024,College,201-300,,Malankara Catholic College,KALIAKKAVILAI,Tamil Nadu
2024,College,201-300,,Mar Athanasios College For Advanced Studies Tiruvalla,Thiruvalla,Kerala
2024,College,201-300,,Meenakshi College for Women,Chennai,Tamil Nadu
2024,College,201-300,,"MES Ponnani College, Ponnani",Malappuram,Kerala
2024,College,201-300,,Morning Star Home Science College,Ernakulam,Kerala
2024,College,201-300,,Nehru Memorial College,Tiruchirappalli,Tamil Nadu
2024,College,201-300,,Newman College,Thodupuzha,Kerala
2024,College,201-300,,Nowgong College,Nagaon,Assam
2024,College,201-300,,Parvatibai Chowgule College of Arts & Science (Autonomous),Margao,Goa
2024,College,201-300,,Periyar Arts College,Cuddalore,Tamil Nadu
2024,College,201-300,,"Pookoya Thangal Memorial Govt. College, Perinthalmanna",Malappuram,Kerala
2024,College,201-300,,Presidency College,Bengaluru,Karnataka
2024,College,201-300,,Quaid E Millath Govt College for Women,Chennai,Tamil Nadu
2024,College,201-300,,Rani Anna Government College for Women,Tirunelveli,Tamil Nadu
2024,College,201-300,,Rathnavel Subramaniam College of Arts and Science,Coimbatore,Tamil Nadu
2024,College,201-300,,RBVRR College for Women,Hyderabad,Telangana
2024,College,201-300,,S.N. College Alathur,Palakkad,Kerala
2024,College,201-300,,"S.S.V. College, Valayanchirangara P.O., Perumbavoor - 683 556",Ernakulam,Kerala
2024,College,201-300,,Seethalakshmi Ramaswami College,Tiruchirappalli,Tamil Nadu
2024,College,201-300,,"Sengamala Thayaar Educational Trust Women's College, Mannargudi - 614 001",Thiruvarur,Tamil Nadu
2024,College,201-300,,"Shikshan Prasarak Mandalis Sir Parshurambhau College Arts, Science & Commerce, Pune",Pune,Maharashtra
2024,College,201-300,,Shikshan Prasark Mandals Ramnarain Ruia College Matunga Mumbai-400 019,Mumbai,Maharashtra
2024,College,201-300,,Shri Shankarlal Sundarbai Shasun Jain College for Women,Chennai,Tamil Nadu
2024,College,201-300,,Shyama Prasad Mukherji College for Women,New delhi,Delhi
2024,College,201-300,,Sir Syed College,Taliparamba,Kerala
2024,College,201-300,,Sir Theagaraya College,Chennai,Tamil Nadu
2024,College,201-300,,"Sree Narayana College for Women, Kollam",Kollam,Kerala
2024,College,201-300,,"Sree Narayana College, Thottada",Kannur,Kerala
2024,College,201-300,,"Sree Sankara College, Kalady-683 574",Ernakulam,Kerala
2024,College,201-300,,"Sree Sevugan Annamalai College, Devakottai",Sivaganga,Tamil Nadu
2024,College,201-300,,"Sri Dharmasthala Manjunatheshwara College, Ujire-574240, Belthangady",Ujire,Karnataka
2024,College,201-300,,Sri Guru Nanak Dev Khalsa College,Delhi,Delhi
2024,College,201-300,,"Sri Parasakthi College for Women, Tirunelveli",COURTALLAM,Tamil Nadu
2024,College,201-300,,Sri Vasavi College,Erode,Tamil Nadu
2024,College,201-300,,"Sri. Shivaji Science College, Congressnagar",Nagpur,Maharashtra
2024,College,201-300,,Srimad Andavan Arts & Science College (Autonomous),Tiruchirappalli,Tamil Nadu
2024,College,201-300,,St. Anthony's College,Shillong,Meghalaya
2024,College,201-300,,"St. Dominic's College, Parathod P.O., Kanjirappally-686 512",Kottayam,Kerala
2024,College,201-300,,St. Joseph College of Arts  & Science College (Autonomous),Cuddalore,Tamil Nadu
2024,College,201-300,,St. Mary`s College,Thoothukudi,Tamil Nadu
2024,College,201-300,,St. Peter's College,Ernakulam,Kerala
2024,College,201-300,,St. Pius Xth College,Kasargod,Kerala
2024,College,201-300,,"St. Thomas College, Arunapuram",Kottayam,Kerala
2024,College,201-300,,St. Xaviers College of Arts Science & Commerce  Mapusa,Mapusa,Goa
2024,College,201-300,,"St.Josephs College, Moolamattom, Arakulam P.O.- 685 591",Arakulam,Kerala
2024,College,201-300,,T. M Jacob Memorial Govt. College Manimalakunnu,ERNAKULAM,Kerala
2024,College,201-300,,V.V. Vanniaperumal College for Women,Virudhunagar,Tamil Nadu
2024,College,201-300,,"Vidya Prabodhini College of Commerce, Education, Computer and Management, Vidyanagar","Porvorim, North Goa",Goa
2024,College,201-300,,"Yashwantrao Chavan Institute of Science, Satara",Satara,Maharashtra
2024,College,201-300,,Zakir Husain Delhi College,Central,Delhi
2024,University,101-150,,Acharya N G Ranga Agricultural University,Guntur,Andhra Pradesh
2024,University,101-150,,"Amity University Haryana, Gurgaon","Gurugram, Haryana",Haryana
2024,University,101-150,,Annamalai University,Annamalainagar,Tamil Nadu
2024,University,101-150,,Ashoka University,Sonepat,Haryana
2024,University,101-150,,"Assam University, Silchar",Silchar,Assam
2024,University,101-150,,BLDE,Vijayapura,Karnataka
2024,University,101-150,,"C.V. Raman Global University, Odisha",Bhubaneswar,Odisha
2024,University,101-150,,Central University of Kerala,Kasaragod,Kerala
2024,University,101-150,,Chaudhary Charan Singh Haryana Agricultural University,Hisar,Haryana
2024,University,101-150,,COEP Technological University,Pune,Maharashtra
2024,University,101-150,,D. Y. Patil Educational Society,Kolhapur,Maharashtra
2024,University,101-150,,Dayalbagh Educational Institute,Agra,Uttar Pradesh
2024,University,101-150,,Devi Ahilya Vishwavidyalaya,Indore,Madhya Pradesh
2024,University,101-150,,Dibrugarh University,Dibrugarh,Assam
2024,University,101-150,,Dr. Babasaheb Ambedkar Marathwada University,Aurangabad,Maharashtra
2024,University,101-150,,Dr. M. G. R. Educational and Research Institute,Chennai,Tamil Nadu
2024,University,101-150,,G. L. A. University,Mathura,Uttar Pradesh
2024,University,101-150,,Galgotias University,Gautam Budh Nagar,Uttar Pradesh
2024,University,101-150,,Gandhi Institute of Technology and Management,Visakhapatnam,Andhra Pradesh
2024,University,101-150,,Guru Jambheshwar University of Science and Technology,Hisar,Haryana
2024,University,101-150,,Hindustan Institute of Technology and Science (HITS),Chennai,Tamil Nadu
2024,University,101-150,,Indian Institute of Space Science and Technology,Thiruvananthapuram,Kerala
2024,University,101-150,,Integral University,Lucknow,Uttar Pradesh
2024,University,101-150,,"Kalinga University, Raipur",Raipur,Chhattisgarh
2024,University,101-150,,Karunya Institute of Technology and Sciences,Coimbatore,Tamil Nadu
2024,University,101-150,,KLE Academy of Higher Education and Research,Belagavi,Karnataka
2024,University,101-150,,Krishna Vishwa Vidyapeeth,Karad,Maharashtra
2024,University,101-150,,Kurukshetra University,Kurukshetra,Haryana
2024,University,101-150,,Kuvempu University,Shivamogga,Karnataka
2024,University,101-150,,Maharshi Dayanand University,Rohtak,Haryana
2024,University,101-150,,Mangalore University,Mangalore,Karnataka
2024,University,101-150,,Manipur University,Imphal,Manipur
2024,University,101-150,,Meenakshi Academy of Higher Education and Research,Chennai,Tamil Nadu
2024,University,101-150,,"NIMS University, Jaipur",Jaipur,Rajasthan
2024,University,101-150,,Nirma University,Ahmedabad,Gujarat
2024,University,101-150,,North Eastern Hill University,Shillong,Meghalaya
2024,University,101-150,,Odisha University of Agriculture and Technology,Khordha,Odisha
2024,University,101-150,,"Padmashree Dr. D. Y. Patil Vidyapeeth, Mumbai",Mumbai,Maharashtra
2024,University,101-150,,Pandit Deendayal Energy University,Gandhinagar,Gujarat
2024,University,101-150,,Parul University,Vadodara,Gujarat
2024,University,101-150,,Pondicherry University,Puducherry,Pondicherry
2024,University,101-150,,Presidency University,Kolkata,West Bengal
2024,University,101-150,,"Sambalpur University, Sambalpur",Sambalpur,Odisha
2024,University,101-150,,SR University,Warangal,Telangana
2024,University,101-150,,Sri Padmavathi Mahila Visvavidyalayam,Tirupati,Andhra Pradesh
2024,University,101-150,,Suresh Gyan Vihar University,Jaipur,Rajasthan
2024,University,101-150,,University of Burdwan,Bardhaman,West Bengal
2024,University,101-150,,Utkal University,Bhubaneswar,Odisha
2024,University,101-150,,Vels Institute of Science Technology and Advanced Studies (VISTAS),Chennai,Tamil Nadu
2024,University,101-150,,Visva Bharati,Santiniketan,West Bengal
2024,University,151-200,,Amity University,North Twenty Four Parganas,West Bengal
2024,University,151-200,,"Amity University Rajasthan,Jaipur",Jaipur,Rajasthan
2024,University,151-200,,Anurag University,Hyderabad,Telangana
2024,University,151-200,,Central Agricultural University,Imphal West,Manipur
2024,University,151-200,,Central Sanskrit University,Delhi,Delhi
2024,University,151-200,,Central University of Rajasthan,Kishangarh,Rajasthan
2024,University,151-200,,Centurion University of Technology and Management,Paralakhemundi,Odisha
2024,University,151-200,,Charotar University of Science & Technology,Changa,Gujarat
2024,University,151-200,,Chaudhary Charan Singh University Meerut,MEERUT,Uttar Pradesh
2024,University,151-200,,Chaudhary Sarwan Kumar Himachal Pardesh Krishi Vishvavidyalaya,Kangra,Himachal Pradesh
2024,University,151-200,,Dharmsinh Desai University,Nadiad,Gujarat
2024,University,151-200,,Dr Rajendra Prasad Central Agricultural University,Samastipur,Bihar
2024,University,151-200,,Dr. Y.S. Parmar University of Horticulture and Forestry,Solan,Himachal Pradesh
2024,University,151-200,,Fakir Mohan University,Balasore,Odisha
2024,University,151-200,,Glocal University,Saharanpur,Uttar Pradesh
2024,University,151-200,,Goa University,Goa,Goa
2024,University,151-200,,Guru Angad Dev Veterinary and Animal Sciences University,Ludhiana,Punjab
2024,University,151-200,,Indraprastha Institute of Information Technology,New Delhi,Delhi
2024,University,151-200,,Jawaharlal Nehru Technological University,Ananthapuramu,Andhra Pradesh
2024,University,151-200,,Kalyani University,Kalyani,West Bengal
2024,University,151-200,,Kannur University,Kannur,Kerala
2024,University,151-200,,Karpagam Academy of Higher Education,Coimbatore,Tamil Nadu
2024,University,151-200,,Kerala Agricultural University,Thrissur,Kerala
2024,University,151-200,,KLE Technological University,Dharwad,Karnataka
2024,University,151-200,,LNCT University,Bhopal,Madhya Pradesh
2024,University,151-200,,M.S. Ramaiah University of Applied Sciences,Bengaluru,Karnataka
2024,University,151-200,,Maharaja Sayajirao University of Baroda,Vadodara,Gujarat
2024,University,151-200,,"Mahatma Gandhi University of Medical Sciences & Technology, Jaipur",Jaipur,Rajasthan
2024,University,151-200,,Maulana Azad National Urdu University,Hyderabad,Telangana
2024,University,151-200,,"MGM Institute of Health Sciences, Navi  Mumbai",Navi Mumbai,Maharashtra
2024,University,151-200,,Mohan Lal Sukhadia University,Udaipur,Rajasthan
2024,University,151-200,,PES University,Bengaluru,Karnataka
2024,University,151-200,,"Pravara Institute of Medical Sciences, Ahmednagar",Ahmednagar,Maharashtra
2024,University,151-200,,Rabindranath Tagore University,Raisen,Madhya Pradesh
2024,University,151-200,,Rashtrasant Tukadoji Maharaj Nagpur University,Nagpur,Maharashtra
2024,University,151-200,,Ravenshaw University,Cuttack,Odisha
2024,University,151-200,,Santosh University,Ghaziabad,Uttar Pradesh
2024,University,151-200,,Sher-e-Kashmir University of Agricultural Science and Technology of Jammu,Jammu,Jammu and Kashmir
2024,University,151-200,,Shivaji University,Kolhapur,Maharashtra
2024,University,151-200,,Sikkim Manipal University,Gangtok,Sikkim
2024,University,151-200,,Sikkim University,Gangtok,Sikkim
2024,University,151-200,,Sri Devraj Urs Academy of Higher Education and Research,Kolar,Karnataka
2024,University,151-200,,Sri Sathya Sai Institute of Higher Learning,Prasanthi Nilayam,Andhra Pradesh
2024,University,151-200,,"Sumandeep Vidyapeeth, Vadodara",Vadodara,Gujarat
2024,University,151-200,,Tamil Nadu Veterinary and Animal Sciences University,Chennai,Tamil Nadu
2024,University,151-200,,University of Agricultural Sciences,Dharwad,Karnataka
2024,University,151-200,,University of Science and Technology,Ribhoi,Meghalaya
2024,University,151-200,,Veer Surendra Sai University of Technology,Burla,Odisha
2024,University,151-200,,Vidyasagar University,Midnapore,West Bengal
2024,University,151-200,,Vinayaka Mission's Research Foundation,Salem,Tamil Nadu
2025,Engineering,101-150,,Amity University,North Twenty Four Parganas,West Bengal
2025,Engineering,101-150,,"Amity University Haryana, Gurgaon","Gurugram, Haryana",Haryana
2025,Engineering,101-150,,Anurag University,Hyderabad,Telangana
2025,Engineering,101-150,,Bansilal Ramnath Agarwal Charitable Trust`s Vishwakarama Institute of Technology,Pune,Maharashtra
2025,Engineering,101-150,,"Chandigarh Engineering College-CGC, Landran, Mohali",Mohali,Punjab
2025,Engineering,101-150,,Chennai Institute of Technology,Chennai,Tamil Nadu
2025,Engineering,101-150,,Coimbatore Institute of Technology,Coimbatore,Tamil Nadu
2025,Engineering,101-150,,College of Engineering Trivandrum,Thiruvananthapuram,Kerala
2025,Engineering,101-150,,Dr. Vishwanath Karad MIT World Peace University,Pune,Maharashtra
2025,Engineering,101-150,,Easwari Engineering College,Chennai,Tamil Nadu
2025,Engineering,101-150,,Galgotias University,Gautam Budh Nagar,Uttar Pradesh
2025,Engineering,101-150,,Gandhi Institute of Technology And Management (GITAM),Visakhapatnam,Andhra Pradesh
2025,Engineering,101-150,,Guru Gobind Singh Indraprastha University,New Delhi,Delhi
2025,Engineering,101-150,,Hindustan Institute of Technology  and Science (HITS),Chennai,Tamil Nadu
2025,Engineering,101-150,,Indian Institute of Information Technology Allahabad,Prayagraj,Uttar Pradesh
2025,Engineering,101-150,,Indian Institute of Technology Goa,Ponda,Goa
2025,Engineering,101-150,,Jawaharlal Nehru Technological University,Kakinada,Andhra Pradesh
2025,Engineering,101-150,,Jaypee Institute of Information Technology,Noida,Uttar Pradesh
2025,Engineering,101-150,,Karunya Institute of Technology and Sciences,Coimbatore,Tamil Nadu
2025,Engineering,101-150,,Kongu Engineering College,Perundurai,Tamil Nadu
2025,Engineering,101-150,,KPR Institute of Engineering and Technology,Coimbatore,Tamil Nadu
2025,Engineering,101-150,,Maharishi Markandeshwar,Ambala,Haryana
2025,Engineering,101-150,,Mahindra University,Hyderabad,Telangana
2025,Engineering,101-150,,Manav Rachna International Institute of Research & Studies,Faridabad,Haryana
2025,Engineering,101-150,,Maulana Azad National Urdu University,Hyderabad,Telangana
2025,Engineering,101-150,,"National Institute of Food Technology, Enterprenurship & Management",Sonipat,Haryana
2025,Engineering,101-150,,"National Institute of Food Technology, Entrepreneurship and Management - Thanjavur (NIFTEM - Thanjavur)",Thanjavur,Tamil Nadu
2025,Engineering,101-150,,National Institute of Technology Agartala,Agratala,Tripura
2025,Engineering,101-150,,National Institute of Technology Arunachal Pradesh,Itanagar,Arunachal Pradesh
2025,Engineering,101-150,,National Institute of Technology Goa,Cuncolim,Goa
2025,Engineering,101-150,,National Institute of Technology Mizoram,Aizawl,Mizoram
2025,Engineering,101-150,,National Institute of Technology Nagaland,Dimapur,Nagaland
2025,Engineering,101-150,,Nirma University,Ahmedabad,Gujarat
2025,Engineering,101-150,,Nitte Meenakshi Institute of Technology,Bengaluru,Karnataka
2025,Engineering,101-150,,Noida Institute of Engineering & Technology,Greater Noida,Uttar Pradesh
2025,Engineering,101-150,,"Pandit Dwarka Prasad Mishra Indian Institute of Information Technology, Design and Manufacturing (IIITDM) Jabalpur",Jabalpur,Madhya Pradesh
2025,Engineering,101-150,,PES University,Bengaluru,Karnataka
2025,Engineering,101-150,,PSG Institute of Technology and Applied Research,Coimbatore,Tamil Nadu
2025,Engineering,101-150,,"Punjab Engineering College (Deemed to be University), Chandigarh",Chandigarh,Chandigarh
2025,Engineering,101-150,,R.V. College of Engineering,Bengaluru,Karnataka
2025,Engineering,101-150,,Rajalakshmi Engineering College,Chennai,Tamil Nadu
2025,Engineering,101-150,,Sharda University,Greater Noida,Uttar Pradesh
2025,Engineering,101-150,,Shoolini University of Biotechnology and Management Sciences,Solan,Himachal Pradesh
2025,Engineering,101-150,,Siddaganga Institute of Technology,Tumkur,Karnataka
2025,Engineering,101-150,,SVKM`s Narsee Monjee Institute of Management Studies,Mumbai,Maharashtra
2025,Engineering,101-150,,The Northcap University,Gurugram,Haryana
2025,Engineering,101-150,,Thiagarajar College of Engineering,Madurai,Tamil Nadu
2025,Engineering,101-150,,University College of Engineering,Hyderabad,Telangana
2025,Engineering,101-150,,University of Allahabad,Prayagraj,Uttar Pradesh
2025,Engineering,101-150,,"Veermata Jijabai Technological Institute,  (VJTI, Mumbai)",Mumbai,Maharashtra
2025,Engineering,151-200,,"Amity University Rajasthan,Jaipur",Jaipur,Rajasthan
2025,Engineering,151-200,,B. S. Abdur Rahman Crescent Institute of Science and Technology,Chennai,Tamil Nadu
2025,Engineering,151-200,,B.M.S. College of Engineering,Bengaluru,Karnataka
2025,Engineering,151-200,,Bharati Vidyapeeth Deemed University College of Engineering,Pune,Maharashtra
2025,Engineering,151-200,,C M R Institute of Technology,Bengaluru,Karnataka
2025,Engineering,151-200,,"CGC College of Engineering, Landran",Sahibzada Ajit Singh Nagar,Punjab
2025,Engineering,151-200,,Chaitanya Bharathi Institute of Technology,Hyderabad,Telangana
2025,Engineering,151-200,,CVR College of Engineering,Ibrahimpatan,Telangana
2025,Engineering,151-200,,Dayalbagh Educational Institute,Agra,Uttar Pradesh
2025,Engineering,151-200,,Dr. D. Y. Patil Institute of Technology,Pune,Maharashtra
2025,Engineering,151-200,,Dr. M. G. R. Educational and Research Institute,Chennai,Tamil Nadu
2025,Engineering,151-200,,G. L. A. University,Mathura,Uttar Pradesh
2025,Engineering,151-200,,G.L.Bajaj Institute of Technology and Management,Greater Noida,Uttar Pradesh
2025,Engineering,151-200,,Goka Raju Ranga Raju Institute of Engineering & Technology,Hyderabad,Telangana
2025,Engineering,151-200,,Guru Ghasidas Vishwavidyalaya,Bilaspur (Chhattisgarh),Chhattisgarh
2025,Engineering,151-200,,"Indian Institute of Information Technology, Design & Manufacturing, Kancheepuram",Chennai,Tamil Nadu
2025,Engineering,151-200,,Institute of Aeronautical Engineering,Hyderabad,Telangana
2025,Engineering,151-200,,Institute of Engineering & Management,Kolkata,West Bengal
2025,Engineering,151-200,,Integral University,Lucknow,Uttar Pradesh
2025,Engineering,151-200,,"Islamic University of Science & Technology, Pulwama",Pulwama,Jammu and Kashmir
2025,Engineering,151-200,,"J. C. Bose University of Science and Technology, YMCA",Faridabad,Haryana
2025,Engineering,151-200,,Jawaharlal Nehru Technological University,Ananthapuramu,Andhra Pradesh
2025,Engineering,151-200,,JSPM's Rajarshi Shahu College of Engineering,Pune,Maharashtra
2025,Engineering,151-200,,KIET Group of Institutions,Ghaziabad,Uttar Pradesh
2025,Engineering,151-200,,KLE Technological University,Dharwad,Karnataka
2025,Engineering,151-200,,Kumaraguru College of Technology,Coimbatore,Tamil Nadu
2025,Engineering,151-200,,Maulana Abul Kalam Azad University of Technology,Nadia,West Bengal
2025,Engineering,151-200,,Mepco Schlenk Engineering College,Sivakasi,Tamil Nadu
2025,Engineering,151-200,,National Institute of Technology Manipur,Imphal,Manipur
2025,Engineering,151-200,,National Institute of Technology Sikkim,South Sikkim,Sikkim
2025,Engineering,151-200,,National Institute of Technology Uttarakhand,Srinagar (Garhwal),Uttarakhand
2025,Engineering,151-200,,New Horizon College of Engineering,Bengaluru,Karnataka
2025,Engineering,151-200,,NMAM Institute of Technology,"Nitte, Udupi",Karnataka
2025,Engineering,151-200,,North Eastern Regional Institute of Science & Technology,Itanagar,Arunachal Pradesh
2025,Engineering,151-200,,R.M.K. Engineering College,Thiruvallur,Tamil Nadu
2025,Engineering,151-200,,"Ramdeobaba University, Nagpur",Nagpur,Maharashtra
2025,Engineering,151-200,,Shri Mata Vaishno Devi University,Katra,Jammu and Kashmir
2025,Engineering,151-200,,Sona College of Technology,Salem,Tamil Nadu
2025,Engineering,151-200,,Sri Ramakrishna Engineering College,Coimbatore,Tamil Nadu
2025,Engineering,151-200,,Sri Sai Ram Institute of Technology,Chennai,Tamil Nadu
2025,Engineering,151-200,,Sri Sairam Engineering College,Kancheepuram,Tamil Nadu
2025,Engineering,151-200,,Tezpur University,Tezpur,Assam
2025,Engineering,151-200,,The National Institute of Engineering,Mysuru,Karnataka
2025,Engineering,151-200,,Vallurupalli Nageswara Rao Vignana Jyothi Institute of Engineering and Technology,Hyderabad,Telangana
2025,Engineering,151-200,,Vardhaman College of Engineering,Rangareddy,Telangana
2025,Engineering,151-200,,Veer Surendra Sai University of Technology,Sambalpur,Odisha
2025,Engineering,151-200,,Velagapudi Ramakrishna Siddhartha Engineering College,Vijayawada,Andhra Pradesh
2025,Engineering,151-200,,Vels Institute of Science Technology and Advanced Studies (VISTAS),Chennai,Tamil Nadu
2025,Engineering,151-200,,Vignan Institute of Technology and Science,Yadadri-Bhuvangiri,Telangana
2025,Engineering,151-200,,Visvesvaraya Technological University,Belgaum,Karnataka
2025,Engineering,151-200,,Yeshwantrao Chavan College of Engineering,Nagpur,Maharashtra
2025,Engineering,201-300,,Aditya Institute of Technology and Management,Tekkali,Andhra Pradesh
2025,Engineering,201-300,,Aditya University,Surampalem,Andhra Pradesh
2025,Engineering,201-300,,Ajeenkya D Y Patil University,Pune,Maharashtra
2025,Engineering,201-300,,Amity University Patna,Patna,Bihar
2025,Engineering,201-300,,"Amity University, Gwalior",Gwalior,Madhya Pradesh
2025,Engineering,201-300,,"Amity University, Jharkhand",Ranchi,Jharkhand
2025,Engineering,201-300,,Annamalai University,Annamalainagar,Tamil Nadu
2025,Engineering,201-300,,Army Institute of Technology,Pune,Maharashtra
2025,Engineering,201-300,,B I T SINDRI,Dhanbad,Jharkhand
2025,Engineering,201-300,,BML Munjal University,Gurgaon,Haryana
2025,Engineering,201-300,,BMS Institute of Technology & Management,Bengaluru,Karnataka
2025,Engineering,201-300,,Centurion  University  of Technology and Management,Paralakhemundi,Odisha
2025,Engineering,201-300,,Chandigarh Engineering College Jhanjeri,Sahibzada Ajit Singh Nagar,Punjab
2025,Engineering,201-300,,CMR College of Engineering & Technology,Hyderabad,Telangana
2025,Engineering,201-300,,CMR Technical Campus,Hyderabad,Telangana
2025,Engineering,201-300,,"College of Engineering & Technology, Bhubaneswar",Bhubaneswar,Odisha
2025,Engineering,201-300,,Dayananda Sagar College of Engineering,Bengaluru,Karnataka
2025,Engineering,201-300,,Dhirubhai Ambani Institute of Information and Communication Technology,Gandhinagar,Gujarat
2025,Engineering,201-300,,"Dr. Shyama Prasad Mukherjee International Institute of Information Technology, Naya Raipur",Raipur,Chhattisgarh
2025,Engineering,201-300,,E.G.S. Pillay Engineering College,Nagapattinam,Tamil Nadu
2025,Engineering,201-300,,"G. H. Raisoni College of Engineering, Nagpur",Nagpur,Maharashtra
2025,Engineering,201-300,,G. Narayanamma Institute of Technology & Science for Women,Hyderabad,Telangana
2025,Engineering,201-300,,Galgotias College of Engineering & Technology,Greater Noida,Uttar Pradesh
2025,Engineering,201-300,,Gandhi Engieering College (GEC),Bhubaneswar,Odisha
2025,Engineering,201-300,,"Gandhi Institute for Technological Advancement (GITA), Bhubaneswar",Bhubaneswar,Odisha
2025,Engineering,201-300,,"GIET University, Gunupur",Gunupur,Odisha
2025,Engineering,201-300,,GMR Institute of Technology,Rajam,Andhra Pradesh
2025,Engineering,201-300,,Godavari Institute of Engineering & Technology,Rajahmundry,Andhra Pradesh
2025,Engineering,201-300,,"Guru Jambheshwar University of Science and Technology, Hissar",Hisar,Haryana
2025,Engineering,201-300,,Harcourt Butler Technical University,Kanpur Nagar,Uttar Pradesh
2025,Engineering,201-300,,Hindusthan College of Engineering and Technology,Coimbatore,Tamil Nadu
2025,Engineering,201-300,,"IES College of Technology, Bhopal",Bhopal,Madhya Pradesh
2025,Engineering,201-300,,Indian Institute of Information Technology Guwahati,Guwahati,Assam
2025,Engineering,201-300,,Indian Institute of Petroleum & Energy,Visakhapatnam,Andhra Pradesh
2025,Engineering,201-300,,Indira Gandhi Delhi Technical University for Women,Delhi,Delhi
2025,Engineering,201-300,,Jamia Hamdard,New Delhi,Delhi
2025,Engineering,201-300,,Jaypee University of Information Technology,Solan,Himachal Pradesh
2025,Engineering,201-300,,JIS College of Engineering,Kalyani,West Bengal
2025,Engineering,201-300,,"Jss Academy Of Technical Education, Noida",Gautam Budh Nagar,Uttar Pradesh
2025,Engineering,201-300,,JSS Science and Technology University,Mysuru,Karnataka
2025,Engineering,201-300,,K. Ramakrishnan College of Engineering,Samayapuram,Tamil Nadu
2025,Engineering,201-300,,K. Ramakrishnan College of Technology,Tiruchirappalli,Tamil Nadu
2025,Engineering,201-300,,Kakatiya Institute of Technology & Science,Warangal,Telangana
2025,Engineering,201-300,,Kalaignar Karunanidhi Institute of Technology,Coimbatore,Tamil Nadu
2025,Engineering,201-300,,Karpagam College of Engineering,Coimbatore,Tamil Nadu
2025,Engineering,201-300,,Lakshmi Narain College of Technology,Bhopal,Madhya Pradesh
2025,Engineering,201-300,,M.Kumarasamy College of Engineering,Karur,Tamil Nadu
2025,Engineering,201-300,,Madanapalle Institute of Technology & Science,Madanapalle,Andhra Pradesh
2025,Engineering,201-300,,Maharaja Sayajirao University of Baroda,Vadodara,Gujarat
2025,Engineering,201-300,,"Maharshi Dayanand University, Rohtak",Rohtak,Haryana
2025,Engineering,201-300,,Maharshi Karve Stree Shikshan Samstha's Cummins College of Engineering for Women,Pune,Maharashtra
2025,Engineering,201-300,,"Mahatama Jyotiba Phule Rohikhand University, Bareilly",Bareilly,Uttar Pradesh
2025,Engineering,201-300,,Malla Reddy Engineering College,Hyderabad,Telangana
2025,Engineering,201-300,,Malla Reddy Engineering College for Women (Autonomous),Hyderabad,Telangana
2025,Engineering,201-300,,Manav Rachna University,Faridabad,Haryana
2025,Engineering,201-300,,Marwadi University,Rajkot,Gujarat
2025,Engineering,201-300,,"MIT Art, Design and Technology University, Pune",Pune,Maharashtra
2025,Engineering,201-300,,MLR Institute of Technology,Hyderabad,Telangana
2025,Engineering,201-300,,Narula Institute of Technology,Kolkata,West Bengal
2025,Engineering,201-300,,National Engineering College,Kovilpatti,Tamil Nadu
2025,Engineering,201-300,,"National Institute of Advanced Manufacturing Technology, Ranchi",Ranchi,Jharkhand
2025,Engineering,201-300,,"National Institute Of Technology, Andhra Pradesh",Tadepalligudem,Andhra Pradesh
2025,Engineering,201-300,,"P E S College of Engineering, MANDYA",Mandya,Karnataka
2025,Engineering,201-300,,"Padmashree Dr. D. Y. Patil Vidyapeeth, Mumbai",Mumbai,Maharashtra
2025,Engineering,201-300,,Panimalar Engineering College,Thiruvallur,Tamil Nadu
2025,Engineering,201-300,,Pimpri Chinchwad College of Engineering,Pune,Maharashtra
2025,Engineering,201-300,,Prasad V Potluri Siddhartha Institue of Technology,Vijayawada,Andhra Pradesh
2025,Engineering,201-300,,"Presidency University , Bengaluru",Bengaluru,Karnataka
2025,Engineering,201-300,,Prince Shri Venkateshwara Padmavathy Engineering College,Kancheepuram,Tamil Nadu
2025,Engineering,201-300,,"PSNA College of Engineering and Technology, Dindigul",Dindigul,Tamil Nadu
2025,Engineering,201-300,,Puducherry Technological University,Puducherry,Pondicherry
2025,Engineering,201-300,,QIS College of Engineering & Technology,Ongole,Andhra Pradesh
2025,Engineering,201-300,,R. M. K. College of Engineering and Technology,Thiruvallur,Tamil Nadu
2025,Engineering,201-300,,R.M.D Engineering College,Thiruvallur,Tamil Nadu
2025,Engineering,201-300,,Rabindranath Tagore University,Raisen,Madhya Pradesh
2025,Engineering,201-300,,Rajalakshmi Institute of Technology,Thiruvallur,Tamil Nadu
2025,Engineering,201-300,,Rajeev Gandhi Memorial College of Engineering & Technology,Nandyal,Andhra Pradesh
2025,Engineering,201-300,,Rathinam Technical Campus,Coimbatore,Tamil Nadu
2025,Engineering,201-300,,Reva University,Bengaluru,Karnataka
2025,Engineering,201-300,,Saveetha Engineering College,Sriperumbudur,Tamil Nadu
2025,Engineering,201-300,,Shri Vile Parle Kelavani Mandal`s  Dwarkadas J. Sanghvi College of Engineering,Mumbai Suburban,Maharashtra
2025,Engineering,201-300,,Sikkim Manipal Institute of Technology (SMIT),Rangpo,Sikkim
2025,Engineering,201-300,,"Silicon University,Odisha, Bhubaneswar",Bhubaneswar,Odisha
2025,Engineering,201-300,,SNS College of Technology,Coimbatore,Tamil Nadu
2025,Engineering,201-300,,Sree Vidyanikethan Engineering College,Tirupati,Andhra Pradesh
2025,Engineering,201-300,,Sri Eshwar College of Engineering,Coimbatore,Tamil Nadu
2025,Engineering,201-300,,Sri Manakula Vinayagar Engineering College,Puducherry,Pondicherry
2025,Engineering,201-300,,Sri Venkateswara College of Engineering,Sriperumbudur,Tamil Nadu
2025,Engineering,201-300,,Sri Venkateswara College of Engineering and Technology,Chittoor,Andhra Pradesh
2025,Engineering,201-300,,"Sri Venkateswara College of Engineering, Tirupati",Tirupati,Andhra Pradesh
2025,Engineering,201-300,,Sri Venkateswara University,Tirupati,Andhra Pradesh
2025,Engineering,201-300,,St. Joseph`s Institute of Technology,Chennai,Tamil Nadu
2025,Engineering,201-300,,St. Josephs College of Engineering,Chennai,Tamil Nadu
2025,Engineering,201-300,,Teerthanker Mahaveer University,Moradabad,Uttar Pradesh
2025,Engineering,201-300,,"The LNM Institute of Information Technology, Jaipur",Jaipur,Rajasthan
2025,Engineering,201-300,,Uttaranchal University,Dehradun,Uttarakhand
2025,Engineering,201-300,,Vidya Jyothi Institute of Technology,Hyderabad,Telangana
2025,Engineering,201-300,,Vignan`s Institute of Information Technology,Visakhapatnam,Andhra Pradesh
2025,Engineering,201-300,,Walchand College of Engineering,Sangli,Maharashtra
2025,Overall,101-150,,Acharya Nagarjuna University,Guntur,Andhra Pradesh
2025,Overall,101-150,,All India Institute of Medical Sciences Bhopal,Bhopal,Madhya Pradesh
2025,Overall,101-150,,All India Institute of Medical Sciences Jodhpur,Jodhpur,Rajasthan
2025,Overall,101-150,,All India Institute of Medical Sciences Patna,Patna,Bihar
2025,Overall,101-150,,All India Institute of Medical Sciences Raipur,Raipur,Chhattisgarh
2025,Overall,101-150,,Assam University-Silchar,Silchar,Assam
2025,Overall,101-150,,Banasthali Vidyapith,Banasthali,Rajasthan
2025,Overall,101-150,,Bangalore University,Bengaluru,Karnataka
2025,Overall,101-150,,Bharati Vidyapeeth,Pune,Maharashtra
2025,Overall,101-150,,Birla Institute of Technology,Ranchi,Jharkhand
2025,Overall,101-150,,Central University of Punjab,Bathinda,Punjab
2025,Overall,101-150,,Central University of Rajasthan,Kishangarh,Rajasthan
2025,Overall,101-150,,Central University of Tamil Nadu,Tiruvarur,Tamil Nadu
2025,Overall,101-150,,Chaudhary Charan Singh Haryana Agricultural University,Hisar,Haryana
2025,Overall,101-150,,Chettinad Academy of Research and Education,"Kelambakkam, Chengalpattu District",Tamil Nadu
2025,Overall,101-150,,Chitkara  University,Rajpura,Punjab
2025,Overall,101-150,,"Dr. B R Ambedkar National Institute of Technology, Jalandhar",Jalandhar,Punjab
2025,Overall,101-150,,"G.B. Pant Universtiy of Agriculture and Technology, Pantnagar",Pantnagar,Uttarakhand
2025,Overall,101-150,,Gandhi Institute of Technology And Management (GITAM),Visakhapatnam,Andhra Pradesh
2025,Overall,101-150,,Gujarat University,Ahmedabad,Gujarat
2025,Overall,101-150,,Indraprastha Institute of Information Technology,New Delhi,Delhi
2025,Overall,101-150,,"Indian Institute of Engineering Science and Technology, Shibpur",Howrah,West Bengal
2025,Overall,101-150,,Indian Institute of Technology Palakkad,Palakkad,Kerala
2025,Overall,101-150,,"Indian Statistical Institute, Kolkata",Kolkata,West Bengal
2025,Overall,101-150,,"Jain university,Bangalore",Bengaluru,Karnataka
2025,Overall,101-150,,Jawaharlal Nehru Technological University,Hyderabad,Telangana
2025,Overall,101-150,,M. S. Ramaiah Institute of Technology,Bengaluru,Karnataka
2025,Overall,101-150,,"Madras Medical College & Government General Hospital, Chennai",Chennai,Tamil Nadu
2025,Overall,101-150,,Madurai Kamaraj University,Madurai,Tamil Nadu
2025,Overall,101-150,,Maharishi Markandeshwar,Ambala,Haryana
2025,Overall,101-150,,"Manonmaniam Sundaranar University, Tirunelveli",Tirunelveli,Tamil Nadu
2025,Overall,101-150,,Mizoram University,Aizawl,Mizoram
2025,Overall,101-150,,Mysore University,Mysuru,Karnataka
2025,Overall,101-150,,National Institute of Technology Delhi,Delhi,Delhi
2025,Overall,101-150,,National Institute of Technology Durgapur,Durgapur,West Bengal
2025,Overall,101-150,,National Institute of Technology Patna,Patna,Bihar
2025,Overall,101-150,,National Institute of Technology Srinagar,Srinagar,Jammu and Kashmir
2025,Overall,101-150,,Netaji Subhas University of Technology (NSUT),Delhi,Delhi
2025,Overall,101-150,,NITTE,Mangaluru,Karnataka
2025,Overall,101-150,,"Padmashree Dr. D. Y. Patil Vidyapeeth, Mumbai",Mumbai,Maharashtra
2025,Overall,101-150,,PSG College of Technology,Coimbatore,Tamil Nadu
2025,Overall,101-150,,Sant Longowal Institute of Engineering & Technology,Longowal,Punjab
2025,Overall,101-150,,Sharda University,Greater Noida,Uttar Pradesh
2025,Overall,101-150,,Shoolini University of Biotechnology and Management Sciences,Solan,Himachal Pradesh
2025,Overall,101-150,,Sri Balaji Vidyapeeth Mahatma Gandhi Medical College Campus,Puducherry,Pondicherry
2025,Overall,101-150,,Sri Ramachandra Institute of Higher Education and Research,Chennai,Tamil Nadu
2025,Overall,101-150,,Tata Institute of Social Sciences,Mumbai,Maharashtra
2025,Overall,101-150,,Tezpur University,Tezpur,Assam
2025,Overall,101-150,,"University of Agricultural Sciences, Bangalore",Bengaluru,Karnataka
2025,Overall,101-150,,"Vignan's Foundation for Science, Technology and Research",Guntur,Andhra Pradesh
2025,Overall,151-200,,"Amity University Haryana, Gurgaon","Gurugram, Haryana",Haryana
2025,Overall,151-200,,Ashoka University,Sonepat,Haryana
2025,Overall,151-200,,Avinashilingam Institute for Home Science & Higher Education for Women,Coimbatore,Tamil Nadu
2025,Overall,151-200,,"C.V. Raman Global University, Odisha",Bhubaneswar,Odisha
2025,Overall,151-200,,"Calicut University, Thenhipalem, Malapuram",Malappuram,Kerala
2025,Overall,151-200,,Central Agricultural University,Imphal West,Manipur
2025,Overall,151-200,,Central University of Kerala,Kasaragod,Kerala
2025,Overall,151-200,,"Chandigarh Engineering College-CGC, Landran, Mohali",Mohali,Punjab
2025,Overall,151-200,,Chennai Institute of Technology,Chennai,Tamil Nadu
2025,Overall,151-200,,Dibrugarh University,Dibrugarh,Assam
2025,Overall,151-200,,"Dr Rajendra Prasad Central Agricultural University, Samastipur",Samastipur,Bihar
2025,Overall,151-200,,Dr. M. G. R. Educational and Research Institute,Chennai,Tamil Nadu
2025,Overall,151-200,,Dr. Y.S. Parmar University of Horticulture and Forestry,Solan,Himachal Pradesh
2025,Overall,151-200,,G. L. A. University,Mathura,Uttar Pradesh
2025,Overall,151-200,,Galgotias University,Gautam Budh Nagar,Uttar Pradesh
2025,Overall,151-200,,Guru Gobind Singh Indraprastha University,New Delhi,Delhi
2025,Overall,151-200,,"Guru Jambheshwar University of Science and Technology, Hissar",Hisar,Haryana
2025,Overall,151-200,,Hindustan Institute of Technology  and Science (HITS),Chennai,Tamil Nadu
2025,Overall,151-200,,Indian Institute of Science Education & Research Thiruvananthapuram,Thiruvananthapuram,Kerala
2025,Overall,151-200,,Indian Institute of Space Science and Technology,Thiruvananthapuram,Kerala
2025,Overall,151-200,,"Indian Institute of Technology, Tirupati",Tirupati,Andhra Pradesh
2025,Overall,151-200,,Integral University,Lucknow,Uttar Pradesh
2025,Overall,151-200,,"Kalinga University, Raipur",Raipur,Chhattisgarh
2025,Overall,151-200,,Karunya Institute of Technology and Sciences,Coimbatore,Tamil Nadu
2025,Overall,151-200,,"Kerala Agricultural University, Thrissur",Thrissur,Kerala
2025,Overall,151-200,,KLE Academy of Higher Education and Research,Belagavi,Karnataka
2025,Overall,151-200,,KPR Institute of Engineering and Technology,Coimbatore,Tamil Nadu
2025,Overall,151-200,,"Krishna Vishwa Vidyapeeth, Karad, Maharashtra",Karad,Maharashtra
2025,Overall,151-200,,Manav Rachna International Institute of Research & Studies,Faridabad,Haryana
2025,Overall,151-200,,Maulana Azad National Institute of Technology,Bhopal,Madhya Pradesh
2025,Overall,151-200,,Maulana Azad National Urdu University,Hyderabad,Telangana
2025,Overall,151-200,,Meenakshi Academy of Higher Education and Research,Chennai,Tamil Nadu
2025,Overall,151-200,,Motilal Nehru National Institute of Technology,Prayagraj,Uttar Pradesh
2025,Overall,151-200,,National Institute of Technology Kurukshetra,Kurukshetra,Haryana
2025,Overall,151-200,,"National Institute of Technology, Raipur",Raipur,Chhattisgarh
2025,Overall,151-200,,"NIMS University, Jaipur",Jaipur,Rajasthan
2025,Overall,151-200,,Nirma University,Ahmedabad,Gujarat
2025,Overall,151-200,,Odisha University of Agriculture and Technology,Khordha,Odisha
2025,Overall,151-200,,Periyar University,Salem,Tamil Nadu
2025,Overall,151-200,,Pondicherry University,Puducherry,Pondicherry
2025,Overall,151-200,,Pt. Bhagwat Dayal Sharma University of Health Sciences,Rohtak,Haryana
2025,Overall,151-200,,Sawai Man Singh Medical College,Jaipur,Rajasthan
2025,Overall,151-200,,SR University,Warangal,Telangana
2025,Overall,151-200,,Sri Venkateswara University,Tirupati,Andhra Pradesh
2025,Overall,151-200,,Suresh Gyan Vihar University,Jaipur,Rajasthan
2025,Overall,151-200,,Swami Rama Himalayan University,Dehradun,Uttarakhand
2025,Overall,151-200,,University College of Medical Sciences,Delhi,Delhi
2025,Overall,151-200,,University of Lucknow,Lucknow,Uttar Pradesh
2025,Overall,151-200,,Vel Tech Rangarajan Dr. Sagunthala R & D Institute of Science and Technology,Chennai,Tamil Nadu
2025,Overall,151-200,,Vels Institute of Science Technology and Advanced Studies (VISTAS),Chennai,Tamil Nadu
2025,College,101-150,,"All Saints' College, Thiruvananthapuram",Thiruvananthapuram,Kerala
2025,College,101-150,,"Bishop Moore College, Mavelikkara, Alappuzha",Alappuzha,Kerala
2025,College,101-150,,College of Social Work Nirmala Niketan 38 New Marine Lines,Mumbai,Maharashtra
2025,College,101-150,,Dr. S. N. S. Rajalakshmi College of Arts and Science,Coimbatore,Tamil Nadu
2025,College,101-150,,Government Arts College,Salem,Tamil Nadu
2025,College,101-150,,Government Brennen College,Kannur,Kerala
2025,College,101-150,,"Government Victoria College, Palakkad",Palakkad,Kerala
2025,College,101-150,,"Govt. Arts & Science College, Meenchanda",Kozhikode,Kerala
2025,College,101-150,,"Govt. College, Nattakom, Kottayam",Kottayam,Kerala
2025,College,101-150,,"Govt.College, Nedumangad",Thiruvananthapuram,Kerala
2025,College,101-150,,Guru Nanak College,Chennai,Tamil Nadu
2025,College,101-150,,Hindusthan College of Arts and Science,Coimbatore,Tamil Nadu
2025,College,101-150,,Holy Cross College,Nagercoil,Tamil Nadu
2025,College,101-150,,Indraprastha College for Women,Delhi,Delhi
2025,College,101-150,,Kamaraj College,Thoothukkudi,Tamil Nadu
2025,College,101-150,,"Karnatak Science College, Dharwad",Dharwad,Karnataka
2025,College,101-150,,Khalsa College,Amritsar,Punjab
2025,College,101-150,,Kongunadu Arts & Science College,Coimbatore,Tamil Nadu
2025,College,101-150,,Kumaraguru college of Liberal Arts and Science,Coimbatore,Tamil Nadu
2025,College,101-150,,Lady Doak College,Madurai,Tamil Nadu
2025,College,101-150,,Madura College,Madurai,Tamil Nadu
2025,College,101-150,,Maharaja Agrasen College,Delhi,Delhi
2025,College,101-150,,Maharaja Agrasen Institute of Management Studies,Delhi,Delhi
2025,College,101-150,,Maharaja Surajmal Institute,West,Delhi
2025,College,101-150,,"Marian College, Kuttikanam P.O. Peermade",Kuttikanam,Kerala
2025,College,101-150,,Mata Sundri College for Women,New Delhi,Delhi
2025,College,101-150,,MOP Vaishnav College for Women,Chennai,Tamil Nadu
2025,College,101-150,,N. G. M. College,Pollachi,Tamil Nadu
2025,College,101-150,,National College,Tiruchirappalli,Tamil Nadu
2025,College,101-150,,Nehru Arts and Science College,Coimbatore,Tamil Nadu
2025,College,101-150,,Nehru Memorial College,Puthanampatti,Tamil Nadu
2025,College,101-150,,Nirmalagiri College,Kannur,Kerala
2025,College,101-150,,"Nizam College, Basheerbagh",Hyderabad,Telangana
2025,College,101-150,,Patna Women's College,Patna,Bihar
2025,College,101-150,,Prince Shri Venkateshwara Arts and Science College,Chennai,Tamil Nadu
2025,College,101-150,,Rajdhani College,West,Delhi
2025,College,101-150,,Rathinam College of Arts and Science,Coimbatore,Tamil Nadu
2025,College,101-150,,Sadakathullah Appa College,Tirunelveli,Tamil Nadu
2025,College,101-150,,"Scott Christian College, Nagercoil",Nagercoil,Tamil Nadu
2025,College,101-150,,Scottish Church College,Kolkata,West Bengal
2025,College,101-150,,SDNB Vaishnav College,Chennai,Tamil Nadu
2025,College,101-150,,Shaheed Sukhdev College of Business Studies,New Delhi,Delhi
2025,College,101-150,,St. Xavier's College,Ahmedabad,Gujarat
2025,College,101-150,,"St.Joseph's College for Women, Alappuzha",Alappuzha,Kerala
2025,College,101-150,,Swami Shraddhanand College,Delhi,Delhi
2025,College,101-150,,Thanthai Periyar Government Arts and Science College (Autonomous),Tiruchirappalli,Tamil Nadu
2025,College,101-150,,Virudhunagar Hindu Nadars Senthikumara Nadar College,Virudhunagar,Tamil Nadu
2025,College,101-150,,Women`s Christian College,Chennai,Tamil Nadu
2025,College,101-150,,"Women's Christian College, Nagercoil",Nagercoil,Tamil Nadu
2025,College,101-150,,Zakir Husain Delhi College,Central,Delhi
2025,College,151-200,,A. V. C. College,Mayiladuthurai,Tamil Nadu
2025,College,151-200,,Andhra Loyola College,Vijayawada,Andhra Pradesh
2025,College,151-200,,Anna Adarsh College for Women,Chennai,Tamil Nadu
2025,College,151-200,,"Arignar Anna Govt. Arts College, Villupuram",Viluppuram,Tamil Nadu
2025,College,151-200,,Aryabhatta College,Delhi,Delhi
2025,College,151-200,,Bethune College,Kolkata,West Bengal
2025,College,151-200,,"Bharata Matha College, Thrikkakara P.O. 682 021",Ernakulam,Kerala
2025,College,151-200,,Bharathi Womens College,Chennai,Tamil Nadu
2025,College,151-200,,"Bhavans Vivekananda College of Science, Humanities and Commerce",Secunderabad,Telangana
2025,College,151-200,,Bon Secours College for Women,Thanjavur,Tamil Nadu
2025,College,151-200,,"Cauvery College for Women, Annamalai Nagar, Tiruchirappalli",Tiruchirappalli,Tamil Nadu
2025,College,151-200,,D.A.V.College,Chandigarh- (U.T),Chandigarh
2025,College,151-200,,Dempo Charities Trust Dhempe College of Arts & Science,PANAJI,Goa
2025,College,151-200,,"Devamatha College, Kuravilangad",Kottayam,Kerala
2025,College,151-200,,Government Arts College,Chennai,Tamil Nadu
2025,College,151-200,,Government Arts College for Women,Salem,Tamil Nadu
2025,College,151-200,,"Government Arts College, Tiruppur",Udumalpet,Tamil Nadu
2025,College,151-200,,"Government Bikram College of Commerce, Patiala",Patiala,Punjab
2025,College,151-200,,"Government Institute of Science, Nagpur",Nagpur,Maharashtra
2025,College,151-200,,"Govt. College Kasaragod. Vidya Nagar P.O, Kasargod",Kasaragod,Kerala
2025,College,151-200,,"Govt. College, Kattappana",Kattappana,Kerala
2025,College,151-200,,I.C. College of Community Science,Hisar,Haryana
2025,College,151-200,,Institute of Home Economics,NEW DELHI,Delhi
2025,College,151-200,,Janki Devi Memorial College,Central,Delhi
2025,College,151-200,,Kunthavai Naacchiyaar Government Arts College for Women,Thanjavur,Tamil Nadu
2025,College,151-200,,Lakshmi Bai College,Delhi,Delhi
2025,College,151-200,,Loyala Academy,Hyderabad,Telangana
2025,College,151-200,,Mahatma Gandhi Government Arts College,Mahe,Pondicherry
2025,College,151-200,,"Maniben M.P.Shah Mahila Arts College, Kadi",Mahesana,Gujarat
2025,College,151-200,,Mehr Chand Mahajan D.A.V. College for Women,Chandigarh,Chandigarh
2025,College,151-200,,Mount Carmel College (Autonomous),Bengaluru,Karnataka
2025,College,151-200,,Nehru Arts & Science College,Kasaragod,Kerala
2025,College,151-200,,"Nirmala College, Muvattupuzha",Muvattupuzha,Kerala
2025,College,151-200,,Presidency College,Bengaluru,Karnataka
2025,College,151-200,,Rani Anna Government College for Women,Tirunelveli,Tamil Nadu
2025,College,151-200,,"S.T.Hindu College, Nagercoil",Nagercoil,Tamil Nadu
2025,College,151-200,,Seethalakshmi Ramaswami College,Tiruchirappalli,Tamil Nadu
2025,College,151-200,,Shaheed Bhagat Singh College (Evening),Delhi,Delhi
2025,College,151-200,,Shri M. V. & Smt. N. V. Virani Science College,Rajkot,Gujarat
2025,College,151-200,,Sir Theagaraya College,Chennai,Tamil Nadu
2025,College,151-200,,"Sree Narayana College, Kollam",Kollam,Kerala
2025,College,151-200,,"Sree Neelakanda Govt. Sanskrit College, Pattambi",Palakkad,Kerala
2025,College,151-200,,Sri Aurobindo College,South,Delhi
2025,College,151-200,,Sri Krishna Adithya College of Arts and Science,Coimbatore,Tamil Nadu
2025,College,151-200,,Sri Nehru Maha Vidyalaya College of Arts and Science,Coimbatore,Tamil Nadu
2025,College,151-200,,"Sri. Shivaji Science College, Congressnagar",Nagpur,Maharashtra
2025,College,151-200,,St. Francis College for Women,Hyderabad,Telangana
2025,College,151-200,,"St. Xavier's College for Women, Aluva",Aluva,Kerala
2025,College,151-200,,Thiruvalluvar Government Arts College,Namakkal,Tamil Nadu
2025,College,151-200,,Vellalar College for Women,Erode,Tamil Nadu
2025,College,201-300,,A. A. Government Arts College,Tiruchirappalli,Tamil Nadu
2025,College,201-300,,A.P Residential Degree College,NAGARJUNASAGAR,Andhra Pradesh
2025,College,201-300,,"Aditanar College of Arts & Science, Virapandianpattinam, Tiruchendur,Thoothukudi District.",Thoothukkudi,Tamil Nadu
2025,College,201-300,,"Arignar Anna Govt.Arts College,Cheyyar",Cheyyar,Tamil Nadu
2025,College,201-300,,Athawale College of Social Work,Bhandara,Maharashtra
2025,College,201-300,,Auxilium College,Vellore,Tamil Nadu
2025,College,201-300,,B. Borooah College,"Guwahati, Kamrup Metro",Assam
2025,College,201-300,,B. V. Raju College,West Godavari,Andhra Pradesh
2025,College,201-300,,"Baselius College, Kottayam",Kottayam,Kerala
2025,College,201-300,,C.Abdul Hakeem College,Melvisharam,Tamil Nadu
2025,College,201-300,,Catholicate College,Pathanamthitta,Kerala
2025,College,201-300,,Chhatrapati Shahu Institute of Business Education and Research,Kolhapur,Maharashtra
2025,College,201-300,,Chikkanna Government Arts College,Tiruppur,Tamil Nadu
2025,College,201-300,,"Christ Nagar College, Maranalloor",Thiruvananthapuram,Kerala
2025,College,201-300,,"Christian College, Alappuzha",Alappuzha,Kerala
2025,College,201-300,,D.A.V.College Jalandhar,Jalandhar,Punjab
2025,College,201-300,,Dr. Ambedkar Government Arts College,Chennai,Tamil Nadu
2025,College,201-300,,"Dr. D.Y.Patil Unitech Society Dr. D.Y.Patil Arts, Commerce and Science College",Pune,Maharashtra
2025,College,201-300,,"Dr. Gafoor Memorial MES Mampad College, Mampad",Malappuram,Kerala
2025,College,201-300,,Dr.G.R.Damodaran College of Science,Coimbatore,Tamil Nadu
2025,College,201-300,,"Fatima Mata National College, Kollam",Kollam,Kerala
2025,College,201-300,,G.T.N. ARTS COLLEGE,Dindigul,Tamil Nadu
2025,College,201-300,,Government Arts College,Cuddalore,Tamil Nadu
2025,College,201-300,,"Government Arts College, Ariyalur",Ariyalur,Tamil Nadu
2025,College,201-300,,"Government Arts College, Karur",Karur,Tamil Nadu
2025,College,201-300,,Government College,Rajahmundry,Andhra Pradesh
2025,College,201-300,,"Government College for Women, Kumbakonam",KUMBAKONAM - 612 001,Tamil Nadu
2025,College,201-300,,"Govt Post-graduate College for Girls, Sector-11",Chandigarh,Chandigarh
2025,College,201-300,,"GOVT.  COLLEGE, CHITTUR",Palakkad,Kerala
2025,College,201-300,,Govt. Arts College Thiruvannamalai,Thiruvannamalai,Tamil Nadu
2025,College,201-300,,Govt. College,Malappuram,Kerala
2025,College,201-300,,"GOVT. COLLEGE, KODENCHERY",Thamarassery,Kerala
2025,College,201-300,,Govt. Zirtiri Residential Science College,Aizawl,Mizoram
2025,College,201-300,,"Govt.Arts College, Thiruvananthapuram",Thiruvananthapuram,Kerala
2025,College,201-300,,H. & H.B. Kotak  Institute of Science Rajkot,Rajkot,Gujarat
2025,College,201-300,,Hajee Karutha Rowther Howdia College,"Uthamapalayam,Theni",Tamil Nadu
2025,College,201-300,,HHMSPB NSS College for Women,Thiruvananthapuram,Kerala
2025,College,201-300,,Indira Gandhi College of Arts   and Science,Puducherry,Pondicherry
2025,College,201-300,,"Institute for Excellence in Higher Education(IEHE),Bhopal(Autonomous) Kaliya sot bandh Kolar Road, Bhopal",Bhopal,Madhya Pradesh
2025,College,201-300,,"Jagannath International Management School, VasantKunj",New Delhi,Delhi
2025,College,201-300,,Justice Basheer Ahmed Sayeed College for Women,Chennai,Tamil Nadu
2025,College,201-300,,K. S. Rangasamy College of Arts and Science (Autonomous),Namakkal,Tamil Nadu
2025,College,201-300,,"K.M.M Govt Women's College , Kannur",Kannur,Kerala
2025,College,201-300,,Kalai Kaviri College of Fine Arts,Tiruchirappalli,Tamil Nadu
2025,College,201-300,,Kalindi College,Delhi,Delhi
2025,College,201-300,,Kongu Arts & Science College,Erode,Tamil Nadu
2025,College,201-300,,KPR College of Arts Science and Research,Coimbatore,Tamil Nadu
2025,College,201-300,,Kumbhalkar Social Work College,Wardha,Maharashtra
2025,College,201-300,,"M. E. S College, Marampally, North Vazhakulam, Aluva",Ernakulam,Kerala
2025,College,201-300,,M.V.Muthiah Government Arts College for Women,Dindigul,Tamil Nadu
2025,College,201-300,,"Mahatma Gandhi College,Iritti,PO-Keezhur",Kannur,Kerala
2025,College,201-300,,Malankara Catholic College,KALIAKKAVILAI,Tamil Nadu
2025,College,201-300,,Mar Athanasios College For Advanced Studies Tiruvalla,Thiruvalla,Kerala
2025,College,201-300,,Mercy College,Palakkad,Kerala
2025,College,201-300,,"MG College, Thiruvananthapuram",Thiruvananthapuram,Kerala
2025,College,201-300,,Morning Star Home Science College,Ernakulam,Kerala
2025,College,201-300,,Muthayammal College of Arts & Science,Namakkal,Tamil Nadu
2025,College,201-300,,Newman College,Thodupuzha,Kerala
2025,College,201-300,,"Nilgiri College of Arts And Science, The Nilgiris",Thaloor,Tamil Nadu
2025,College,201-300,,Nirmala College for Women,Coimbatore,Tamil Nadu
2025,College,201-300,,Nowgong College,Nagaon,Assam
2025,College,201-300,,"NSS College, Nenmara",Palakkad,Kerala
2025,College,201-300,,Parvatibai Chowgule College of Arts & Science (Autonomous),Margao,Goa
2025,College,201-300,,"Payyannur College, Payyannur,PO-Edat",Payyanur,Kerala
2025,College,201-300,,Ponda Education Society Shri Ravi S. Naik College of Arts and Science,North Goa,Goa
2025,College,201-300,,"Pookoya Thangal Memorial Govt. College, Perinthalmanna",Malappuram,Kerala
2025,College,201-300,,"PSMO College, Thirurangadi",Malappuram,Kerala
2025,College,201-300,,Raja Narendra Lal Khan Women's College - Autonomous,Midnapore,West Bengal
2025,College,201-300,,Rathnavel Subramaniam College of Arts and Science,Coimbatore,Tamil Nadu
2025,College,201-300,,RBVRR College for Women,Hyderabad,Telangana
2025,College,201-300,,S.N. College Alathur,Palakkad,Kerala
2025,College,201-300,,"S.S.V. College, Valayanchirangara P.O., Perumbavoor",Ernakulam,Kerala
2025,College,201-300,,"Sarah Tucker College, Perumalpuram, Palayamkottai",Tirunelveli,Tamil Nadu
2025,College,201-300,,"School of Social Work, Roshni Nilaya, Mangalore",Dakshina Kannada,Karnataka
2025,College,201-300,,"Shikshan Prasarak Mandalis Sir Parshurambhau College Arts, Science & Commerce, Pune",Pune,Maharashtra
2025,College,201-300,,Shikshan Prasark Mandals Ramnarain Ruia College Matunga Mumbai,Mumbai,Maharashtra
2025,College,201-300,,Shri Shankarlal Sundarbai Shasun Jain College for Women,Chennai,Tamil Nadu
2025,College,201-300,,Silver Jubilee Degree College (Autonomous),Kurnool,Andhra Pradesh
2025,College,201-300,,Sir Syed College,Taliparamba,Kerala
2025,College,201-300,,"Sree Kerala Varma College, Thrissur",Thrissur,Kerala
2025,College,201-300,,"Sree Narayana College, Thottada",Kannur,Kerala
2025,College,201-300,,"Sree Sankara College, Kalady",Ernakulam,Kerala
2025,College,201-300,,"Sri Dharmasthala Manjunatheshwara College, Ujire, Belthangady",Ujire,Karnataka
2025,College,201-300,,Sri Guru Nanak Dev Khalsa College,Delhi,Delhi
2025,College,201-300,,"Sri Parasakthi College for Women, Tirunelveli",COURTALLAM,Tamil Nadu
2025,College,201-300,,Sri Ramakrishna College of Arts & Science for Women,Coimbatore,Tamil Nadu
2025,College,201-300,,St Xaviers College of Arts Science & Commerce  Mapusa,Mapusa,Goa
2025,College,201-300,,St. Ann`s College for Women,HYDERABAD,Telangana
2025,College,201-300,,"St. Dominic's College, Parathod P.O., Kanjirappally",Kottayam,Kerala
2025,College,201-300,,St. Joseph College of Arts  & Science  College (Autonomous),Cuddalore,Tamil Nadu
2025,College,201-300,,St. Mary's College,Dist. Thrissur,Kerala
2025,College,201-300,,St. Peter's College,Ernakulam,Kerala
2025,College,201-300,,St. Pius Xth College,Kasaragod,Kerala
2025,College,201-300,,"St. Thomas College, Arunapuram",Kottayam,Kerala
2025,College,201-300,,"Sullamussalam Science College, Areakkode",Areekode,Kerala
2025,College,201-300,,T. M Jacob Memorial Govt. College Manimalakunnu,ERNAKULAM,Kerala
2025,College,201-300,,"T.K.M.College of Arts and Science, Kollam",Kollam,Kerala
2025,College,201-300,,The New College,Chennai,Tamil Nadu
2025,College,201-300,,V.V. Vanniaperumal College for Women,Virudhunagar,Tamil Nadu
2025,College,201-300,,Vivekanandha college of arts and sciences for women,Namakkal,Tamil Nadu
2025,University,101-150,,"Amity University Haryana, Gurgaon","Gurugram, Haryana",Haryana
2025,University,101-150,,Annamalai University,Annamalainagar,Tamil Nadu
2025,University,101-150,,Ashoka University,Sonepat,Haryana
2025,University,101-150,,"C.V. Raman Global University, Odisha",Bhubaneswar,Odisha
2025,University,101-150,,"Calicut University, Thenhipalem, Malapuram",Malappuram,Kerala
2025,University,101-150,,Central University of Kerala,Kasaragod,Kerala
2025,University,101-150,,Chaudhary Charan Singh Haryana Agricultural University,Hisar,Haryana
2025,University,101-150,,D. Y. Patil Educational Society,Kolhapur,Maharashtra
2025,University,101-150,,Dibrugarh University,Dibrugarh,Assam
2025,University,101-150,,"Dr Rajendra Prasad Central Agricultural University, Samastipur",Samastipur,Bihar
2025,University,101-150,,Dr. M. G. R. Educational and Research Institute,Chennai,Tamil Nadu
2025,University,101-150,,Dr. Y.S. Parmar University of Horticulture and Forestry,Solan,Himachal Pradesh
2025,University,101-150,,G. L. A. University,Mathura,Uttar Pradesh
2025,University,101-150,,"G.B. Pant Universtiy of Agriculture and Technology, Pantnagar",Pantnagar,Uttarakhand
2025,University,101-150,,Galgotias University,Gautam Budh Nagar,Uttar Pradesh
2025,University,101-150,,"Guru Jambheshwar University of Science and Technology, Hissar",Hisar,Haryana
2025,University,101-150,,Hindustan Institute of Technology  and Science (HITS),Chennai,Tamil Nadu
2025,University,101-150,,Indian Institute of Space Science and Technology,Thiruvananthapuram,Kerala
2025,University,101-150,,Integral University,Lucknow,Uttar Pradesh
2025,University,101-150,,Jawaharlal Nehru Technological University,Kakinada,Andhra Pradesh
2025,University,101-150,,"Kalinga University, Raipur",Raipur,Chhattisgarh
2025,University,101-150,,Karpagam Academy of Higher Education,Coimbatore,Tamil Nadu
2025,University,101-150,,Karunya Institute of Technology and Sciences,Coimbatore,Tamil Nadu
2025,University,101-150,,"Kerala Agricultural University, Thrissur",Thrissur,Kerala
2025,University,101-150,,KLE Academy of Higher Education and Research,Belagavi,Karnataka
2025,University,101-150,,"Krishna Vishwa Vidyapeeth, Karad, Maharashtra",Karad,Maharashtra
2025,University,101-150,,Kurukshetra University,Kurukshetra,Haryana
2025,University,101-150,,M.S. Ramaiah University of Applied Sciences,Bengaluru,Karnataka
2025,University,101-150,,Maharshi Dayanand University,Rohtak,Haryana
2025,University,101-150,,"Mahatama Jyotiba Phule Rohikhand University, Bareilly",Bareilly,Uttar Pradesh
2025,University,101-150,,Manipur University,Imphal,Manipur
2025,University,101-150,,"Manonmaniam Sundaranar University, Tirunelveli",Tirunelveli,Tamil Nadu
2025,University,101-150,,Marwadi University,Rajkot,Gujarat
2025,University,101-150,,Maulana Azad National Urdu University,Hyderabad,Telangana
2025,University,101-150,,Meenakshi Academy of Higher Education and Research,Chennai,Tamil Nadu
2025,University,101-150,,Netaji Subhas University of Technology (NSUT),Delhi,Delhi
2025,University,101-150,,"NIMS University, Jaipur",Jaipur,Rajasthan
2025,University,101-150,,Nirma University,Ahmedabad,Gujarat
2025,University,101-150,,Odisha University of Agriculture and Technology,Khordha,Odisha
2025,University,101-150,,Parul University,Vadodara,Gujarat
2025,University,101-150,,Pondicherry University,Puducherry,Pondicherry
2025,University,101-150,,Pt. Bhagwat Dayal Sharma University of Health Sciences,Rohtak,Haryana
2025,University,101-150,,SR University,Warangal,Telangana
2025,University,101-150,,Sri Venkateswara University,Tirupati,Andhra Pradesh
2025,University,101-150,,Suresh Gyan Vihar University,Jaipur,Rajasthan
2025,University,101-150,,Swami Rama Himalayan University,Dehradun,Uttarakhand
2025,University,101-150,,Utkal University,Bhubaneswar,Odisha
2025,University,101-150,,Vel Tech Rangarajan Dr. Sagunthala R & D Institute of Science and Technology,Chennai,Tamil Nadu
2025,University,101-150,,Vels Institute of Science Technology and Advanced Studies (VISTAS),Chennai,Tamil Nadu
2025,University,101-150,,Visvesvaraya Technological University,Belgaum,Karnataka
2025,University,151-200,,"Acharya Narendra Deva University of Agriculture & Technology, Kumarganj, Ayodhya",Ayodhya,Uttar Pradesh
2025,University,151-200,,"Acharya NG Ranga Agricultural University, Guntur",Guntur,Andhra Pradesh
2025,University,151-200,,Aditya University,Surampalem,Andhra Pradesh
2025,University,151-200,,Alliance University,Bengaluru,Karnataka
2025,University,151-200,,Amity University,North Twenty Four Parganas,West Bengal
2025,University,151-200,,Anurag University,Hyderabad,Telangana
2025,University,151-200,,BLDE,Vijayapura,Karnataka
2025,University,151-200,,Central Agricultural University,Imphal West,Manipur
2025,University,151-200,,Central University of Karnataka,Gulbarga,Karnataka
2025,University,151-200,,Central University of South Bihar,Gaya,Bihar
2025,University,151-200,,Centurion  University  of Technology and Management,Paralakhemundi,Odisha
2025,University,151-200,,Chaudhary Charan Singh University Meerut,MEERUT,Uttar Pradesh
2025,University,151-200,,COEP Technological University,Pune,Maharashtra
2025,University,151-200,,Deen Dayal Upadhyay Gorakhpur University,Gorakhpur,Uttar Pradesh
2025,University,151-200,,Devi Ahilya Vishwavidyalaya,Indore,Madhya Pradesh
2025,University,151-200,,Dr. Babasaheb Ambedkar Marathwada University,Aurangabad,Maharashtra
2025,University,151-200,,Dr. Vishwanath Karad MIT World Peace University,Pune,Maharashtra
2025,University,151-200,,Glocal University,Saharanpur,Uttar Pradesh
2025,University,151-200,,Guru Angad Dev Veterinary & Animal Sciences University,Ludhiana,Punjab
2025,University,151-200,,"Indira Gandhi Krishi Vishwavidyalaya, Raipur",Raipur,Chhattisgarh
2025,University,151-200,,"Islamic University of Science & Technology, Pulwama",Pulwama,Jammu and Kashmir
2025,University,151-200,,LNCT University,Bhopal,Madhya Pradesh
2025,University,151-200,,"Mahatma Gandhi University of Medical Sciences & Technology, Jaipur",Jaipur,Rajasthan
2025,University,151-200,,"Mahatma Phule Krishi Vidyapeeth, Rahuri",Rahuri,Maharashtra
2025,University,151-200,,Mangalore University,Mangalore,Karnataka
2025,University,151-200,,Nagaland University,Zunheboto,Nagaland
2025,University,151-200,,Navsari Agricultural University,Navsari,Gujarat
2025,University,151-200,,North Eastern Hill University,Shillong,Meghalaya
2025,University,151-200,,Pandit Deendayal Energy University,Gandhinagar,Gujarat
2025,University,151-200,,PES University,Bengaluru,Karnataka
2025,University,151-200,,Presidency University,Kolkata,West Bengal
2025,University,151-200,,"Punjabi University, Patiala",Patiala,Punjab
2025,University,151-200,,Rabindranath Tagore University,Raisen,Madhya Pradesh
2025,University,151-200,,Rajiv Gandhi University,Itanagar,Arunachal Pradesh
2025,University,151-200,,Reva University,Bengaluru,Karnataka
2025,University,151-200,,"Sambalpur University, Sambalpur",Sambalpur,Odisha
2025,University,151-200,,Sher-e-Kashmir University of Agricultural Science and Technology of Jammu,Jammu,Jammu and Kashmir
2025,University,151-200,,Shivaji University,Kolhapur,Maharashtra
2025,University,151-200,,Sikkim Manipal University,Gangtok,Sikkim
2025,University,151-200,,Sri Padmavathi Mahila Visvavidyalayam,Tirupati,Andhra Pradesh
2025,University,151-200,,Sri Sathya Sai Institute of Higher Learning,Prasanthi Nilayam,Andhra Pradesh
2025,University,151-200,,"Sumandeep Vidyapeeth, Vadodara",Vadodara,Gujarat
2025,University,151-200,,Tamil Nadu Veterinary & Animal Sciences University,Chennai,Tamil Nadu
2025,University,151-200,,The University of Burdwan,Bardhaman,West Bengal
2025,University,151-200,,University of Agricultural Sciences,Dharwad,Karnataka
2025,University,151-200,,University of Science and Technology,Ribhoi,Meghalaya
2025,University,151-200,,Veer Surendra Sai University of Technology,Sambalpur,Odisha
2025,University,151-200,,Vidyasagar University,Midnapore,West Bengal
2025,University,151-200,,Visva Bharati,Santiniketan,West Bengal
2025,University,151-200,,Yenepoya University,Mangaluru,Karnataka
