name,institute_id,year,category,source_pdf,intake_ug4y,intake_ug4y_prev,intake_pg2y,intake_pg2y_prev,intake_total_latest,str_ug4y_male,str_ug4y_female,str_ug4y_total,str_ug4y_within_state,str_ug4y_outside_state,str_ug4y_outside_country,str_ug4y_econ_backward,str_ug4y_socially_challenged,str_ug4y_fee_reimb_govt,str_ug4y_fee_reimb_inst,str_ug4y_fee_reimb_private,str_ug4y_no_fee_reimb,str_pg2y_male,str_pg2y_female,str_pg2y_total,str_pg2y_within_state,str_pg2y_outside_state,str_pg2y_outside_country,str_pg2y_econ_backward,str_pg2y_socially_challenged,str_pg2y_fee_reimb_govt,str_pg2y_fee_reimb_inst,str_pg2y_fee_reimb_private,str_pg2y_no_fee_reimb,students_male,students_female,students_total,students_within_state,students_outside_state,students_outside_country,students_econ_backward,students_socially_challenged,students_fee_reimb_govt,students_fee_reimb_inst,students_fee_reimb_private,students_no_fee_reimb,plc_ug4y_grad_year,plc_ug4y_graduated,plc_ug4y_placed,plc_ug4y_median_salary,plc_ug4y_higher_studies,plc_ug4y_admitted,plc_ug4y_intake,plc_ug4y_grad_3y_avg,plc_ug4y_placed_3y_avg,plc_ug4y_intake_3y_avg,plc_ug4y_salary_3y_avg,plc_pg2y_grad_year,plc_pg2y_graduated,plc_pg2y_placed,plc_pg2y_median_salary,plc_pg2y_higher_studies,plc_pg2y_admitted,plc_pg2y_intake,plc_pg2y_grad_3y_avg,plc_pg2y_placed_3y_avg,plc_pg2y_intake_3y_avg,plc_pg2y_salary_3y_avg,graduated_total,placed_total,higher_studies_total,intake_for_grad_cohort,placement_rate,placed_or_hs_rate,graduation_rate,median_salary_ug,phd_pursuing_ft,phd_pursuing_pt,phd_grad_ft_latest,phd_grad_pt_latest,phd_grad_3y_avg,capex_lib_latest,capex_equip_latest,capex_workshop_latest,capex_other_cap_latest,opex_salary_latest,opex_maint_latest,opex_seminar_latest,capex_3y_avg,opex_3y_avg,sponsored_projects_3y,sponsored_amount_3y_avg,consultancy_projects_3y,consultancy_amount_3y_avg,pcs_score_0_3,faculty_entered,students_per_faculty,women_students_pct,outside_state_pct,outside_country_pct,full_fee_reimb_pct,capex_per_student,opex_per_student,intake_ug5y,intake_ug5y_prev,str_ug5y_male,str_ug5y_female,str_ug5y_total,str_ug5y_within_state,str_ug5y_outside_state,str_ug5y_outside_country,str_ug5y_econ_backward,str_ug5y_socially_challenged,str_ug5y_fee_reimb_govt,str_ug5y_fee_reimb_inst,str_ug5y_fee_reimb_private,str_ug5y_no_fee_reimb,plc_ug5y_grad_year,plc_ug5y_graduated,plc_ug5y_placed,plc_ug5y_median_salary,plc_ug5y_higher_studies,plc_ug5y_admitted,plc_ug5y_intake,plc_ug5y_grad_3y_avg,plc_ug5y_placed_3y_avg,plc_ug5y_intake_3y_avg,plc_ug5y_salary_3y_avg,intake_pg3y,intake_pg3y_prev,str_pg3y_male,str_pg3y_female,str_pg3y_total,str_pg3y_within_state,str_pg3y_outside_state,str_pg3y_outside_country,str_pg3y_econ_backward,str_pg3y_socially_challenged,str_pg3y_fee_reimb_govt,str_pg3y_fee_reimb_inst,str_pg3y_fee_reimb_private,str_pg3y_no_fee_reimb,plc_pg3y_grad_year,plc_pg3y_graduated,plc_pg3y_placed,plc_pg3y_median_salary,plc_pg3y_higher_studies,plc_pg3y_admitted,plc_pg3y_intake,plc_pg3y_grad_3y_avg,plc_pg3y_placed_3y_avg,plc_pg3y_intake_3y_avg,plc_pg3y_salary_3y_avg,intake_pg6y,intake_pg6y_prev,str_pg6y_male,str_pg6y_female,str_pg6y_total,str_pg6y_within_state,str_pg6y_outside_state,str_pg6y_outside_country,str_pg6y_econ_backward,str_pg6y_socially_challenged,str_pg6y_fee_reimb_govt,str_pg6y_fee_reimb_inst,str_pg6y_fee_reimb_private,str_pg6y_no_fee_reimb,plc_pg6y_grad_year,plc_pg6y_graduated,plc_pg6y_placed,plc_pg6y_median_salary,plc_pg6y_higher_studies,plc_pg6y_admitted,plc_pg6y_intake,plc_pg6y_grad_3y_avg,plc_pg6y_placed_3y_avg,plc_pg6y_intake_3y_avg,plc_pg6y_salary_3y_avg,patents_published_3y,patents_granted_3y,faculty_parsed,faculty_phd_pct,faculty_female_pct,faculty_regular_pct,faculty_exp_le8_frac,faculty_exp_8_15_frac,faculty_exp_gt15_frac,faculty_professor_pct,faculty_avg_age
Chandigarh Engineering College,IR-E-C-10342,2021,Engineering,data/raw/pdf/2021/Engineering/IR-E-C-10342.pdf,1320.0,1320.0,72.0,72.0,1392,3557.0,1932.0,5489.0,1647.0,3842.0,0.0,685.0,531.0,449.0,722.0,0.0,45.0,73.0,49.0,122.0,53.0,69.0,0.0,29.0,12.0,11.0,13.0,0.0,17.0,3630,1981,5611,1700,3911,0,714,543,460,735,0,62,2019-20,1306.0,640.0,401000.0,47.0,1193.0,1320.0,1330.7,625.0,1320.0,427000.0,2019-20,57.0,43.0,480000.0,10.0,63.0,72.0,55.3,42.0,72.0,466667.0,1363.0,683.0,57.0,1392.0,0.5011,0.5429,0.9792,401000.0,0.0,92.0,0.0,8.0,6.7,4130154.0,3713406.0,132363.0,71379928.0,315291777.0,508310619.0,1981904.0,69814428.0,571332192.0,15.0,594444.0,18.0,4021767.0,2.5,383.0,14.65,35.3,69.7,0.0,21.3,12442.0,101824.0,,,,,,,,,,,,,,,,,,,,,,,,,,,,,,,,,,,,,,,,,,,,,,,,,,,,,,,,,,,,,,,,,,,,,,,,,,,,,,,,,,,,,,
Walchand College of Engineering,IR-E-C-11015,2021,Engineering,data/raw/pdf/2021/Engineering/IR-E-C-11015.pdf,390.0,390.0,240.0,240.0,630,1271.0,641.0,1912.0,1853.0,45.0,14.0,342.0,891.0,891.0,0.0,55.0,287.0,253.0,129.0,382.0,382.0,0.0,0.0,20.0,179.0,95.0,0.0,0.0,104.0,1524,770,2294,2235,45,14,362,1070,986,0,55,391,2019-20,437.0,338.0,550000.0,16.0,422.0,390.0,433.3,328.0,390.0,500000.0,2019-20,206.0,43.0,360000.0,6.0,214.0,240.0,207.3,58.3,240.0,453333.0,643.0,381.0,22.0,630.0,0.5925,0.6267,1.0206,550000.0,40.0,18.0,3.0,7.0,5.3,5591461.0,30863958.0,9853262.0,3910081.0,274037263.0,19033099.0,2506065.0,53609714.0,268344473.0,34.0,2601437.0,1140.0,11225764.0,2.5,117.0,19.95,33.6,2.0,0.61,45.4,23370.0,116977.0,,,,,,,,,,,,,,,,,,,,,,,,,,,,,,,,,,,,,,,,,,,,,,,,,,,,,,,,,,,,,,,,,,,,,,,,,,,,,,,,,,,,,,
B.M.S. College of Engineering,IR-E-C-1262,2021,Engineering,data/raw/pdf/2021/Engineering/IR-E-C-1262.pdf,1525.0,1405.0,246.0,246.0,1771,3519.0,1454.0,4973.0,3586.0,967.0,420.0,471.0,1206.0,756.0,0.0,160.0,761.0,222.0,177.0,399.0,378.0,21.0,0.0,222.0,84.0,124.0,0.0,9.0,173.0,3741,1631,5372,3964,988,420,693,1290,880,0,169,934,2019-20,1157.0,700.0,760000.0,101.0,1133.0,1115.0,1060.0,635.3,1115.0,698667.0,2019-20,149.0,123.0,600000.0,8.0,197.0,246.0,165.3,139.0,254.0,573333.0,1306.0,823.0,109.0,1361.0,0.6302,0.7136,0.9596,760000.0,73.0,250.0,6.0,15.0,24.7,7115375.0,68716279.0,7389917.0,286819550.0,707956616.0,114519057.0,24560806.0,273365782.0,789998616.0,54.0,52789115.0,300.0,5813308.0,2.5,343.0,15.87,30.4,18.4,7.82,19.5,50887.0,147059.0,,,,,,,,,,,,,,,,,,,,,,,,,,,,,,,,,,,,,,,,,,,,,,,,,,,,,,,,,,,,,,,,,,,,,,,,,,,,,,,,,,,,,,
R.V. College of Engineering,IR-E-C-1269,2021,Engineering,data/raw/pdf/2021/Engineering/IR-E-C-1269.pdf,1060.0,1060.0,342.0,378.0,1402,3583.0,1167.0,4750.0,3407.0,1327.0,16.0,203.0,1048.0,205.0,0.0,64.0,982.0,316.0,294.0,610.0,581.0,29.0,0.0,0.0,234.0,56.0,0.0,0.0,178.0,3899,1461,5360,3988,1356,16,203,1282,261,0,64,1160,2019-20,1063.0,721.0,850000.0,78.0,1047.0,1060.0,1010.0,717.7,1040.0,783333.0,2019-20,243.0,160.0,650000.0,2.0,326.0,378.0,280.0,167.7,402.0,583333.0,1306.0,881.0,80.0,1438.0,0.6746,0.7358,0.9082,850000.0,27.0,314.0,2.0,34.0,18.7,5268361.0,47162212.0,545456.0,1630679.0,567226829.0,170531143.0,2611330.0,79378628.0,713479885.0,67.0,22450819.0,147.0,19452941.0,2.5,354.0,15.22,27.3,25.3,0.3,6.1,14809.0,133112.0,,,,,,,,,,,,,,,,,,,,,,,,,,,,,,,,,,,,,,,,,,,,,,,,,,,,,,,,,,,,,,,,,,,,,,,,,,,,,,,,,,,,,,
Siddaganga Institute of Technology,IR-E-C-1297,2021,Engineering,data/raw/pdf/2021/Engineering/IR-E-C-1297.pdf,870.0,870.0,198.0,252.0,1068,2120.0,1189.0,3309.0,2697.0,548.0,64.0,167.0,1195.0,256.0,3.0,0.0,1103.0,81.0,104.0,185.0,183.0,2.0,0.0,0.0,52.0,26.0,0.0,0.0,26.0,2201,1293,3494,2880,550,64,167,1247,282,3,0,1129,2019-20,749.0,730.0,500000.0,17.0,781.0,870.0,779.3,722.3,870.0,453667.0,2019-20,78.0,8.0,700000.0,0.0,111.0,252.0,83.7,17.3,252.0,527000.0,827.0,738.0,17.0,1122.0,0.8924,0.9129,0.7371,500000.0,35.0,113.0,1.0,11.0,16.3,2450712.0,16640238.0,0.0,1195307.0,360696934.0,186544887.0,2567637.0,22085372.0,543611452.0,81.0,20489693.0,1837.0,2663257.0,2.5,282.0,12.51,37.0,15.7,1.83,8.2,6321.0,155584.0,,,,,,,,,,,,,,,,,,,,,,,,,,,,,,,,,,,,,,,,,,,,,,,,,,,,,,,,,,,,,,,,,,,,,,,,,,,,,,,,,,,,,,
M. S. Ramaiah Institute of Technology,IR-E-C-1331,2021,Engineering,data/raw/pdf/2021/Engineering/IR-E-C-1331.pdf,1080.0,1080.0,264.0,264.0,1344,3143.0,1153.0,4296.0,2863.0,1206.0,227.0,432.0,881.0,858.0,50.0,13.0,392.0,257.0,228.0,485.0,388.0,97.0,0.0,101.0,110.0,198.0,0.0,0.0,13.0,3400,1381,4781,3251,1303,227,533,991,1056,50,13,405,2019-20,1121.0,742.0,450000.0,153.0,1066.0,1080.0,1134.3,821.3,1080.0,480000.0,2019-20,181.0,124.0,500000.0,6.0,213.0,264.0,186.3,135.0,264.0,516667.0,1302.0,866.0,159.0,1344.0,0.6651,0.7873,0.9688,450000.0,35.0,263.0,7.0,29.0,36.3,4542135.0,55027612.0,16491816.0,8147079.0,634374261.0,201756591.0,6913731.0,76105158.0,773053409.0,63.0,24690646.0,33.0,9542873.0,2.5,370.0,13.02,28.9,27.3,4.75,23.4,15918.0,161693.0,,,,,,,,,,,,,,,,,,,,,,,,,,,,,,,,,,,,,,,,,,,,,,,,,,,,,,,,,,,,,,,,,,,,,,,,,,,,,,,,,,,,,,
BMS Institute of Technology & Management,IR-E-C-1336,2021,Engineering,data/raw/pdf/2021/Engineering/IR-E-C-1336.pdf,840.0,720.0,36.0,36.0,876,2071.0,964.0,3035.0,2106.0,815.0,114.0,148.0,949.0,760.0,0.0,4.0,333.0,17.0,18.0,35.0,33.0,2.0,0.0,12.0,11.0,16.0,0.0,0.0,7.0,2088,982,3070,2139,817,114,160,960,776,0,4,340,2019-20,546.0,431.0,400000.0,44.0,473.0,480.0,524.0,432.0,480.0,366667.0,2019-20,18.0,9.0,350000.0,0.0,22.0,36.0,20.7,9.3,36.0,350000.0,564.0,440.0,44.0,516.0,0.7801,0.8582,1.093,400000.0,2.0,56.0,0.0,3.0,1.3,2557961.0,12727530.0,2521504.0,54340111.0,281399061.0,130990175.0,2539616.0,41263714.0,362378568.0,10.0,1897748.0,117.0,284109.0,2.5,161.0,19.08,32.0,26.6,3.71,25.4,13441.0,118039.0,,,,,,,,,,,,,,,,,,,,,,,,,,,,,,,,,,,,,,,,,,,,,,,,,,,,,,,,,,,,,,,,,,,,,,,,,,,,,,,,,,,,,,
P E S College of Engineering,IR-E-C-1345,2021,Engineering,data/raw/pdf/2021/Engineering/IR-E-C-1345.pdf,820.0,670.0,102.0,102.0,922,1032.0,1785.0,2817.0,2181.0,636.0,0.0,492.0,1992.0,1832.0,0.0,40.0,612.0,48.0,49.0,97.0,95.0,2.0,0.0,76.0,21.0,76.0,0.0,3.0,18.0,1080,1834,2914,2276,638,0,568,2013,1908,0,43,630,2019-20,721.0,480.0,450000.0,136.0,620.0,620.0,709.7,461.0,620.0,380000.0,2018-19,65.0,32.0,320000.0,19.0,65.0,186.0,102.5,44.0,186.0,317500.0,786.0,512.0,155.0,806.0,0.6514,0.8486,0.9752,450000.0,2.0,135.0,2.0,21.0,21.0,2993725.0,12608879.0,13413443.0,18853614.0,283240443.0,199818755.0,7321385.0,48666490.0,458762960.0,12.0,5780333.0,68.0,1138425.0,2.5,236.0,12.36,62.9,21.9,0.0,67.0,16701.0,157434.0,,,,,,,,,,,,,,,,,,,,,,,,,,,,,,,,,,,,,,,,,,,,,,,,,,,,,,,,,,,,,,,,,,,,,,,,,,,,,,,,,,,,,,
Nitte Meenakshi Institute of Technology,IR-E-C-1352,2021,Engineering,data/raw/pdf/2021/Engineering/IR-E-C-1352.pdf,1080.0,1080.0,114.0,132.0,1194,3111.0,1098.0,4209.0,3015.0,962.0,232.0,406.0,1189.0,1120.0,2.0,22.0,451.0,77.0,48.0,125.0,115.0,3.0,7.0,2.0,45.0,45.0,0.0,0.0,2.0,3188,1146,4334,3130,965,239,408,1234,1165,2,22,453,2019-20,986.0,709.0,450000.0,44.0,960.0,1080.0,968.0,642.7,1000.0,370000.0,2019-20,42.0,36.0,450000.0,2.0,61.0,132.0,63.7,44.7,132.0,450000.0,1028.0,745.0,46.0,1212.0,0.7247,0.7695,0.8482,450000.0,17.0,54.0,3.0,5.0,13.7,5362152.0,18036127.0,17530870.0,18843230.0,311107069.0,335660479.0,17648257.0,47162332.0,569029513.0,55.0,11175739.0,94.0,4027514.0,2.5,288.0,15.11,26.4,22.3,5.51,27.4,10882.0,131294.0,,,,,,,,,,,,,,,,,,,,,,,,,,,,,,,,,,,,,,,,,,,,,,,,,,,,,,,,,,,,,,,,,,,,,,,,,,,,,,,,,,,,,,
New Horizon College of Engineering,IR-E-C-1371,2021,Engineering,data/raw/pdf/2021/Engineering/IR-E-C-1371.pdf,1200.0,1080.0,234.0,216.0,1434,3841.0,1212.0,5053.0,3267.0,1568.0,218.0,715.0,1457.0,1003.0,20.0,11.0,1138.0,240.0,145.0,385.0,293.0,92.0,0.0,79.0,82.0,40.0,2.0,0.0,119.0,4081,1357,5438,3560,1660,218,794,1539,1043,22,11,1257,2019-20,1140.0,949.0,640000.0,108.0,1016.0,1020.0,1079.7,903.3,1020.0,638333.0,2019-20,186.0,170.0,608000.0,3.0,191.0,216.0,179.0,168.0,249.0,609678.0,1326.0,1119.0,111.0,1236.0,0.8439,0.9276,1.0728,640000.0,5.0,51.0,3.0,14.0,9.7,2446558.0,16120058.0,5042581.0,68152393.0,378087287.0,109394386.0,8274974.0,112716534.0,485464756.0,147.0,69868565.0,292.0,10834700.0,2.5,375.0,14.51,25.0,30.5,4.01,19.8,20728.0,89273.0,,,,,,,,,,,,,,,,,,,,,,,,,,,,,,,,,,,,,,,,,,,,,,,,,,,,,,,,,,,,,,,,,,,,,,,,,,,,,,,,,,,,,,
NMAM Institute of Technology,IR-E-C-1400,2021,Engineering,data/raw/pdf/2021/Engineering/IR-E-C-1400.pdf,1020.0,900.0,218.0,218.0,1238,2773.0,1425.0,4198.0,3795.0,403.0,0.0,643.0,1151.0,487.0,21.0,0.0,1286.0,81.0,75.0,156.0,156.0,0.0,0.0,0.0,107.0,19.0,0.0,0.0,88.0,2854,1500,4354,3951,403,0,643,1258,506,21,0,1374,2019-20,981.0,561.0,500000.0,59.0,923.0,900.0,935.3,544.3,860.0,416667.0,2019-20,73.0,7.0,750000.0,0.0,79.0,218.0,81.3,22.7,218.0,486667.0,1054.0,568.0,59.0,1118.0,0.5389,0.5949,0.9428,500000.0,8.0,62.0,0.0,4.0,6.0,5416148.0,41538273.0,2392520.0,8572412.0,328735168.0,252036114.0,3352491.0,47038567.0,541424083.0,95.0,6661213.0,4221.0,3702713.0,2.5,297.0,14.69,34.5,9.3,0.0,12.1,10804.0,124351.0,,,,,,,,,,,,,,,,,,,,,,,,,,,,,,,,,,,,,,,,,,,,,,,,,,,,,,,,,,,,,,,,,,,,,,,,,,,,,,,,,,,,,,
C M R Institute of Technology,IR-E-C-1406,2021,Engineering,data/raw/pdf/2021/Engineering/IR-E-C-1406.pdf,960.0,960.0,48.0,48.0,1008,2483.0,1241.0,3724.0,2782.0,863.0,79.0,466.0,1585.0,313.0,191.0,0.0,1547.0,9.0,8.0,17.0,15.0,2.0,0.0,2.0,10.0,4.0,0.0,0.0,8.0,2492,1249,3741,2797,865,79,468,1595,317,191,0,1555,2019-20,836.0,686.0,423000.0,38.0,876.0,960.0,826.3,618.7,1000.0,391000.0,2019-20,10.0,9.0,600000.0,0.0,10.0,48.0,12.3,7.7,84.0,546667.0,846.0,695.0,38.0,1008.0,0.8215,0.8664,0.8393,423000.0,7.0,69.0,0.0,5.0,2.7,4989147.0,68816492.0,819232.0,123166328.0,212542077.0,180322623.0,5847257.0,203734193.0,393484585.0,60.0,9763130.0,34.0,1289873.0,2.5,272.0,13.78,33.4,23.1,2.11,13.6,54460.0,105182.0,,,,,,,,,,,,,,,,,,,,,,,,,,,,,,,,,,,,,,,,,,,,,,,,,,,,,,,,,,,,,,,,,,,,,,,,,,,,,,,,,,,,,,
JSS Science and Technology University,IR-E-C-1412,2021,Engineering,data/raw/pdf/2021/Engineering/IR-E-C-1412.pdf,1060.0,970.0,331.0,331.0,1391,2443.0,1343.0,3786.0,3595.0,191.0,0.0,969.0,1120.0,1475.0,4.0,101.0,509.0,171.0,240.0,411.0,406.0,5.0,0.0,111.0,111.0,125.0,0.0,0.0,97.0,2614,1583,4197,4001,196,0,1080,1231,1600,4,101,606,2019-20,828.0,487.0,500000.0,129.0,792.0,910.0,828.7,505.3,830.0,449333.0,2018-19,153.0,78.0,558000.0,6.0,168.0,331.0,150.5,92.0,292.0,616500.0,981.0,565.0,135.0,1241.0,0.5759,0.7136,0.7905,500000.0,40.0,279.0,7.0,38.0,40.7,6002731.0,17413573.0,7290962.0,23706869.0,413070871.0,153380133.0,14654390.0,52404118.0,557754475.0,32.0,4533851.0,66.0,6200033.0,2.5,262.0,16.17,37.7,4.7,0.0,40.6,12486.0,132894.0,,,,,,,,,,,,,,,,,,,,,,,,,,,,,,,,,,,,,,,,,,,,,,,,,,,,,,,,,,,,,,,,,,,,,,,,,,,,,,,,,,,,,,
The National Institute of Engineering,IR-E-C-1438,2021,Engineering,data/raw/pdf/2021/Engineering/IR-E-C-1438.pdf,840.0,780.0,210.0,210.0,1050,2352.0,958.0,3310.0,2912.0,398.0,0.0,1250.0,1513.0,1445.0,1.0,0.0,1317.0,153.0,137.0,290.0,286.0,4.0,0.0,174.0,99.0,207.0,0.0,0.0,66.0,2505,1095,3600,3198,402,0,1424,1612,1652,1,0,1383,2019-20,759.0,530.0,500000.0,12.0,723.0,780.0,787.0,510.7,780.0,441000.0,2019-20,158.0,67.0,400000.0,0.0,158.0,210.0,152.3,89.0,198.0,400000.0,917.0,597.0,12.0,990.0,0.651,0.6641,0.9263,500000.0,13.0,115.0,0.0,9.0,9.7,999946.0,2468914.0,19977717.0,8716464.0,320979331.0,24188043.0,782004.0,52839221.0,447076518.0,23.0,5201287.0,4340.0,10765047.0,2.5,257.0,14.06,30.4,11.2,0.0,45.9,14678.0,124188.0,,,,,,,,,,,,,,,,,,,,,,,,,,,,,,,,,,,,,,,,,,,,,,,,,,,,,,,,,,,,,,,,,,,,,,,,,,,,,,,,,,,,,,
St. Josephs College of Engineering,IR-E-C-16537,2021,Engineering,data/raw/pdf/2021/Engineering/IR-E-C-16537.pdf,1320.0,1320.0,90.0,162.0,1410,3500.0,1661.0,5161.0,5032.0,109.0,20.0,228.0,2745.0,255.0,137.0,0.0,2581.0,10.0,43.0,53.0,52.0,1.0,0.0,5.0,21.0,16.0,0.0,0.0,10.0,3510,1704,5214,5084,110,20,233,2766,271,137,0,2591,2019-20,953.0,905.0,401986.0,46.0,1395.0,1320.0,1076.7,905.7,1300.0,361662.0,2018-19,36.0,27.0,383755.0,0.0,39.0,162.0,48.5,27.0,162.0,341878.0,989.0,932.0,46.0,1482.0,0.9424,0.9889,0.6673,401986.0,11.0,70.0,0.0,11.0,7.7,3609252.0,9776023.0,105610.0,3758906.0,285950258.0,55051513.0,6518611.0,13729480.0,353137532.0,31.0,2771482.0,15.0,827086.0,2.5,298.0,17.53,32.7,2.1,0.38,7.8,2633.0,67729.0,,,,,,,,,,,,,,,,,,,,,,,,,,,,,,,,,,,,,,,,,,,,,,,,,,,,,,,,,,,,,,,,,,,,,,,,,,,,,,,,,,,,,,
Sri Sairam Engineering College,IR-E-C-16547,2021,Engineering,data/raw/pdf/2021/Engineering/IR-E-C-16547.pdf,1170.0,1200.0,126.0,126.0,1296,2605.0,1819.0,4424.0,3897.0,527.0,0.0,1150.0,3068.0,2531.0,970.0,422.0,295.0,63.0,89.0,152.0,103.0,49.0,0.0,51.0,84.0,70.0,39.0,19.0,7.0,2668,1908,4576,4000,576,0,1201,3152,2601,1009,441,302,2019-20,1045.0,908.0,462000.0,20.0,1077.0,1260.0,1147.0,945.3,1260.0,432000.0,2019-20,52.0,40.0,385000.0,2.0,56.0,126.0,57.5,36.0,126.0,377500.0,1097.0,948.0,22.0,1386.0,0.8642,0.8842,0.7915,462000.0,36.0,118.0,15.0,31.0,28.0,3975400.0,13504800.0,8435215.0,28475177.0,323601760.0,180209513.0,14540200.0,47460308.0,461373588.0,285.0,13569245.0,525.0,10949000.0,2.5,391.0,11.8,41.7,12.6,0.0,88.5,10372.0,100825.0,,,,,,,,,,,,,,,,,,,,,,,,,,,,,,,,,,,,,,,,,,,,,,,,,,,,,,,,,,,,,,,,,,,,,,,,,,,,,,,,,,,,,,
Easwari Engineering College,IR-E-C-16560,2021,Engineering,data/raw/pdf/2021/Engineering/IR-E-C-16560.pdf,1080.0,1020.0,90.0,90.0,1170,2436.0,1032.0,3468.0,3447.0,21.0,0.0,583.0,2885.0,192.0,19.0,1450.0,1807.0,29.0,21.0,50.0,50.0,0.0,0.0,8.0,42.0,10.0,1.0,25.0,14.0,2465,1053,3518,3497,21,0,591,2927,202,20,1475,1821,2019-20,973.0,928.0,420000.0,45.0,910.0,1020.0,891.3,806.3,1020.0,456667.0,2019-20,28.0,20.0,300000.0,0.0,28.0,90.0,33.3,22.7,114.0,356000.0,1001.0,948.0,45.0,1110.0,0.9471,0.992,0.9018,420000.0,9.0,99.0,0.0,11.0,8.0,2780957.0,11793939.0,10921722.0,10788036.0,188568389.0,247942649.0,5068327.0,32752145.0,389093203.0,66.0,16663360.0,289.0,2470635.0,2.5,259.0,13.62,29.9,0.6,0.0,48.2,9310.0,110601.0,,,,,,,,,,,,,,,,,,,,,,,,,,,,,,,,,,,,,,,,,,,,,,,,,,,,,,,,,,,,,,,,,,,,,,,,,,,,,,,,,,,,,,
Sri Sivasubramaniya Nadar College of Engineering,IR-E-C-16604,2021,Engineering,data/raw/pdf/2021/Engineering/IR-E-C-16604.pdf,780.0,960.0,180.0,216.0,960,2524.0,1440.0,3964.0,3437.0,469.0,58.0,725.0,1205.0,371.0,569.0,203.0,787.0,48.0,90.0,138.0,129.0,8.0,1.0,80.0,40.0,20.0,5.0,5.0,90.0,2572,1530,4102,3566,477,59,805,1245,391,574,208,877,2019-20,703.0,579.0,500000.0,107.0,830.0,780.0,763.3,618.0,806.0,446667.0,2019-20,81.0,68.0,450000.0,3.0,89.0,216.0,82.3,64.7,240.0,434667.0,784.0,647.0,110.0,996.0,0.8253,0.9656,0.7871,500000.0,261.0,280.0,26.0,39.0,52.3,5174971.0,17391287.0,1813054.0,27312677.0,779518734.0,313034590.0,17799514.0,46479096.0,979376184.0,111.0,34881370.0,85.0,15040359.0,2.5,253.0,17.25,37.3,11.6,1.44,28.6,11331.0,238756.0,,,,,,,,,,,,,,,,,,,,,,,,,,,,,,,,,,,,,,,,,,,,,,,,,,,,,,,,,,,,,,,,,,,,,,,,,,,,,,,,,,,,,,
R.M.K. Engineering College,IR-E-C-16614,2021,Engineering,data/raw/pdf/2021/Engineering/IR-E-C-16614.pdf,780.0,780.0,54.0,54.0,834,2128.0,961.0,3089.0,2375.0,714.0,0.0,693.0,2105.0,594.0,67.0,161.0,1976.0,0.0,11.0,11.0,10.0,1.0,0.0,3.0,8.0,0.0,1.0,0.0,10.0,2128,972,3100,2385,715,0,696,2113,594,68,161,1986,2019-20,792.0,612.0,450000.0,28.0,744.0,780.0,790.7,569.3,780.0,400000.0,2019-20,4.0,1.0,400000.0,0.0,5.0,54.0,8.0,4.3,54.0,358333.0,796.0,613.0,28.0,834.0,0.7701,0.8053,0.9544,450000.0,4.0,99.0,0.0,14.0,11.7,11610330.0,11850572.0,1932704.0,7040598.0,288353663.0,196941491.0,8165208.0,23391296.0,486270150.0,75.0,8025989.0,321.0,3973607.0,2.5,287.0,10.82,31.4,23.1,0.0,26.5,7546.0,156861.0,,,,,,,,,,,,,,,,,,,,,,,,,,,,,,,,,,,,,,,,,,,,,,,,,,,,,,,,,,,,,,,,,,,,,,,,,,,,,,,,,,,,,,
Rajalakshmi Engineering College,IR-E-C-16626,2021,Engineering,data/raw/pdf/2021/Engineering/IR-E-C-16626.pdf,1860.0,1800.0,120.0,120.0,1980,4431.0,2365.0,6796.0,5535.0,1209.0,52.0,1692.0,4907.0,811.0,1097.0,287.0,4404.0,98.0,126.0,224.0,202.0,22.0,0.0,47.0,171.0,51.0,78.0,11.0,78.0,4529,2491,7020,5737,1231,52,1739,5078,862,1175,298,4482,2019-20,1643.0,1078.0,415000.0,344.0,1607.0,1680.0,1473.0,935.3,1580.0,375000.0,2018-19,98.0,92.0,350000.0,2.0,107.0,120.0,102.0,94.5,135.0,330000.0,1741.0,1170.0,346.0,1800.0,0.672,0.8708,0.9672,415000.0,61.0,153.0,16.0,37.0,32.7,9396454.0,49052823.0,7489786.0,217074320.0,489423420.0,435244837.0,20873675.0,198877778.0,724020692.0,42.0,46370667.0,70.0,19218480.0,2.5,481.0,14.72,35.5,17.5,0.74,33.3,28330.0,103137.0,,,,,,,,,,,,,,,,,,,,,,,,,,,,,,,,,,,,,,,,,,,,,,,,,,,,,,,,,,,,,,,,,,,,,,,,,,,,,,,,,,,,,,
Velagapudi Ramakrishna Siddhartha Engineering College,IR-E-C-18010,2021,Engineering,data/raw/pdf/2021/Engineering/IR-E-C-18010.pdf,1140.0,1140.0,162.0,180.0,1302,2877.0,2052.0,4929.0,4879.0,50.0,0.0,907.0,2585.0,2784.0,0.0,0.0,708.0,97.0,132.0,229.0,216.0,13.0,0.0,48.0,138.0,142.0,0.0,0.0,44.0,2974,2184,5158,5095,63,0,955,2723,2926,0,0,752,2019-20,1068.0,684.0,397000.0,43.0,1128.0,1140.0,1116.7,648.3,1140.0,375667.0,2018-19,113.0,36.0,250000.0,1.0,132.0,198.0,113.0,32.0,198.0,275000.0,1181.0,720.0,44.0,1338.0,0.6097,0.6469,0.8827,397000.0,0.0,63.0,0.0,6.0,3.3,1927576.0,46643860.0,830444.0,74884756.0,300206349.0,52403069.0,4971743.0,86121546.0,364714813.0,35.0,4998775.0,7268.0,25839388.0,2.5,354.0,14.57,42.3,1.2,0.0,56.7,16697.0,70709.0,,,,,,,,,,,,,,,,,,,,,,,,,,,,,,,,,,,,,,,,,,,,,,,,,,,,,,,,,,,,,,,,,,,,,,,,,,,,,,,,,,,,,,
University College of Engingeering,IR-E-C-18154,2021,Engineering,data/raw/pdf/2021/Engineering/IR-E-C-18154.pdf,407.0,350.0,340.0,391.0,775,801.0,652.0,1453.0,1216.0,202.0,35.0,468.0,947.0,1160.0,0.0,2.0,253.0,389.0,254.0,643.0,577.0,66.0,0.0,202.0,315.0,334.0,0.0,0.0,183.0,1270,938,2208,1871,300,37,670,1283,1494,0,2,457,2019-20,345.0,212.0,460000.0,123.0,290.0,350.0,333.7,211.7,350.0,394667.0,2019-20,274.0,39.0,434000.0,6.0,345.0,391.0,281.7,43.7,355.3,378000.0,638.0,260.0,129.0,781.0,0.4075,0.6097,0.8169,460000.0,23.0,982.0,6.0,57.0,86.0,3008738.0,13890731.0,3987022.0,2621840.0,245896680.0,1827700.0,572649.0,74614360.0,237970104.0,17.0,10277216.0,1090.0,7621614.0,2.5,177.0,12.6,42.5,13.6,1.68,67.8,33793.0,107776.0,28.0,36.0,80.0,32.0,112.0,78.0,32.0,2.0,0.0,21.0,0.0,0.0,0.0,21.0,2019-20,19.0,9.0,352000.0,0.0,34.0,40.0,23.0,4.5,40.0,176000.0,,,,,,,,,,,,,,,,,,,,,,,,,,,,,,,,,,,,,,,,,,,,,,,,,,,,,,,,,,,,,
Yeshwantrao Chavan College of Engineering,IR-E-C-18254,2021,Engineering,data/raw/pdf/2021/Engineering/IR-E-C-18254.pdf,1020.0,1020.0,133.0,133.0,1153,2915.0,1588.0,4503.0,4244.0,258.0,1.0,481.0,2399.0,2695.0,101.0,12.0,72.0,44.0,49.0,93.0,86.0,7.0,0.0,41.0,36.0,12.0,41.0,0.0,24.0,2959,1637,4596,4330,265,1,522,2435,2707,142,12,96,2019-20,1014.0,835.0,450000.0,172.0,1052.0,1020.0,1042.0,813.0,1020.0,386667.0,2018-19,64.0,58.0,370000.0,3.0,71.0,261.0,85.0,79.5,261.0,335000.0,1078.0,893.0,175.0,1281.0,0.8284,0.9907,0.8415,450000.0,1.0,80.0,0.0,25.0,20.7,4192118.0,11974779.0,789137.0,5160136.0,454311197.0,117576930.0,1504819.0,23735580.0,572487386.0,59.0,11049552.0,109.0,5458866.0,2.5,303.0,15.17,35.6,5.8,0.02,62.2,5164.0,124562.0,,,,,,,,,,,,,,,,,,,,,,,,,,,,,,,,,,,,,,,,,,,,,,,,,,,,,,,,,,,,,,,,,,,,,,,,,,,,,,,,,,,,,,
G. H. Raisoni College of Engineering,IR-E-C-18817,2021,Engineering,data/raw/pdf/2021/Engineering/IR-E-C-18817.pdf,900.0,900.0,138.0,234.0,1038,2586.0,1045.0,3631.0,3284.0,328.0,19.0,411.0,1694.0,911.0,157.0,60.0,977.0,106.0,66.0,172.0,161.0,11.0,0.0,0.0,15.0,2.0,13.0,0.0,0.0,2692,1111,3803,3445,339,19,411,1709,913,170,60,977,2019-20,1253.0,1217.0,380000.0,21.0,900.0,900.0,1199.3,1123.0,860.0,346667.0,2019-20,96.0,96.0,420000.0,0.0,124.0,234.0,95.3,95.0,234.0,420000.0,1349.0,1313.0,21.0,1134.0,0.9733,0.9889,1.1896,380000.0,0.0,61.0,0.0,33.0,28.3,26073544.0,20808593.0,115858.0,33317894.0,304681673.0,84685981.0,5932478.0,110710054.0,368548283.0,66.0,271707.0,134.0,14880702.0,2.5,280.0,13.58,29.2,8.9,0.5,30.1,29111.0,96910.0,,,,,,,,,,,,,,,,,,,,,,,,,,,,,,,,,,,,,,,,,,,,,,,,,,,,,,,,,,,,,,,,,,,,,,,,,,,,,,,,,,,,,,
Shri Ramdeobaba College of Engineering and Management,IR-E-C-18886,2021,Engineering,data/raw/pdf/2021/Engineering/IR-E-C-18886.pdf,810.0,810.0,126.0,126.0,936,2331.0,1197.0,3528.0,2881.0,606.0,41.0,1179.0,764.0,150.0,99.0,0.0,1694.0,73.0,63.0,136.0,112.0,24.0,0.0,0.0,61.0,22.0,0.0,0.0,39.0,2404,1260,3664,2993,630,41,1179,825,172,99,0,1733,2019-20,858.0,753.0,450000.0,31.0,848.0,810.0,847.3,744.0,810.0,391667.0,2019-20,68.0,15.0,365000.0,2.0,74.0,126.0,78.3,37.3,126.0,327000.0,926.0,768.0,33.0,936.0,0.8294,0.865,0.9893,450000.0,6.0,29.0,0.0,9.0,8.0,4642155.0,46767173.0,21629.0,8149906.0,419329649.0,92993768.0,4443933.0,42811848.0,476767594.0,21.0,60264.0,57.0,3947392.0,2.5,247.0,14.86,34.4,17.2,1.12,7.4,11684.0,130122.0,,,,,,,,,,,,,,,,,,,,,,,,,,,,,,,,,,,,,,,,,,,,,,,,,,,,,,,,,,,,,,,,,,,,,,,,,,,,,,,,,,,,,,
Goka Raju Ranga Raju Institute of Engineering & Technology,IR-E-C-19534,2021,Engineering,data/raw/pdf/2021/Engineering/IR-E-C-19534.pdf,1200.0,1200.0,102.0,246.0,1302,3430.0,1721.0,5151.0,4972.0,179.0,0.0,539.0,2010.0,2019.0,1.0,57.0,472.0,126.0,98.0,224.0,200.0,24.0,0.0,7.0,64.0,66.0,0.0,0.0,5.0,3556,1819,5375,5172,203,0,546,2074,2085,1,57,477,2019-20,1091.0,897.0,360000.0,136.0,1140.0,1140.0,1042.3,804.0,1110.0,348333.0,2018-19,136.0,41.0,354000.0,0.0,190.0,246.0,115.5,40.0,207.0,419500.0,1227.0,938.0,136.0,1386.0,0.7645,0.8753,0.8853,360000.0,0.0,0.0,0.0,0.0,0.0,4210356.0,17378512.0,9031472.0,42285876.0,331814533.0,130775280.0,7874639.0,67078126.0,454018626.0,25.0,7320020.0,33.0,9287167.0,2.5,355.0,15.14,33.8,3.8,0.0,39.9,12480.0,84469.0,,,,,,,,,,,,,,,,,,,,,,,,,,,,,,,,,,,,,,,,,,,,,,,,,,,,,,,,,,,,,,,,,,,,,,,,,,,,,,,,,,,,,,
Cvr College Of Engineering,IR-E-C-19607,2021,Engineering,data/raw/pdf/2021/Engineering/IR-E-C-19607.pdf,1200.0,1200.0,120.0,204.0,1320,3303.0,1478.0,4781.0,3691.0,1090.0,0.0,309.0,2612.0,1324.0,0.0,0.0,1597.0,90.0,108.0,198.0,152.0,46.0,0.0,25.0,135.0,78.0,0.0,0.0,82.0,3393,1586,4979,3843,1136,0,334,2747,1402,0,0,1679,2019-20,1073.0,696.0,450000.0,205.0,1200.0,1200.0,1053.0,648.0,1200.0,393333.0,2019-20,81.0,24.0,420000.0,0.0,112.0,204.0,85.0,21.5,177.0,385000.0,1154.0,720.0,205.0,1404.0,0.6239,0.8016,0.8219,450000.0,2.0,0.0,0.0,0.0,0.0,9866020.0,31894864.0,569291.0,8189885.0,367820523.0,123330877.0,9168866.0,50486333.0,443412514.0,23.0,7886117.0,13.0,837233.0,2.5,433.0,11.5,31.9,22.8,0.0,28.2,10140.0,89057.0,,,,,,,,,,,,,,,,,,,,,,,,,,,,,,,,,,,,,,,,,,,,,,,,,,,,,,,,,,,,,,,,,,,,,,,,,,,,,,,,,,,,,,
Vardhaman College of Engineering,IR-E-C-19650,2021,Engineering,data/raw/pdf/2021/Engineering/IR-E-C-19650.pdf,900.0,900.0,108.0,108.0,1008,2563.0,1229.0,3792.0,3553.0,231.0,8.0,445.0,1898.0,1041.0,6.0,0.0,1296.0,58.0,45.0,103.0,99.0,4.0,0.0,14.0,61.0,58.0,0.0,0.0,17.0,2621,1274,3895,3652,235,8,459,1959,1099,6,0,1313,2019-20,864.0,604.0,375000.0,151.0,879.0,900.0,849.0,601.0,900.0,354333.0,2018-19,46.0,26.0,300000.0,0.0,60.0,90.0,36.0,22.0,81.0,310000.0,910.0,630.0,151.0,990.0,0.6923,0.8582,0.9192,375000.0,2.0,0.0,0.0,0.0,0.0,2841729.0,6985163.0,1341757.0,15850563.0,249311546.0,100211485.0,1208572.0,22557035.0,309096465.0,30.0,9173707.0,46.0,2253823.0,2.5,323.0,12.07,32.7,6.0,0.21,28.4,5791.0,79357.0,,,,,,,,,,,,,,,,,,,,,,,,,,,,,,,,,,,,,,,,,,,,,,,,,,,,,,,,,,,,,,,,,,,,,,,,,,,,,,,,,,,,,,
Vallurupalli Nageswara Rao Vignana Jyothi Institute of Engineering and Technology,IR-E-C-19667,2021,Engineering,data/raw/pdf/2021/Engineering/IR-E-C-19667.pdf,1260.0,1200.0,234.0,234.0,1494,3115.0,1835.0,4950.0,4698.0,224.0,28.0,423.0,1286.0,0.0,0.0,0.0,1709.0,156.0,138.0,294.0,277.0,17.0,0.0,0.0,70.0,0.0,0.0,0.0,70.0,3271,1973,5244,4975,241,28,423,1356,0,0,0,1779,2019-20,862.0,633.0,401000.0,49.0,900.0,900.0,1028.0,721.7,1020.0,367000.0,2019-20,129.0,43.0,333000.0,3.0,168.0,234.0,105.0,36.0,252.0,333000.0,991.0,676.0,52.0,1134.0,0.6821,0.7346,0.8739,401000.0,10.0,0.0,0.0,0.0,0.0,3823355.0,26543790.0,4638184.0,7848324.0,461069043.0,93948196.0,0.0,56373904.0,544089419.0,65.0,6016374.0,119.0,26706961.0,2.5,358.0,14.68,37.6,4.6,0.53,0.0,10750.0,103755.0,,,,,,,,,,,,,,,,,,,,,,,,,,,,,,,,,,,,,,,,,,,,,,,,,,,,,,,,,,,,,,,,,,,,,,,,,,,,,,,,,,,,,,
Institute of Aeronautical Engineering,IR-E-C-19706,2021,Engineering,data/raw/pdf/2021/Engineering/IR-E-C-19706.pdf,1080.0,1080.0,90.0,78.0,1170,2905.0,1347.0,4252.0,3868.0,381.0,3.0,455.0,1664.0,691.0,326.0,9.0,1093.0,69.0,39.0,108.0,99.0,9.0,0.0,11.0,29.0,12.0,0.0,0.0,28.0,2974,1386,4360,3967,390,3,466,1693,703,326,9,1121,2019-20,895.0,552.0,380000.0,152.0,863.0,960.0,849.7,540.7,940.0,322333.0,2018-19,34.0,26.0,360000.0,0.0,49.0,90.0,43.0,34.5,105.0,360000.0,929.0,578.0,152.0,1050.0,0.6222,0.7858,0.8848,380000.0,0.0,0.0,0.0,0.0,0.0,2122239.0,27179407.0,11214072.0,19241008.0,229955250.0,126056100.0,3953243.0,49300040.0,320038324.0,39.0,24392734.0,111.0,14932670.0,2.5,318.0,13.71,31.8,8.9,0.07,23.8,11307.0,73403.0,,,,,,,,,,,,,,,,,,,,,,,,,,,,,,,,,,,,,,,,,,,,,,,,,,,,,,,,,,,,,,,,,,,,,,,,,,,,,,,,,,,,,,
Anurag University,IR-E-C-19747,2021,Engineering,data/raw/pdf/2021/Engineering/IR-E-C-19747.pdf,1320.0,1200.0,138.0,108.0,1458,2823.0,2493.0,5316.0,3854.0,1462.0,0.0,1024.0,1891.0,2193.0,191.0,44.0,487.0,107.0,99.0,206.0,117.0,89.0,0.0,56.0,81.0,116.0,14.0,2.0,5.0,2930,2592,5522,3971,1551,0,1080,1972,2309,205,46,492,2019-20,1184.0,885.0,380000.0,84.0,1142.0,1200.0,1138.0,801.7,1160.0,343333.0,2018-19,116.0,88.0,305000.0,0.0,130.0,138.0,140.0,105.0,165.0,302500.0,1300.0,973.0,84.0,1338.0,0.7485,0.8131,0.9716,380000.0,2.0,0.0,0.0,0.0,0.0,2000140.0,8954585.0,3489368.0,110180709.0,403014786.0,73831612.0,7057136.0,70637084.0,453609095.0,15.0,3437844.0,30.0,4766273.0,2.5,400.0,13.81,46.9,28.1,0.0,46.4,12792.0,82146.0,,,,,,,,,,,,,,,,,,,,,,,,,,,,,,,,,,,,,,,,,,,,,,,,,,,,,,,,,,,,,,,,,,,,,,,,,,,,,,,,,,,,,,
SR University,IR-E-C-19754,2021,Engineering,data/raw/pdf/2021/Engineering/IR-E-C-19754.pdf,720.0,720.0,126.0,126.0,846,1492.0,1385.0,2877.0,2073.0,801.0,3.0,502.0,1915.0,1464.0,324.0,48.0,581.0,108.0,118.0,226.0,172.0,54.0,0.0,41.0,88.0,81.0,14.0,2.0,32.0,1600,1503,3103,2245,855,3,543,2003,1545,338,50,613,2019-20,623.0,258.0,336000.0,102.0,718.0,720.0,597.0,192.3,740.0,344667.0,2018-19,64.0,45.0,395000.0,5.0,65.0,102.0,54.0,40.5,105.0,357500.0,687.0,303.0,107.0,822.0,0.441,0.5968,0.8358,336000.0,0.0,28.0,0.0,8.0,7.3,2775432.0,37475602.0,17683075.0,12974619.0,255820384.0,124287453.0,5916380.0,45946692.0,307571286.0,58.0,7249694.0,69.0,1242386.0,2.5,215.0,14.43,48.4,27.6,0.1,62.3,14807.0,99121.0,,,,,,,,,,,,,,,,,,,,,,,,,,,,,,,,,,,,,,,,,,,,,,,,,,,,,,,,,,,,,,,,,,,,,,,,,,,,,,,,,,,,,,
College of Engineering (A),IR-E-C-24004,2021,Engineering,data/raw/pdf/2021/Engineering/IR-E-C-24004.pdf,754.0,360.0,510.0,510.0,1264,1077.0,825.0,1902.0,1824.0,21.0,57.0,475.0,1348.0,620.0,24.0,171.0,1008.0,512.0,453.0,965.0,918.0,10.0,37.0,142.0,708.0,562.0,0.0,10.0,278.0,1589,1278,2867,2742,31,94,617,2056,1182,24,181,1286,2019-20,355.0,239.0,350000.0,86.0,360.0,360.0,360.3,263.3,363.3,400000.0,2019-20,510.0,81.0,400000.0,22.0,510.0,510.0,506.7,83.7,510.0,570000.0,865.0,320.0,108.0,870.0,0.3699,0.4948,0.9943,350000.0,103.0,248.0,52.0,84.0,108.0,10865898.0,557324681.0,69934566.0,45261328.0,431834061.0,121245673.0,4598031.0,571811047.0,517555802.0,35.0,44308110.0,482.0,47445681.0,2.5,183.0,16.23,44.6,1.1,3.28,48.4,199446.0,180522.0,,,,,,,,,,,,,,,,,,,,,,,,,,,,,,,,,,,,,,,,,,,,,,,,,,,,,,,,,,,,,,,,,,,,,,,,,,,,,,,,,,,,,,
Chaitanya Bharathi Institute of Technology,IR-E-C-25622,2021,Engineering,data/raw/pdf/2021/Engineering/IR-E-C-25622.pdf,1080.0,1020.0,176.0,176.0,1256,2749.0,1677.0,4426.0,4042.0,333.0,51.0,381.0,1371.0,1508.0,0.0,33.0,211.0,103.0,95.0,198.0,190.0,8.0,0.0,4.0,70.0,39.0,0.0,0.0,35.0,2852,1772,4624,4232,341,51,385,1441,1547,0,33,246,2019-20,1059.0,713.0,500000.0,112.0,1004.0,1020.0,1021.7,703.3,1000.0,403333.0,2019-20,85.0,11.0,400000.0,1.0,100.0,176.0,89.7,20.0,188.0,366667.0,1144.0,724.0,113.0,1196.0,0.6329,0.7316,0.9565,500000.0,0.0,0.0,0.0,0.0,0.0,3827029.0,4153847.0,1930040.0,18858369.0,510112637.0,147525156.0,2285438.0,57385155.0,689233691.0,32.0,4822156.0,35.0,1874961.0,2.5,312.0,14.82,38.3,7.4,1.1,34.2,12410.0,149056.0,,,,,,,,,,,,,,,,,,,,,,,,,,,,,,,,,,,,,,,,,,,,,,,,,,,,,,,,,,,,,,,,,,,,,,,,,,,,,,,,,,,,,,
Thiagarajar College of Engineering,IR-E-C-26794,2021,Engineering,data/raw/pdf/2021/Engineering/IR-E-C-26794.pdf,780.0,780.0,154.0,251.0,934,2164.0,1271.0,3435.0,3364.0,71.0,0.0,784.0,2651.0,1561.0,30.0,27.0,1817.0,104.0,159.0,263.0,263.0,0.0,0.0,52.0,211.0,7.0,0.0,0.0,256.0,2268,1430,3698,3627,71,0,836,2862,1568,30,27,2073,2019-20,801.0,637.0,400000.0,56.0,719.0,780.0,799.7,667.0,780.0,386667.0,2019-20,154.0,42.0,400000.0,2.0,161.0,251.0,168.0,46.7,251.0,370000.0,955.0,679.0,58.0,1031.0,0.711,0.7717,0.9263,400000.0,99.0,154.0,21.0,40.0,44.7,6423279.0,63552788.0,11213198.0,5272226.0,374407002.0,104286385.0,19536305.0,61181852.0,462762690.0,88.0,104358221.0,346.0,10321318.0,2.5,311.0,12.21,38.7,1.9,0.0,43.9,16545.0,125139.0,,,,,,,,,,,,,,,,,,,,,,,,,,,,,,,,,,,,,,,,,,,,,,,,,,,,,,,,,,,,,,,,,,,,,,,,,,,,,,,,,,,,,,
Mepco Schlenk Engineering College,IR-E-C-27058,2021,Engineering,data/raw/pdf/2021/Engineering/IR-E-C-27058.pdf,900.0,924.0,170.0,170.0,1070,2075.0,1430.0,3505.0,3480.0,25.0,0.0,1731.0,1512.0,189.0,41.0,9.0,3004.0,68.0,65.0,133.0,131.0,2.0,0.0,9.0,116.0,2.0,32.0,0.0,91.0,2143,1495,3638,3611,27,0,1740,1628,191,73,9,3095,2019-20,814.0,477.0,350000.0,89.0,838.0,1002.0,771.3,466.7,885.0,350000.0,2019-20,81.0,28.0,350000.0,0.0,93.0,170.0,97.5,45.5,200.5,350000.0,895.0,505.0,89.0,1172.0,0.5642,0.6637,0.7637,350000.0,34.0,159.0,0.0,22.0,25.7,4421000.0,13802000.0,471000.0,14311000.0,272439000.0,116323700.0,2141000.0,38443667.0,387850900.0,70.0,8482337.0,204.0,575972.0,2.5,231.0,15.9,41.1,0.7,0.0,7.5,10567.0,106611.0,,,,,,,,,,,,,,,,,,,,,,,,,,,,,,,,,,,,,,,,,,,,,,,,,,,,,,,,,,,,,,,,,,,,,,,,,,,,,,,,,,,,,,
National Engineering College,IR-E-C-27089,2021,Engineering,data/raw/pdf/2021/Engineering/IR-E-C-27089.pdf,540.0,660.0,88.0,88.0,628,1586.0,948.0,2534.0,2527.0,7.0,0.0,451.0,1893.0,161.0,5.0,6.0,2172.0,8.0,47.0,55.0,55.0,0.0,0.0,0.0,55.0,0.0,55.0,0.0,0.0,1594,995,2589,2582,7,0,451,1948,161,60,6,2172,2019-20,582.0,493.0,300000.0,45.0,651.0,660.0,606.0,379.7,660.0,252000.0,2019-20,31.0,3.0,312000.0,0.0,33.0,88.0,23.0,2.7,106.0,208000.0,613.0,496.0,45.0,748.0,0.8091,0.8825,0.8195,300000.0,15.0,50.0,0.0,15.0,20.7,2277544.0,14116100.0,1000000.0,2174465.0,147145969.0,61530840.0,3452867.0,19507344.0,232736677.0,11.0,1272351.0,80.0,1251183.0,2.5,198.0,13.15,38.4,0.3,0.0,8.8,7535.0,89894.0,,,,,,,,,,,,,,,,,,,,,,,,,,,,,,,,,,,,,,,,,,,,,,,,,,,,,,,,,,,,,,,,,,,,,,,,,,,,,,,,,,,,,,
Kakatiya Institute of Technology & Science,IR-E-C-27400,2021,Engineering,data/raw/pdf/2021/Engineering/IR-E-C-27400.pdf,1020.0,900.0,145.0,145.0,1165,2280.0,1611.0,3891.0,3847.0,38.0,6.0,271.0,1799.0,956.0,18.0,41.0,1055.0,76.0,141.0,217.0,216.0,1.0,0.0,4.0,178.0,121.0,4.0,6.0,51.0,2356,1752,4108,4063,39,6,275,1977,1077,22,47,1106,2019-20,936.0,576.0,380000.0,64.0,835.0,840.0,834.7,487.7,800.0,358000.0,2019-20,96.0,13.0,300000.0,4.0,118.0,145.0,102.7,6.3,145.0,313333.0,1032.0,589.0,68.0,985.0,0.5707,0.6366,1.0477,380000.0,0.0,45.0,0.0,2.0,2.0,4700506.0,32670979.0,2383297.0,17009501.0,295910634.0,46854916.0,469723.0,63363698.0,329243397.0,14.0,5502589.0,948.0,5903295.0,2.5,284.0,14.46,42.6,0.9,0.15,27.9,15424.0,80147.0,,,,,,,,,,,,,,,,,,,,,,,,,,,,,,,,,,,,,,,,,,,,,,,,,,,,,,,,,,,,,,,,,,,,,,,,,,,,,,,,,,,,,,
University College of Engineering,IR-E-C-27616,2021,Engineering,data/raw/pdf/2021/Engineering/IR-E-C-27616.pdf,320.0,320.0,319.0,319.0,639,816.0,543.0,1359.0,1201.0,56.0,102.0,592.0,609.0,486.0,0.0,10.0,705.0,412.0,256.0,668.0,655.0,0.0,13.0,78.0,492.0,539.0,0.0,0.0,31.0,1228,799,2027,1856,56,115,670,1101,1025,0,10,736,2019-20,312.0,206.0,500000.0,41.0,285.0,320.0,312.0,195.0,320.0,441667.0,2019-20,162.0,54.0,750000.0,4.0,299.0,319.0,162.7,61.0,313.7,680333.0,474.0,260.0,45.0,639.0,0.5485,0.6435,0.7418,500000.0,276.0,723.0,5.0,23.0,25.7,6955122.0,37908729.0,2228400.0,12970048.0,473922507.0,10240086.0,13248920.0,40727681.0,424825289.0,96.0,110718767.0,558.0,55088967.0,2.0,139.0,16.57,39.4,2.8,5.67,51.1,20093.0,209583.0,,,,,,,,,,,,,,,,,,,,,,,,,,,,,,,,,,,,,,,,,,,,,,,,,,,,,,,,,,,,,,,,,,,,,,,,,,,,,,,,,,,,,,
"C.V. Raman Global University, Odisha",IR-E-C-30045,2021,Engineering,data/raw/pdf/2021/Engineering/IR-E-C-30045.pdf,1080.0,1200.0,203.0,210.0,1283,2816.0,993.0,3809.0,1698.0,2045.0,66.0,2315.0,1159.0,478.0,272.0,335.0,2389.0,225.0,141.0,366.0,73.0,268.0,25.0,185.0,56.0,14.0,48.0,25.0,154.0,3041,1134,4175,1771,2313,91,2500,1215,492,320,360,2543,2019-20,937.0,627.0,380000.0,287.0,879.0,1020.0,922.3,791.7,1020.0,398333.0,2018-19,77.0,58.0,340000.0,19.0,80.0,108.0,45.0,35.5,108.0,342500.0,1014.0,685.0,306.0,1128.0,0.6755,0.9773,0.8989,380000.0,12.0,42.0,0.0,0.0,0.0,3746704.0,25265457.0,23136234.0,178736389.0,248408609.0,372029744.0,10540425.0,209730818.0,648970135.0,10.0,3384740.0,11.0,3194000.0,2.5,396.0,10.57,27.2,55.4,2.18,28.1,50235.0,155442.0,,,,,,,,,,,,,,,,,,,,,,,,,,,,,,,,,,,,,,,,,,,,,,,,,,,,,,,,,,,,,,,,,,,,,,,,,,,,,,,,,,,,,,
"Silicon Institute of Technology (SIT), Bhubaneswar",IR-E-C-30153,2021,Engineering,data/raw/pdf/2021/Engineering/IR-E-C-30153.pdf,540.0,540.0,54.0,54.0,594,1424.0,726.0,2150.0,1118.0,1032.0,0.0,1290.0,560.0,188.0,54.0,242.0,1366.0,1.0,2.0,3.0,2.0,1.0,0.0,2.0,1.0,1.0,1.0,1.0,0.0,1425,728,2153,1120,1033,0,1292,561,189,55,243,1366,2019-20,536.0,401.0,400000.0,41.0,543.0,540.0,500.3,378.7,540.0,358333.0,2019-20,1.0,0.0,0.0,1.0,1.0,54.0,0.3,0.0,54.0,0.0,537.0,401.0,42.0,594.0,0.7467,0.825,0.904,400000.0,0.0,0.0,0.0,0.0,0.0,2645353.0,4044269.0,0.0,14295656.0,158458830.0,62413408.0,2265745.0,23261480.0,209734916.0,3.0,2003333.0,5.0,523333.0,2.5,146.0,14.75,33.8,48.0,0.0,22.6,10804.0,97415.0,,,,,,,,,,,,,,,,,,,,,,,,,,,,,,,,,,,,,,,,,,,,,,,,,,,,,,,,,,,,,,,,,,,,,,,,,,,,,,,,,,,,,,
K. J. Somaiya College of Engineering,IR-E-C-33584,2021,Engineering,data/raw/pdf/2021/Engineering/IR-E-C-33584.pdf,600.0,600.0,108.0,108.0,708,2154.0,625.0,2779.0,2674.0,31.0,74.0,459.0,113.0,37.0,0.0,0.0,535.0,53.0,32.0,85.0,84.0,1.0,0.0,0.0,1.0,1.0,0.0,0.0,0.0,2207,657,2864,2758,32,74,459,114,38,0,0,535,2019-20,745.0,505.0,500000.0,65.0,611.0,600.0,712.3,489.3,600.0,441667.0,2019-20,34.0,9.0,640000.0,0.0,53.0,108.0,43.0,10.7,108.0,648333.0,779.0,514.0,65.0,708.0,0.6598,0.7433,1.1003,500000.0,23.0,0.0,3.0,0.0,1.0,2628706.0,15415021.0,87369.0,2085714.0,350156224.0,168151058.0,235312.0,28340140.0,500082863.0,47.0,5335529.0,8.0,1119461.0,2.0,171.0,16.88,22.9,1.1,2.58,1.3,9895.0,174610.0,,,,,,,,,,,,,,,,,,,,,,,,,,,,,,,,,,,,,,,,,,,,,,,,,,,,,,,,,,,,,,,,,,,,,,,,,,,,,,,,,,,,,,
"Veermata Jijabai Technological Institute, (VJTI, Mumbai)",IR-E-C-33641,2021,Engineering,data/raw/pdf/2021/Engineering/IR-E-C-33641.pdf,540.0,540.0,392.0,392.0,932,1879.0,831.0,2710.0,2329.0,351.0,30.0,581.0,1310.0,1781.0,15.0,95.0,0.0,506.0,179.0,685.0,572.0,113.0,0.0,42.0,309.0,343.0,0.0,8.0,0.0,2385,1010,3395,2901,464,30,623,1619,2124,15,103,0,2019-20,655.0,466.0,701200.0,76.0,584.0,540.0,634.3,497.0,540.0,750067.0,2019-20,328.0,149.0,602000.0,4.0,328.0,392.0,342.3,188.7,398.0,624000.0,983.0,615.0,80.0,932.0,0.6256,0.707,1.0547,701200.0,135.0,101.0,9.0,7.0,20.7,8934273.0,87410963.0,4494272.0,40374131.0,499211438.0,194257798.0,29989961.0,136650817.0,582119143.0,46.0,71925858.0,4444.0,93978383.0,2.5,225.0,15.69,29.7,13.7,0.88,66.0,40251.0,171464.0,,,,,,,,,,,,,,,,,,,,,,,,,,,,,,,,,,,,,,,,,,,,,,,,,,,,,,,,,,,,,,,,,,,,,,,,,,,,,,,,,,,,,,
Bharatiya Vidya Bhavan`s Sardar Patel Institute of Technology,IR-E-C-33773,2021,Engineering,data/raw/pdf/2021/Engineering/IR-E-C-33773.pdf,240.0,240.0,36.0,36.0,276,763.0,322.0,1085.0,1065.0,20.0,0.0,40.0,277.0,288.0,0.0,0.0,29.0,21.0,21.0,42.0,42.0,0.0,0.0,0.0,1.0,1.0,0.0,0.0,0.0,784,343,1127,1107,20,0,40,278,289,0,0,29,2019-20,299.0,229.0,750000.0,37.0,252.0,240.0,293.7,205.0,240.0,640000.0,2018-19,27.0,7.0,622000.0,0.0,27.0,36.0,23.5,5.0,36.0,503500.0,326.0,236.0,37.0,276.0,0.7239,0.8374,1.1812,750000.0,55.0,0.0,1.0,0.0,1.7,1146814.0,1214547.0,1324621.0,9422473.0,143915672.0,28929165.0,124760.0,13521024.0,176253578.0,36.0,244667.0,13.0,545667.0,2.5,67.0,17.64,30.4,1.8,0.0,25.6,11997.0,156392.0,,,,,,,,,,,,,,,,,,,,,,,,,,,,,,,,,,,,,,,,,,,,,,,,,,,,,,,,,,,,,,,,,,,,,,,,,,,,,,,,,,,,,,
Bharati Vidyapeeth Deemed University College of Engineering,IR-E-C-35417,2021,Engineering,data/raw/pdf/2021/Engineering/IR-E-C-35417.pdf,900.0,750.0,144.0,144.0,1044,1983.0,1046.0,3029.0,168.0,2858.0,3.0,1651.0,491.0,499.0,565.0,43.0,1035.0,130.0,152.0,282.0,220.0,55.0,7.0,191.0,49.0,30.0,42.0,3.0,165.0,2113,1198,3311,388,2913,10,1842,540,529,607,46,1200,2019-20,786.0,663.0,350000.0,119.0,749.0,750.0,780.7,655.0,750.0,330000.0,2019-20,111.0,91.0,600000.0,19.0,140.0,144.0,107.7,86.3,144.0,553333.0,897.0,754.0,138.0,894.0,0.8406,0.9944,1.0034,350000.0,158.0,2.0,12.0,0.0,11.0,6533000.0,20771000.0,4660000.0,133241000.0,240240000.0,73312000.0,5211000.0,105226281.0,290863705.0,18.0,5323346.0,23.0,2925667.0,2.5,232.0,14.95,36.2,88.0,0.3,35.7,31781.0,87848.0,,,,,,,,,,,,,,,,,,,,,,,,,,,,,,,,,,,,,,,,,,,,,,,,,,,,,,,,,,,,,,,,,,,,,,,,,,,,,,,,,,,,,,
Lakshmi Narain College of Technology,IR-E-C-36022,2021,Engineering,data/raw/pdf/2021/Engineering/IR-E-C-36022.pdf,1140.0,1140.0,180.0,180.0,1320,3055.0,1140.0,4195.0,2226.0,1969.0,0.0,967.0,1181.0,172.0,452.0,96.0,1428.0,202.0,94.0,296.0,208.0,88.0,0.0,184.0,28.0,79.0,12.0,0.0,121.0,3257,1234,4491,2434,2057,0,1151,1209,251,464,96,1549,2019-20,1097.0,828.0,400000.0,166.0,1121.0,1140.0,1063.3,775.3,1140.0,358333.0,2019-20,96.0,78.0,300000.0,2.0,135.0,180.0,90.0,58.0,168.0,293333.0,1193.0,906.0,168.0,1320.0,0.7594,0.9003,0.9038,400000.0,0.0,0.0,0.0,0.0,0.0,7951302.0,18099558.0,8041945.0,23583752.0,244610146.0,154264467.0,1625000.0,58188660.0,359964053.0,6.0,600000.0,41.0,941807.0,2.5,339.0,13.25,27.5,45.8,0.0,18.1,12957.0,80152.0,,,,,,,,,,,,,,,,,,,,,,,,,,,,,,,,,,,,,,,,,,,,,,,,,,,,,,,,,,,,,,,,,,,,,,,,,,,,,,,,,,,,,,
Shri G. S. Institute of Technology & Science,IR-E-C-36143,2021,Engineering,data/raw/pdf/2021/Engineering/IR-E-C-36143.pdf,720.0,720.0,461.0,395.0,1181,2208.0,879.0,3087.0,2933.0,111.0,43.0,123.0,1409.0,1392.0,12.0,11.0,117.0,225.0,134.0,359.0,324.0,35.0,0.0,20.0,172.0,187.0,1.0,0.0,4.0,2433,1013,3446,3257,146,43,143,1581,1579,13,11,121,2019-20,698.0,418.0,520000.0,207.0,700.0,690.0,683.7,429.3,690.0,522071.0,2019-20,173.0,71.0,400000.0,12.0,206.0,395.0,159.7,94.3,410.3,382667.0,871.0,489.0,219.0,1085.0,0.5614,0.8129,0.8028,520000.0,85.0,27.0,10.0,2.0,4.7,7007656.0,28087971.0,553953.0,38614591.0,461721031.0,32838418.0,21455549.0,77585286.0,453625308.0,62.0,31240331.0,2162.0,15505999.0,2.5,234.0,15.09,29.4,4.2,1.25,46.5,22515.0,131638.0,,,,,,,,,,,,,,,,,,,,,,,,,,,,,,,,,,,,,,,,,,,,,,,,,,,,,,,,,,,,,,,,,,,,,,,,,,,,,,,,,,,,,,
Kumaraguru College of Technology,IR-E-C-36926,2021,Engineering,data/raw/pdf/2021/Engineering/IR-E-C-36926.pdf,1260.0,1260.0,234.0,234.0,1554,3580.0,1513.0,5093.0,4901.0,192.0,0.0,1691.0,3088.0,318.0,33.0,11.0,4417.0,85.0,134.0,219.0,212.0,7.0,0.0,59.0,145.0,9.0,55.0,2.0,138.0,3773,1698,5471,5269,202,0,1815,3316,328,88,13,4702,2019-20,1001.0,791.0,400000.0,99.0,1125.0,1200.0,1117.0,852.0,1200.0,372667.0,2018-19,80.0,36.0,300000.0,7.0,80.0,228.0,94.0,46.0,228.0,300000.0,1140.0,856.0,107.0,1488.0,0.7509,0.8447,0.7661,400000.0,20.0,114.0,0.0,17.0,14.3,516429.0,40156739.0,31515762.0,3894346.0,373086507.0,269788364.0,5969353.0,96653697.0,642953288.0,112.0,12091570.0,1699.0,41331781.0,2.5,388.0,14.15,31.0,3.7,0.0,7.8,17667.0,117520.0,,,,,,,,,,,,,,,,,,,,,,,,,,60.0,60.0,108.0,51.0,159.0,156.0,3.0,0.0,65.0,83.0,1.0,0.0,0.0,147.0,2019-20,59.0,29.0,350000.0,1.0,24.0,60.0,62.7,47.7,60.0,343333.0,,,,,,,,,,,,,,,,,,,,,,,,,,,,,,,,,,,,
Coimbatore Institute of Technology,IR-E-C-36969,2021,Engineering,data/raw/pdf/2021/Engineering/IR-E-C-36969.pdf,720.0,720.0,180.0,162.0,900,2037.0,928.0,2965.0,2896.0,69.0,0.0,91.0,2739.0,1978.0,0.0,29.0,823.0,77.0,66.0,143.0,132.0,11.0,0.0,25.0,27.0,0.0,0.0,0.0,52.0,2114,994,3108,3028,80,0,116,2766,1978,0,29,875,2019-20,488.0,353.0,360000.0,30.0,666.0,700.0,585.3,406.7,700.0,352000.0,2018-19,63.0,6.0,336000.0,6.0,77.0,198.0,76.0,11.5,198.0,336000.0,551.0,359.0,36.0,898.0,0.6515,0.7169,0.6136,360000.0,62.0,107.0,4.0,17.0,26.0,1957521.0,16267443.0,2049514.0,6516801.0,359872556.0,80861054.0,43335765.0,24830093.0,450771458.0,40.0,42701016.0,90.0,9971944.0,2.5,248.0,12.78,32.0,2.6,0.0,64.6,7989.0,145036.0,,,,,,,,,,,,,,,,,,,,,,,,,,,,,,,,,,,,,,,,,,,,,,,,,,,,,,,,,,,,,,,,,,,,,,,,,,,,,,,,,,,,,,
Government College of Technology,IR-E-C-36975,2021,Engineering,data/raw/pdf/2021/Engineering/IR-E-C-36975.pdf,720.0,720.0,198.0,198.0,918,1642.0,1118.0,2760.0,2732.0,28.0,0.0,35.0,2629.0,828.0,0.0,0.0,1836.0,174.0,170.0,344.0,343.0,1.0,0.0,0.0,336.0,0.0,0.0,0.0,336.0,1816,1288,3104,3075,29,0,35,2965,828,0,0,2172,2019-20,482.0,453.0,1150000.0,29.0,585.0,700.0,602.0,452.7,700.0,741667.0,2018-19,154.0,70.0,450000.0,12.0,185.0,198.0,155.5,74.0,198.0,350000.0,636.0,523.0,41.0,898.0,0.8223,0.8868,0.7082,1150000.0,47.0,78.0,6.0,9.0,19.0,669678.0,8957023.0,3163676.0,27384074.0,243607871.0,432952.0,19278798.0,59563805.0,220249407.0,9.0,852868.0,591.0,12340880.0,2.5,202.0,15.6,41.5,0.9,0.0,26.7,19189.0,70957.0,,,,,,,,,,,,,,,,,,,,,,,,,,,,,,,,,,,,,,,,,,,,,,,,,,,,,,,,,,,,,,,,,,,,,,,,,,,,,,,,,,,,,,
Sri Krishna College of Engineering and Technology,IR-E-C-36995,2021,Engineering,data/raw/pdf/2021/Engineering/IR-E-C-36995.pdf,1200.0,1080.0,78.0,78.0,1278,2983.0,1624.0,4607.0,4436.0,154.0,17.0,1606.0,2848.0,667.0,345.0,129.0,3313.0,43.0,81.0,124.0,96.0,28.0,0.0,19.0,74.0,9.0,7.0,21.0,56.0,3026,1705,4731,4532,182,17,1625,2922,676,352,150,3369,2019-20,1141.0,977.0,480000.0,164.0,982.0,1080.0,1163.3,972.7,1080.0,445667.0,2019-20,55.0,52.0,480000.0,3.0,55.0,78.0,44.0,42.3,86.0,447333.0,1196.0,1029.0,167.0,1158.0,0.8604,1.0,1.0328,480000.0,11.0,156.0,4.0,38.0,27.3,9522824.0,42749231.0,13132107.0,199476985.0,369281380.0,492906532.0,18950000.0,237616822.0,712050046.0,108.0,56675103.0,79.0,13402250.0,2.5,353.0,13.43,36.0,3.8,0.36,24.9,50225.0,150507.0,,,,,,,,,,,,,,,,,,,,,,,,,,,,,,,,,,,,,,,,,,,,,,,,,,,,,,,,,,,,,,,,,,,,,,,,,,,,,,,,,,,,,,
PSG College of Technology,IR-E-C-37013,2021,Engineering,data/raw/pdf/2021/Engineering/IR-E-C-37013.pdf,1140.0,1140.0,475.0,482.0,1795,3139.0,1754.0,4893.0,4608.0,285.0,0.0,606.0,4287.0,1154.0,66.0,104.0,3569.0,344.0,294.0,638.0,622.0,16.0,0.0,79.0,559.0,0.0,0.0,0.0,638.0,4287,2172,6459,6131,328,0,760,5699,1352,73,162,4872,2019-20,1017.0,628.0,420000.0,81.0,1101.0,1140.0,1126.7,663.7,1140.0,390000.0,2019-20,286.0,99.0,420000.0,3.0,345.0,482.0,277.3,93.7,482.0,407856.0,1469.0,842.0,88.0,1802.0,0.5732,0.6331,0.8152,420000.0,147.0,259.0,8.0,34.0,54.0,10937000.0,92220000.0,807000.0,71117000.0,532932000.0,436991000.0,13078000.0,226491333.0,973669333.0,126.0,88403021.0,2015.0,7600700.0,2.5,477.0,13.85,33.6,5.1,0.0,24.6,35066.0,150746.0,180.0,180.0,804.0,124.0,928.0,901.0,27.0,0.0,75.0,853.0,198.0,7.0,58.0,665.0,2019-20,166.0,115.0,420000.0,4.0,185.0,180.0,168.5,114.0,180.0,385000.0,,,,,,,,,,,,,,,,,,,,,,,,,,,,,,,,,,,,,,,,,,,,,,,,,,,,,,,,,,,,,
Sona College of Technology,IR-E-C-37028,2021,Engineering,data/raw/pdf/2021/Engineering/IR-E-C-37028.pdf,1110.0,1080.0,216.0,234.0,1326,2543.0,1391.0,3934.0,3805.0,75.0,54.0,836.0,3098.0,954.0,293.0,125.0,2562.0,120.0,78.0,198.0,182.0,7.0,9.0,162.0,36.0,11.0,14.0,6.0,167.0,2663,1469,4132,3987,82,63,998,3134,965,307,131,2729,2019-20,814.0,691.0,300000.0,85.0,854.0,1020.0,902.0,700.0,1000.0,260000.0,2019-20,102.0,90.0,450000.0,0.0,103.0,234.0,110.0,94.0,230.0,400000.0,916.0,781.0,85.0,1254.0,0.8526,0.9454,0.7305,300000.0,47.0,209.0,2.0,24.0,29.0,4777199.0,16584309.0,2769250.0,35508301.0,207216982.0,216571215.0,11645532.0,44518947.0,386583581.0,87.0,12249908.0,852.0,12258448.0,2.5,299.0,13.98,35.6,2.0,1.52,34.0,10774.0,93558.0,,,,,,,,,,,,,,,,,,,,,,,,,,,,,,,,,,,,,,,,,,,,,,,,,,,,,,,,,,,,,,,,,,,,,,,,,,,,,,,,,,,,,,
Sri Krishna College of Technology,IR-E-C-37064,2021,Engineering,data/raw/pdf/2021/Engineering/IR-E-C-37064.pdf,960.0,960.0,108.0,108.0,1068,2598.0,935.0,3533.0,3160.0,373.0,0.0,971.0,2528.0,802.0,253.0,59.0,2385.0,38.0,20.0,58.0,49.0,9.0,0.0,16.0,42.0,8.0,6.0,4.0,40.0,2636,955,3591,3209,382,0,987,2570,810,259,63,2425,2019-20,910.0,864.0,450000.0,46.0,909.0,960.0,920.7,808.7,960.0,403333.0,2019-20,31.0,31.0,450000.0,0.0,32.0,108.0,27.3,25.3,108.0,396667.0,941.0,895.0,46.0,1068.0,0.9511,1.0,0.8811,450000.0,4.0,103.0,1.0,6.0,7.3,9757206.0,47093034.0,9658983.0,43178936.0,291998002.0,326157021.0,29175504.0,88951365.0,525496666.0,60.0,9130528.0,163.0,7635080.0,2.5,314.0,11.45,26.6,10.6,0.0,31.5,24771.0,146337.0,,,,,,,,,,,,,,,,,,,,,,,,,,,,,,,,,,,,,,,,,,,,,,,,,,,,,,,,,,,,,,,,,,,,,,,,,,,,,,,,,,,,,,
Kongu Engineering College,IR-E-C-37065,2021,Engineering,data/raw/pdf/2021/Engineering/IR-E-C-37065.pdf,1680.0,1680.0,309.0,309.0,1989,4829.0,1767.0,6596.0,6552.0,44.0,0.0,215.0,5745.0,345.0,269.0,18.0,5328.0,62.0,114.0,176.0,169.0,7.0,0.0,5.0,154.0,2.0,4.0,0.0,153.0,4891,1881,6772,6721,51,0,220,5899,347,273,18,5481,2019-20,1322.0,1104.0,300000.0,56.0,1572.0,1680.0,1388.3,1061.7,1660.0,297200.0,2019-20,95.0,27.0,400000.0,2.0,102.0,309.0,99.7,54.7,309.0,331667.0,1417.0,1131.0,58.0,1989.0,0.7982,0.8391,0.7124,300000.0,17.0,197.0,1.0,15.0,20.3,11251983.0,16281722.0,7315388.0,6468844.0,439531997.0,398369419.0,3854460.0,43887311.0,813632037.0,108.0,15709384.0,1178.0,3643436.0,2.5,510.0,13.31,27.8,0.8,0.0,9.4,6481.0,120146.0,,,,,,,,,,,,,,,,,,,,,,,,,,,,,,,,,,,,,,,,,,,,,,,,,,,,,,,,,,,,,,,,,,,,,,,,,,,,,,,,,,,,,,
Sri Ramakrishna Engineering College,IR-E-C-37089,2021,Engineering,data/raw/pdf/2021/Engineering/IR-E-C-37089.pdf,1020.0,1020.0,126.0,150.0,1146,2837.0,1294.0,4131.0,4045.0,53.0,33.0,2575.0,1425.0,249.0,4.0,0.0,3747.0,11.0,20.0,31.0,30.0,0.0,1.0,17.0,10.0,3.0,0.0,0.0,24.0,2848,1314,4162,4075,53,34,2592,1435,252,4,0,3771,2019-20,757.0,556.0,420000.0,47.0,989.0,1020.0,894.3,662.3,1020.0,405333.0,2018-19,36.0,10.0,300000.0,2.0,37.0,150.0,37.0,10.0,150.0,300000.0,793.0,566.0,49.0,1170.0,0.7137,0.7755,0.6778,420000.0,14.0,65.0,2.0,12.0,14.0,3876193.0,5710164.0,1177000.0,9449994.0,226927053.0,171153508.0,11160859.0,21362474.0,393839935.0,166.0,11824650.0,77.0,4544759.0,2.5,321.0,13.01,31.6,1.3,0.82,6.2,5133.0,94628.0,,,,,,,,,,,,,,,,,,,,,,,,,,,,,,,,,,,,,,,,,,,,,,,,,,,,,,,,,,,,,,,,,,,,,,,,,,,,,,,,,,,,,,
"College of Engineering, Pune",IR-E-C-41593,2021,Engineering,data/raw/pdf/2021/Engineering/IR-E-C-41593.pdf,570.0,570.0,444.0,444.0,1014,1997.0,925.0,2922.0,2490.0,222.0,210.0,294.0,1500.0,1289.0,138.0,271.0,96.0,585.0,217.0,802.0,669.0,132.0,1.0,29.0,375.0,6.0,1.0,0.0,397.0,2582,1142,3724,3159,354,211,323,1875,1295,139,271,493,2019-20,723.0,529.0,787000.0,174.0,654.0,570.0,726.0,544.7,570.0,737333.0,2019-20,374.0,221.0,534000.0,10.0,425.0,444.0,384.0,231.0,444.0,580333.0,1097.0,750.0,184.0,1014.0,0.6837,0.8514,1.0819,787000.0,61.0,176.0,5.0,7.0,22.0,18015888.0,48478979.0,14970386.0,28351693.0,492123857.0,447672112.0,11758825.0,73637780.0,874586948.0,119.0,52817668.0,1356.0,87055633.0,2.5,259.0,14.61,30.7,9.5,5.67,45.8,19774.0,234851.0,,,,,,,,,,,,,,,,,,,,,,,,,,,,,,,,,,,,,,,,,,,,,,,,,,,,,,,,,,,,,,,,,,,,,,,,,,,,,,,,,,,,,,
Army Institute of Technology,IR-E-C-42054,2021,Engineering,data/raw/pdf/2021/Engineering/IR-E-C-42054.pdf,300.0,300.0,18.0,18.0,318,1137.0,165.0,1302.0,18.0,1284.0,0.0,704.0,299.0,28.0,0.0,21.0,954.0,12.0,0.0,12.0,12.0,0.0,0.0,0.0,3.0,0.0,0.0,0.0,3.0,1149,165,1314,30,1284,0,704,302,28,0,21,957,2019-20,356.0,313.0,650000.0,13.0,360.0,360.0,309.3,273.3,320.0,596667.0,2019-20,1.0,1.0,400000.0,0.0,6.0,18.0,4.0,4.0,18.0,433333.0,357.0,314.0,13.0,378.0,0.8796,0.916,0.9444,650000.0,0.0,0.0,0.0,0.0,0.0,3652909.0,18346812.0,4434195.0,30257939.0,170203143.0,28202676.0,4994589.0,55493641.0,182452914.0,12.0,2019064.0,12.0,169500.0,1.5,83.0,15.83,12.6,97.7,0.0,3.7,42233.0,138853.0,,,,,,,,,,,,,,,,,,,,,,,,,,,,,,,,,,,,,,,,,,,,,,,,,,,,,,,,,,,,,,,,,,,,,,,,,,,,,,,,,,,,,,
Dr. D. Y. Patil Institute of Technology,IR-E-C-42227,2021,Engineering,data/raw/pdf/2021/Engineering/IR-E-C-42227.pdf,960.0,960.0,132.0,132.0,1092,2162.0,1265.0,3427.0,2887.0,530.0,10.0,803.0,1484.0,735.0,1.0,0.0,1551.0,93.0,79.0,172.0,165.0,7.0,0.0,9.0,51.0,43.0,0.0,0.0,17.0,2255,1344,3599,3052,537,10,812,1535,778,1,0,1568,2019-20,718.0,593.0,520000.0,35.0,728.0,720.0,706.7,633.0,720.0,516667.0,2019-20,76.0,59.0,430000.0,0.0,101.0,132.0,75.0,65.0,132.0,420000.0,794.0,652.0,35.0,852.0,0.8212,0.8652,0.9319,520000.0,55.0,0.0,18.0,0.0,9.0,2078815.0,11842218.0,5673850.0,48543825.0,247283013.0,100697266.0,886734.0,40907565.0,315512734.0,66.0,5312315.0,70.0,1014667.0,2.5,236.0,15.48,37.3,14.9,0.28,21.6,11366.0,87667.0,,,,,,,,,,,,,,,,,,,,,,,,,,,,,,,,,,,,,,,,,,,,,,,,,,,,,,,,,,,,,,,,,,,,,,,,,,,,,,,,,,,,,,
National Institute of Foundry and Forge Technology (NIFFT),IR-E-C-43264,2021,Engineering,data/raw/pdf/2021/Engineering/IR-E-C-43264.pdf,120.0,120.0,116.0,116.0,236,354.0,44.0,398.0,92.0,306.0,0.0,8.0,198.0,77.0,37.0,0.0,92.0,132.0,10.0,142.0,33.0,109.0,0.0,0.0,49.0,0.0,0.0,0.0,49.0,486,54,540,125,415,0,8,247,77,37,0,141,2019-20,69.0,59.0,405000.0,8.0,70.0,139.0,99.0,88.0,139.0,443333.0,2018-19,81.0,14.0,370000.0,0.0,91.0,116.0,75.0,28.5,114.0,410000.0,150.0,73.0,8.0,255.0,0.4867,0.54,0.5882,405000.0,13.0,20.0,7.0,0.0,6.3,22358913.0,1618440.0,696864.0,11614848.0,145318235.0,178798059.0,741724.0,24207376.0,289381255.0,15.0,2265668.0,6.0,978744.0,2.5,51.0,10.84,10.0,76.9,0.0,21.1,44828.0,535891.0,,,,,,,,,,,,,,,,,,,,,,,,,,,,,,,,,,,,,,,,,,,,,,,,,,,,,,,,,,,,,,,,,,,,,,,,,,,,,,,,,,,,,,
College of Engineering Trivandrum,IR-E-C-43708,2021,Engineering,data/raw/pdf/2021/Engineering/IR-E-C-43708.pdf,600.0,641.0,414.0,414.0,1014,1878.0,798.0,2676.0,2604.0,72.0,0.0,257.0,1373.0,965.0,99.0,63.0,503.0,348.0,441.0,789.0,782.0,7.0,0.0,107.0,349.0,218.0,126.0,1.0,111.0,2226,1239,3465,3386,79,0,364,1722,1183,225,64,614,2019-20,532.0,440.0,550000.0,49.0,617.0,641.0,530.0,393.7,626.0,453333.0,2019-20,362.0,204.0,500000.0,8.0,404.0,414.0,362.3,199.7,414.0,420000.0,894.0,644.0,57.0,1055.0,0.7204,0.7841,0.8474,550000.0,89.0,54.0,1.0,9.0,13.7,7160023.0,21721891.0,906463.0,12013958.0,573748349.0,57087936.0,1961962.0,45378854.0,606004346.0,85.0,22863673.0,1707.0,29782431.0,2.5,273.0,13.02,35.8,2.3,0.0,42.5,13096.0,174893.0,,,,,,,,,,,,,,,,,,,,,,,,,,,,,,,,,,,,,,,,,,,,,,,,,,,,,,,,,,,,,,,,,,,,,,,,,,,,,,,,,,,,,,
Indian Institute of Food Processing Technology (IIFPT),IR-E-C-45375,2021,Engineering,data/raw/pdf/2021/Engineering/IR-E-C-45375.pdf,75.0,60.0,36.0,40.0,111,131.0,99.0,230.0,177.0,53.0,0.0,14.0,148.0,34.0,17.0,0.0,111.0,24.0,42.0,66.0,20.0,46.0,0.0,10.0,45.0,3.0,11.0,0.0,41.0,155,141,296,197,99,0,24,193,37,28,0,152,2019-20,40.0,21.0,320000.0,19.0,56.0,60.0,38.0,13.3,53.3,257667.0,2018-19,37.0,18.0,332870.0,14.0,38.0,40.0,32.5,15.5,35.0,345700.0,77.0,39.0,33.0,100.0,0.5065,0.9351,0.77,320000.0,51.0,0.0,3.0,0.0,2.0,997761.0,67670932.0,3678000.0,12116931.0,128710785.0,44577100.0,10038325.0,45450208.0,158291403.0,123.0,41505795.0,85.0,6877294.0,2.5,46.0,7.54,47.6,33.4,0.0,22.0,153548.0,534768.0,,,,,,,,,,,,,,,,,,,,,,,,,,,,,,,,,,,,,,,,,,,,,,,,,,,,,,,,,,,,,,,,,,,,,,,,,,,,,,,,,,,,,,
KIET Group of Institutions,IR-E-C-46111,2021,Engineering,data/raw/pdf/2021/Engineering/IR-E-C-46111.pdf,1320.0,1200.0,63.0,72.0,1383,3757.0,885.0,4642.0,4396.0,246.0,0.0,651.0,703.0,1096.0,216.0,0.0,42.0,2.0,6.0,8.0,7.0,1.0,0.0,1.0,1.0,2.0,0.0,0.0,0.0,3759,891,4650,4403,247,0,652,704,1098,216,0,42,2019-20,1019.0,789.0,400000.0,7.0,1042.0,1020.0,1055.7,755.3,1020.0,376667.0,2019-20,2.0,1.0,360000.0,1.0,3.0,72.0,3.3,0.7,72.0,246900.0,1021.0,790.0,8.0,1092.0,0.7738,0.7816,0.935,400000.0,5.0,16.0,1.0,3.0,1.7,7834000.0,32749000.0,1233000.0,29830000.0,333491000.0,159967000.0,1462000.0,66333000.0,453664000.0,23.0,22359756.0,12.0,1711685.0,2.5,316.0,14.73,19.2,5.3,0.0,28.3,14265.0,97562.0,,,,,,,,,,,,,,,,,,,,,,,,,,,,,,,,,,,,,,,,,,,,,,,,,,,,,,,,,,,,,,,,,,,,,,,,,,,,,,,,,,,,,,
G.L.Bajaj Institute of Technology and Management,IR-E-C-46239,2021,Engineering,data/raw/pdf/2021/Engineering/IR-E-C-46239.pdf,1080.0,1020.0,,,1080,3193.0,629.0,3822.0,2843.0,979.0,0.0,750.0,1284.0,750.0,62.0,5.0,1217.0,,,,,,,,,,,,,3193,629,3822,2843,979,0,750,1284,750,62,5,1217,2019-20,985.0,569.0,400000.0,11.0,993.0,1020.0,985.3,579.0,1020.0,356667.0,,,,,,,,,,,,985.0,569.0,11.0,1020.0,0.5777,0.5888,0.9657,400000.0,0.0,0.0,0.0,0.0,0.0,2500714.0,16998759.0,1478152.0,20389877.0,259439247.0,102510465.0,1268596.0,81244808.0,306650738.0,70.0,3197147.0,19.0,10442267.0,2.5,326.0,11.72,16.5,25.6,0.0,21.4,21257.0,80233.0,,,,,,,,,,,,,,,,,,,,,,,,,,,,,,,,,,,,,,,,,,,,,,,,,,,,,,,,,,,,,,,,,,,,,,,,,,,,,,,,,,,,,,
PSG Institute of Technology and Applied Research,IR-E-C-50605,2021,Engineering,data/raw/pdf/2021/Engineering/IR-E-C-50605.pdf,300.0,300.0,,,300,826.0,444.0,1270.0,1212.0,55.0,3.0,285.0,689.0,386.0,59.0,1.0,528.0,,,,,,,,,,,,,826,444,1270,1212,55,3,285,689,386,59,1,528,2019-20,262.0,176.0,550000.0,25.0,272.0,300.0,304.0,224.7,300.0,480000.0,,,,,,,,,,,,262.0,176.0,25.0,300.0,0.6718,0.7672,0.8733,550000.0,0.0,0.0,0.0,0.0,0.0,1545614.0,9017144.0,1011066.0,12813048.0,84331717.0,56083003.0,11974237.0,30559360.0,128095237.0,14.0,2396142.0,72.0,364476.0,2.5,99.0,12.83,35.0,4.3,0.24,35.1,24062.0,100862.0,,,,,,,,,,,,,,,,,,,,,,,,,,,,,,,,,,,,,,,,,,,,,,,,,,,,,,,,,,,,,,,,,,,,,,,,,,,,,,,,,,,,,,
Institute of Engineering & Management,IR-E-C-6192,2021,Engineering,data/raw/pdf/2021/Engineering/IR-E-C-6192.pdf,720.0,720.0,54.0,54.0,774,1893.0,1019.0,2912.0,933.0,1747.0,232.0,675.0,284.0,337.0,582.0,29.0,11.0,59.0,21.0,80.0,77.0,3.0,0.0,35.0,3.0,0.0,32.0,0.0,6.0,1952,1040,2992,1010,1750,232,710,287,337,614,29,17,2019-20,836.0,171.0,360000.0,73.0,720.0,720.0,806.3,354.7,700.0,347000.0,2019-20,13.0,1.0,300000.0,2.0,15.0,54.0,17.3,1.0,54.0,212667.0,849.0,172.0,75.0,774.0,0.2026,0.2909,1.0969,360000.0,0.0,0.0,0.0,0.0,0.0,13324269.0,35384926.0,15384051.0,159031252.0,206889797.0,199850010.0,31299257.0,159392784.0,367579957.0,56.0,1752167.0,50.0,7095627.0,2.5,195.0,15.34,34.8,58.5,7.75,32.8,53273.0,122854.0,,,,,,,,,,,,,,,,,,,,,,,,,,,,,,,,,,,,,,,,,,,,,,,,,,,,,,,,,,,,,,,,,,,,,,,,,,,,,,,,,,,,,,
Netaji Subhas University of Technology (NSUT),IR-E-C-6379,2021,Engineering,data/raw/pdf/2021/Engineering/IR-E-C-6379.pdf,1304.0,942.0,198.0,159.0,1502,3595.0,494.0,4089.0,3320.0,649.0,120.0,68.0,1923.0,0.0,58.0,0.0,1933.0,149.0,71.0,220.0,92.0,126.0,2.0,2.0,51.0,0.0,0.0,0.0,53.0,3744,565,4309,3412,775,122,70,1974,0,58,0,1986,2019-20,838.0,783.0,1200000.0,38.0,920.0,946.0,823.7,600.7,901.7,1133333.0,2019-20,107.0,87.0,900000.0,14.0,107.0,159.0,86.7,48.7,136.0,870000.0,945.0,870.0,52.0,1105.0,0.9206,0.9757,0.8552,1200000.0,204.0,0.0,11.0,0.0,16.3,4928000.0,40410000.0,533422.0,20533050.0,468366000.0,411888330.0,2502670.0,64128730.0,685984333.0,16.0,4951664.0,0.0,0.0,2.5,201.0,22.45,13.1,18.0,2.83,1.3,14883.0,159198.0,,,,,,,,,,,,,,,,,,,,,,,,,,,,,,,,,,,,,,,,,,,,,,,,,,,,,,,,,,,,,,,,,,,,,,,,,,,,,,,,,,,,,,
Pondicherry Engineering College,IR-E-C-6581,2021,Engineering,data/raw/pdf/2021/Engineering/IR-E-C-6581.pdf,720.0,720.0,241.0,241.0,961,1579.0,679.0,2258.0,1932.0,326.0,0.0,42.0,1566.0,0.0,0.0,0.0,1608.0,96.0,106.0,202.0,150.0,52.0,0.0,0.0,141.0,0.0,0.0,0.0,141.0,1675,785,2460,2082,378,0,42,1707,0,0,0,1749,2019-20,400.0,364.0,490000.0,31.0,450.0,480.0,401.0,351.3,460.0,439333.0,2019-20,120.0,98.0,340000.0,21.0,140.0,241.0,129.3,67.3,241.0,360000.0,520.0,462.0,52.0,721.0,0.8885,0.9885,0.7212,490000.0,188.0,216.0,24.0,29.0,58.0,2507585.0,4289562.0,200000.0,2572796.0,484165034.0,874500.0,3691000.0,26417221.0,453805611.0,39.0,58179098.0,123.0,8071928.0,1.5,172.0,15.4,31.9,15.4,0.0,0.0,10739.0,184474.0,,,,,,,,,,,,,,,,,,,,,,,,,,,,,,,,,,,,,,,,,,,,,,,,,,,,,,,,,,,,,,,,,,,,,,,,,,,,,,,,,,,,,,
Manipal Institute of Technology,IR-E-C-7252,2021,Engineering,data/raw/pdf/2021/Engineering/IR-E-C-7252.pdf,1860.0,1860.0,634.0,568.0,2494,6522.0,1640.0,8162.0,1688.0,6324.0,150.0,750.0,76.0,22.0,721.0,5.0,78.0,696.0,330.0,1026.0,653.0,372.0,1.0,35.0,116.0,1.0,31.0,3.0,116.0,7218,1970,9188,2341,6696,151,785,192,23,752,8,194,2019-20,1633.0,718.0,720000.0,197.0,1975.0,1760.0,1634.3,689.0,1760.0,606667.0,2019-20,374.0,164.0,764000.0,12.0,505.0,568.0,390.7,176.0,544.0,650000.0,2007.0,882.0,209.0,2328.0,0.4395,0.5436,0.8621,720000.0,124.0,2.0,19.0,1.0,14.0,38684216.0,74971269.0,2274236.0,95296117.0,975406874.0,543515725.0,1994049.0,152509237.0,1470238469.0,332.0,41207943.0,2814.0,2928504.0,2.5,711.0,13.1,21.4,72.9,1.64,8.5,16599.0,160017.0,,,,,,,,,,,,,,,,,,,,,,,,,,,,,,,,,,,,,,,,,,,,,,,,,,,,,,,,,,,,,,,,,,,,,,,,,,,,,,,,,,,,,,
"Government Engineering College, Thrissur",IR-E-C-8277,2021,Engineering,data/raw/pdf/2021/Engineering/IR-E-C-8277.pdf,580.0,490.0,180.0,180.0,760,1499.0,768.0,2267.0,2233.0,34.0,0.0,469.0,1467.0,1333.0,45.0,44.0,514.0,144.0,223.0,367.0,367.0,0.0,0.0,66.0,229.0,203.0,0.0,0.0,92.0,1643,991,2634,2600,34,0,535,1696,1536,45,44,606,2019-20,434.0,305.0,370000.0,24.0,508.0,490.0,429.0,281.7,490.0,356667.0,2018-19,164.0,54.0,350000.0,3.0,180.0,180.0,168.0,62.5,180.0,350000.0,598.0,359.0,27.0,670.0,0.6003,0.6455,0.8925,370000.0,55.0,56.0,7.0,4.0,6.7,5162823.0,31512698.0,511429.0,12528340.0,382167159.0,39052986.0,2520717.0,32794896.0,406574952.0,27.0,8170459.0,496.0,10868068.0,2.5,217.0,12.39,37.6,1.3,0.0,61.7,12451.0,154356.0,,,,,,,,,,,,,,,,,,,,,,,,,,,,,,,,,,,,,,,,,,,,,,,,,,,,,,,,,,,,,,,,,,,,,,,,,,,,,,,,,,,,,,
Vishwakarma Institute of Technology,IR-E-I-1015,2021,Engineering,data/raw/pdf/2021/Engineering/IR-E-I-1015.pdf,1200.0,1140.0,140.0,147.0,1340,3599.0,1227.0,4826.0,4065.0,588.0,173.0,567.0,1151.0,604.0,10.0,57.0,1047.0,112.0,76.0,188.0,145.0,35.0,8.0,60.0,0.0,0.0,0.0,0.0,60.0,3711,1303,5014,4210,623,181,627,1151,604,10,57,1107,2019-20,895.0,673.0,629000.0,135.0,815.0,740.0,874.7,724.7,740.0,493000.0,2019-20,103.0,68.0,590000.0,4.0,107.0,147.0,94.7,52.3,146.7,445000.0,998.0,741.0,139.0,887.0,0.7425,0.8818,1.1251,629000.0,62.0,0.0,5.0,0.0,5.0,80553003.0,13887178.0,892589.0,6339470.0,397564642.0,132485265.0,4984450.0,80284217.0,506087093.0,59.0,17179818.0,203.0,18359243.0,2.5,279.0,18.19,26.0,12.4,3.61,13.4,16012.0,100935.0,,,,,,,,,,,,,,,,,,,,,,,,,,,,,,,,,,,,,,,,,,,,,,,,,,,,,,,,,,,,,,,,,,,,,,,,,,,,,,,,,,,,,,
International Institute of Information Technology Bhubaneswar,IR-E-I-1033,2021,Engineering,data/raw/pdf/2021/Engineering/IR-E-I-1033.pdf,300.0,300.0,25.0,25.0,325,941.0,295.0,1236.0,654.0,575.0,7.0,8.0,208.0,68.0,0.0,0.0,148.0,8.0,5.0,13.0,2.0,8.0,3.0,0.0,1.0,0.0,0.0,0.0,1.0,949,300,1249,656,583,10,8,209,68,0,0,149,2019-20,283.0,205.0,400000.0,10.0,320.0,300.0,256.0,187.0,276.0,363333.0,2019-20,7.0,2.0,900000.0,1.0,7.0,25.0,14.3,1.7,37.0,410000.0,290.0,207.0,11.0,325.0,0.7138,0.7517,0.8923,400000.0,8.0,3.0,8.0,1.0,4.0,3220241.0,2717141.0,467278.0,13284024.0,67772379.0,31330140.0,186263.0,126421254.0,111111331.0,6.0,979620.0,21.0,10907336.0,2.5,47.0,26.74,24.0,46.7,0.8,5.4,101218.0,88960.0,,,,,,,,,,,,,,,,,,,,,,,,,,,,,,,,,,,,,,,,,,,,,,,,,,,,,,,,,,,,,,,,,,,,,,,,,,,,,,,,,,,,,,
Indian Institute of Technology Delhi,IR-E-I-1074,2021,Engineering,data/raw/pdf/2021/Engineering/IR-E-I-1074.pdf,938.0,798.0,1169.0,1045.0,2230,2957.0,428.0,3385.0,252.0,3132.0,1.0,341.0,1704.0,1538.0,0.0,76.0,431.0,1808.0,369.0,2177.0,67.0,2059.0,51.0,89.0,867.0,339.0,0.0,0.0,617.0,5277,888,6165,342,5771,52,491,2877,2159,0,84,1125,2019-20,650.0,511.0,1550000.0,90.0,751.0,749.0,639.7,479.0,749.0,1475333.0,2019-20,653.0,322.0,1100000.0,190.0,947.0,1045.0,645.7,261.3,1110.7,1100000.0,1391.0,917.0,284.0,1896.0,0.6592,0.8634,0.7336,1550000.0,2349.0,570.0,196.0,89.0,315.7,170086147.0,1827027685.0,4058686.0,745381664.0,3428644542.0,3200750453.0,13001549.0,2646821304.0,5736382701.0,2155.0,3245136473.0,1148.0,343660860.0,2.5,667.0,12.76,14.4,93.6,0.84,36.4,429330.0,930476.0,123.0,109.0,512.0,91.0,603.0,23.0,580.0,0.0,61.0,306.0,282.0,0.0,8.0,77.0,2019-20,88.0,84.0,1810000.0,4.0,112.0,102.0,116.5,96.5,141.0,1655000.0,,,,,,,,,,,,,,,,,,,,,,,,,,,,,,,,,,,,,,,,,,,,,,,,,,,,,,,,,,,,,
Indian Institute of Technology Kanpur,IR-E-I-1075,2021,Engineering,data/raw/pdf/2021/Engineering/IR-E-I-1075.pdf,907.0,910.0,999.0,896.0,1906,3100.0,407.0,3507.0,883.0,2622.0,2.0,398.0,1732.0,548.0,1541.0,0.0,41.0,1510.0,249.0,1759.0,410.0,1341.0,8.0,570.0,704.0,67.0,1104.0,0.0,103.0,4610,656,5266,1293,3963,10,968,2436,615,2645,0,144,2019-20,789.0,463.0,1700000.0,325.0,826.0,827.0,782.7,418.0,827.0,1533333.0,2018-19,704.0,484.0,1258000.0,190.0,830.0,830.0,717.0,466.5,862.5,1166500.0,1493.0,947.0,515.0,1657.0,0.6343,0.9792,0.901,1700000.0,1742.0,26.0,232.0,4.0,208.3,168000000.0,685769251.0,98500000.0,73400000.0,2682258598.0,4205644095.0,51900000.0,935516588.0,6153725010.0,2294.0,2037224278.0,822.0,296547230.0,2.5,481.0,14.57,12.5,75.3,0.19,61.9,177652.0,1168577.0,,,,,,,,,,,,,,,,,,,,,,,,,,,,,,,,,,,,,,,,,,,,,,,,,,,,,,,,,,,,,,,,,,,,,,,,,,,,,,,,,,,,,,
Noida Institute of Engineering & Technology,IR-E-I-1093,2021,Engineering,data/raw/pdf/2021/Engineering/IR-E-I-1093.pdf,1200.0,1260.0,105.0,156.0,1305,3790.0,692.0,4482.0,2910.0,1572.0,0.0,250.0,1340.0,921.0,250.0,0.0,419.0,55.0,38.0,93.0,60.0,33.0,0.0,4.0,4.0,6.0,1.0,0.0,1.0,3845,730,4575,2970,1605,0,254,1344,927,251,0,420,2019-20,1240.0,1053.0,404100.0,78.0,1246.0,1380.0,1272.3,1034.0,1380.0,391700.0,2018-19,3.0,3.0,370000.0,0.0,3.0,66.0,2.5,2.5,66.0,365000.0,1243.0,1056.0,78.0,1446.0,0.8496,0.9123,0.8596,404100.0,0.0,0.0,0.0,0.0,0.0,4721680.0,23822960.0,16779065.0,10461598.0,333748072.0,201350262.0,15494002.0,52236896.0,520880462.0,17.0,11022092.0,32.0,8609121.0,2.5,385.0,11.88,16.0,35.1,0.0,25.7,11418.0,113854.0,,,,,,,,,,,,,,,,,,,,,,,,,,,,,,,,,,,,,,,,,,,,,,,,,,,,,,,,,,,,,,,,,,,,,,,,,,,,,,,,,,,,,,
Rabindranath Tagore University,IR-E-I-1356,2021,Engineering,data/raw/pdf/2021/Engineering/IR-E-I-1356.pdf,330.0,300.0,162.0,162.0,492,890.0,244.0,1134.0,220.0,904.0,10.0,10.0,375.0,375.0,8.0,2.0,0.0,254.0,65.0,319.0,149.0,169.0,1.0,8.0,22.0,22.0,8.0,0.0,0.0,1144,309,1453,369,1073,11,18,397,397,16,2,0,2019-20,275.0,33.0,350000.0,170.0,274.0,300.0,252.0,67.7,300.0,347333.0,2019-20,147.0,68.0,520000.0,45.0,160.0,162.0,148.3,109.3,162.0,531667.0,422.0,101.0,215.0,462.0,0.2393,0.7488,0.9134,350000.0,206.0,0.0,21.0,0.0,25.3,1975205.0,4055654.0,3433259.0,1440845.0,46275900.0,31015395.0,1197000.0,11424337.0,73085433.0,7.0,710000.0,9.0,1920417.0,2.5,104.0,15.95,21.3,73.8,0.76,28.6,7863.0,50300.0,,,,,,,,,,,,,,,,,,,,,,,,,,,,,,,,,,,,,,,,,,,,,,,,,,,,,,,,,,,,,,,,,,,,,,,,,,,,,,,,,,,,,,
Saveetha Institute of Medical and Technical Sciences,IR-E-I-1441,2021,Engineering,data/raw/pdf/2021/Engineering/IR-E-I-1441.pdf,1320.0,1320.0,30.0,30.0,1350,4057.0,944.0,5001.0,1244.0,3756.0,1.0,1493.0,2082.0,101.0,1917.0,202.0,1355.0,38.0,22.0,60.0,50.0,10.0,0.0,2.0,39.0,0.0,4.0,2.0,35.0,4095,966,5061,1294,3766,1,1495,2121,101,1921,204,1390,2019-20,1069.0,233.0,392000.0,51.0,1320.0,1320.0,781.7,260.7,880.0,367333.0,2019-20,29.0,25.0,450000.0,1.0,30.0,30.0,27.7,23.0,30.0,450000.0,1098.0,258.0,52.0,1350.0,0.235,0.2823,0.8133,392000.0,43.0,232.0,1.0,8.0,7.0,7927330.0,34665187.0,36319889.0,82481388.0,294753897.0,290987934.0,4019331.0,145613615.0,491341140.0,5604.0,95230347.0,174.0,16018438.0,2.5,381.0,13.4,19.1,74.4,0.02,44.0,28772.0,97084.0,,,,,,,,,,,,,,,,,,,,,,,,,,,,,,,,,,,,,,,,,,,,,,,,,,,,,,,,,,,,,,,,,,,,,,,,,,,,,,,,,,,,,,
Thapar Institute of Engineering and Technology,IR-E-I-1480,2021,Engineering,data/raw/pdf/2021/Engineering/IR-E-I-1480.pdf,2265.0,1865.0,390.0,390.0,2655,5727.0,1456.0,7183.0,3006.0,4047.0,130.0,98.0,430.0,23.0,337.0,7.0,161.0,176.0,176.0,352.0,125.0,224.0,3.0,102.0,13.0,0.0,115.0,0.0,0.0,5903,1632,7535,3131,4271,133,200,443,23,452,7,161,2019-20,1549.0,1053.0,810000.0,182.0,1438.0,1480.0,1351.0,984.3,1326.7,686667.0,2019-20,161.0,58.0,800000.0,75.0,166.0,390.0,230.0,92.7,390.0,733333.0,1710.0,1111.0,257.0,1870.0,0.6497,0.8,0.9144,810000.0,554.0,177.0,78.0,40.0,89.3,22413000.0,87634850.0,77970000.0,185372000.0,1545586849.0,880926167.0,17814341.0,271792767.0,1899904262.0,189.0,91620923.0,281.0,17696014.0,2.5,523.0,15.47,21.7,56.7,1.77,6.4,36071.0,252144.0,,,,,,,,,,,,,,,,,,,,,,,,,,,,,,,,,,,,,,,,,,,,,,,,,,,,,,,,,,,,,,,,,,,,,,,,,,,,,,,,,,,,,,
SVKM`s Narsee Monjee Institute of Management Studies,IR-E-N-10,2021,Engineering,data/raw/pdf/2021/Engineering/IR-E-N-10.pdf,360.0,400.0,35.0,25.0,395,968.0,560.0,1528.0,1011.0,513.0,4.0,250.0,88.0,0.0,0.0,0.0,338.0,39.0,11.0,50.0,34.0,16.0,0.0,13.0,5.0,0.0,0.0,0.0,18.0,1007,571,1578,1045,529,4,263,93,0,0,0,356,2019-20,384.0,282.0,500000.0,92.0,382.0,420.0,379.3,211.7,420.0,450000.0,2019-20,254.0,210.0,800000.0,30.0,293.0,300.0,127.6,98.2,170.0,714000.0,638.0,492.0,122.0,720.0,0.7712,0.9624,0.8861,500000.0,90.0,0.0,9.0,0.0,6.3,211468.0,520805.0,1252913.0,106762407.0,396093763.0,40859153.0,3046675.0,79895881.0,473331277.0,8.0,925111.0,24.0,1505773.0,2.5,230.0,7.25,36.2,33.5,0.25,0.0,50631.0,299956.0,,,,,,,,,,,,,,,,,,,,,,,,,,,,,,,,,,,,,,,,,,,,,,,,,,,,,,,,,,,,,,,,,,,,,,,,,,,,,,,,,,,,,,
"National Institute of Food Technology, Enterprenurship & Management",IR-E-S-8898,2021,Engineering,data/raw/pdf/2021/Engineering/IR-E-S-8898.pdf,169.0,180.0,80.0,90.0,249,422.0,179.0,601.0,97.0,504.0,0.0,30.0,116.0,3.0,37.0,0.0,106.0,95.0,65.0,160.0,4.0,156.0,0.0,20.0,80.0,1.0,16.0,0.0,83.0,517,244,761,101,660,0,50,196,4,53,0,189,2019-20,134.0,65.0,520000.0,37.0,170.0,180.0,136.3,82.0,180.0,516833.0,2018-19,77.0,72.0,522000.0,5.0,81.0,90.0,79.0,71.5,90.0,512000.0,211.0,137.0,42.0,270.0,0.6493,0.8483,0.7815,520000.0,74.0,8.0,13.0,0.0,6.0,19200000.0,16400000.0,0.0,10200000.0,135800000.0,143709403.0,3600000.0,124838816.0,286063123.0,45.0,25000000.0,11.0,1447291.0,2.5,51.0,16.37,32.1,86.7,0.0,7.5,164046.0,375904.0,,,,,,,,,,,,,,,,,,,,,,,,,,,,,,,,,,,,,,,,,,,,,,,,,,,,,,,,,,,,,,,,,,,,,,,,,,,,,,,,,,,,,,
Indian Institute of Technology Hyderabad,IR-E-U-0013,2021,Engineering,data/raw/pdf/2021/Engineering/IR-E-U-0013.pdf,317.0,285.0,186.0,181.0,555,957.0,186.0,1143.0,463.0,671.0,9.0,90.0,577.0,0.0,401.0,0.0,266.0,257.0,60.0,317.0,53.0,263.0,1.0,0.0,156.0,0.0,50.0,0.0,106.0,1310,266,1576,537,1029,10,90,767,0,457,0,400,2019-20,219.0,144.0,1700000.0,44.0,242.0,240.0,202.0,127.7,226.7,1310000.0,2019-20,148.0,93.0,1570000.0,16.0,181.0,181.0,138.5,82.5,174.5,1285000.0,387.0,252.0,63.0,448.0,0.6512,0.814,0.8638,1700000.0,494.0,123.0,46.0,6.0,39.3,40545561.0,523236444.0,1941362.0,303365777.0,730127788.0,821554262.0,22768931.0,606586236.0,1420879933.0,322.0,481431851.0,314.0,48406671.0,2.5,242.0,8.55,16.9,65.3,0.63,29.0,384890.0,901574.0,,,,,,,,,,,,,,,,,,,,,,,,,,52.0,41.0,96.0,20.0,116.0,21.0,95.0,0.0,0.0,34.0,0.0,6.0,0.0,28.0,2019-20,20.0,15.0,2376000.0,3.0,27.0,27.0,22.7,15.7,27.3,1645333.0,,,,,,,,,,,,,,,,,,,,,,,,,,,,,,,,,,,,
International Institute of Information Technology Hyderabad,IR-E-U-0014,2021,Engineering,data/raw/pdf/2021/Engineering/IR-E-U-0014.pdf,205.0,205.0,170.0,160.0,496,506.0,81.0,587.0,113.0,377.0,97.0,22.0,41.0,9.0,31.0,0.0,23.0,213.0,64.0,277.0,32.0,245.0,0.0,34.0,35.0,0.0,2.0,0.0,67.0,1263,261,1524,263,1139,122,79,108,9,35,0,143,2019-20,114.0,106.0,2100000.0,6.0,136.0,150.0,122.3,108.7,150.0,2115000.0,2019-20,141.0,136.0,1600000.0,5.0,148.0,160.0,119.3,115.0,140.0,1708333.0,322.0,308.0,12.0,485.0,0.9565,0.9938,0.6639,2100000.0,117.0,57.0,11.0,0.0,13.3,9417898.0,56348605.0,235136.0,18303322.0,340693304.0,132805713.0,4023205.0,94660608.0,463491461.0,465.0,31512395.0,48.0,5985735.0,2.5,103.0,15.93,17.1,74.7,8.01,2.9,62113.0,304128.0,121.0,125.0,544.0,116.0,660.0,118.0,517.0,25.0,23.0,32.0,0.0,2.0,0.0,53.0,2019-20,67.0,66.0,2200000.0,1.0,100.0,175.0,61.5,59.5,170.0,2225000.0,,,,,,,,,,,,,,,,,,,,,,,,,,,,,,,,,,,,,,,,,,,,,,,,,,,,,,,,,,,,,
Jawaharlal Nehru Technological University,IR-E-U-0017,2021,Engineering,data/raw/pdf/2021/Engineering/IR-E-U-0017.pdf,1244.0,1244.0,768.0,772.0,2012,2622.0,2024.0,4646.0,4317.0,179.0,150.0,475.0,3411.0,2850.0,0.0,12.0,1024.0,709.0,669.0,1378.0,1296.0,42.0,40.0,261.0,883.0,926.0,0.0,0.0,218.0,3331,2693,6024,5613,221,190,736,4294,3776,0,12,1242,2019-20,1030.0,444.0,365000.0,209.0,1206.0,1244.0,1081.0,399.3,1244.0,358667.0,2018-19,406.0,132.0,505000.0,11.0,543.0,688.0,470.0,184.5,733.0,582500.0,1436.0,576.0,220.0,1932.0,0.4011,0.5543,0.7433,365000.0,128.0,2120.0,20.0,303.0,320.0,21546155.0,138608230.0,13067796.0,496006014.0,1205956341.0,1032114626.0,17896463.0,1199587356.0,2101444401.0,160.0,257131220.0,236.0,174422514.0,2.5,447.0,13.76,44.7,3.7,3.15,62.9,199135.0,348845.0,,,,,,,,,,,,,,,,,,,,,,,,,,,,,,,,,,,,,,,,,,,,,,,,,,,,,,,,,,,,,,,,,,,,,,,,,,,,,,,,,,,,,,
Koneru Lakshmaiah Education Foundation University (K L College of Engineering),IR-E-U-0020,2021,Engineering,data/raw/pdf/2021/Engineering/IR-E-U-0020.pdf,3480.0,3180.0,540.0,372.0,4020,9025.0,4471.0,13496.0,8250.0,4943.0,303.0,214.0,675.0,0.0,214.0,0.0,675.0,452.0,303.0,755.0,449.0,290.0,16.0,79.0,88.0,0.0,79.0,0.0,88.0,9477,4774,14251,8699,5233,319,293,763,0,293,0,763,2019-20,3123.0,1565.0,435000.0,310.0,3740.0,3740.0,2582.0,1059.3,3086.7,361667.0,2019-20,316.0,106.0,450000.0,58.0,354.0,372.0,234.0,100.3,284.7,420000.0,3439.0,1671.0,368.0,4112.0,0.4859,0.5929,0.8363,435000.0,176.0,719.0,34.0,78.0,74.7,38775711.0,74610702.0,6695514.0,68132918.0,1030799599.0,570659639.0,14786328.0,218708820.0,1505447761.0,489.0,57638056.0,662.0,13973089.0,2.5,1028.0,14.03,33.5,36.7,2.24,2.1,15347.0,105638.0,,,,,,,,,,,,,,,,,,,,,,,,,,,,,,,,,,,,,,,,,,,,,,,,,,,,,,,,,,,,,,,,,,,,,,,,,,,,,,,,,,,,,,
National Institute of Technology Warangal,IR-E-U-0025,2021,Engineering,data/raw/pdf/2021/Engineering/IR-E-U-0025.pdf,1004.0,817.0,688.0,550.0,1692,2943.0,851.0,3794.0,1662.0,1662.0,470.0,841.0,1701.0,1486.0,212.0,3.0,841.0,894.0,207.0,1101.0,273.0,805.0,23.0,0.0,512.0,217.0,0.0,0.0,295.0,3837,1058,4895,1935,2467,493,841,2213,1703,212,3,1136,2019-20,720.0,572.0,900000.0,69.0,759.0,800.0,711.7,586.3,780.0,879442.0,2019-20,416.0,143.0,809000.0,46.0,471.0,550.0,418.5,187.0,550.0,776958.0,1136.0,715.0,115.0,1350.0,0.6294,0.7306,0.8415,900000.0,500.0,121.0,81.0,10.0,78.7,30064968.0,77976716.0,14597817.0,43958501.0,946478108.0,895653791.0,20664192.0,97756293.0,1645855299.0,265.0,242537396.0,500.0,22859525.0,2.5,403.0,13.39,21.6,50.4,10.07,39.2,19971.0,336232.0,,,,,,,,,,,,,,,,,,,,,,,,,,,,,,,,,,,,,,,,,,,,,,,,,,,,,,,,,,,,,,,,,,,,,,,,,,,,,,,,,,,,,,
Sri Venkateswara University,IR-E-U-0037,2021,Engineering,data/raw/pdf/2021/Engineering/IR-E-U-0037.pdf,534.0,498.0,216.0,216.0,750,999.0,659.0,1658.0,1636.0,13.0,9.0,531.0,1127.0,996.0,0.0,25.0,637.0,194.0,135.0,329.0,324.0,5.0,0.0,80.0,224.0,68.0,0.0,0.0,236.0,1193,794,1987,1960,18,9,611,1351,1064,0,25,873,2019-20,355.0,105.0,350000.0,61.0,302.0,398.0,292.3,95.3,394.0,341667.0,2018-19,162.0,96.0,450000.0,5.0,185.0,216.0,151.0,52.0,216.0,425000.0,517.0,201.0,66.0,614.0,0.3888,0.5164,0.842,350000.0,161.0,152.0,11.0,12.0,29.3,244946.0,7928424.0,2058268.0,13262341.0,184988646.0,2319396.0,4537290.0,120103478.0,209529147.0,6.0,30796333.0,1741.0,7190472.0,2.0,100.0,21.48,40.0,0.9,0.45,54.8,60445.0,105450.0,,,,,,,,,,,,,,,,,,,,,,,,,,,,,,,,,,,,,,,,,,,,,,,,,,,,,,,,,,,,,,,,,,,,,,,,,,,,,,,,,,,,,,
"Vignan's Foundation for Science, Technology and Research",IR-E-U-0043,2021,Engineering,data/raw/pdf/2021/Engineering/IR-E-U-0043.pdf,2040.0,2040.0,198.0,198.0,2238,3379.0,2873.0,6252.0,4601.0,1609.0,42.0,2740.0,2014.0,137.0,1302.0,350.0,2965.0,172.0,151.0,323.0,276.0,44.0,3.0,78.0,117.0,6.0,59.0,15.0,115.0,3551,3024,6575,4877,1653,45,2818,2131,143,1361,365,3080,2019-20,1434.0,689.0,470000.0,131.0,1532.0,1590.0,1148.0,658.7,1300.0,427000.0,2018-19,88.0,84.0,440000.0,4.0,120.0,144.0,86.5,82.0,135.0,430000.0,1522.0,773.0,135.0,1734.0,0.5079,0.5966,0.8777,470000.0,144.0,439.0,1.0,12.0,14.7,8862706.0,25515171.0,5813942.0,43570198.0,356971327.0,143295644.0,4517112.0,117200632.0,491330014.0,241.0,14593600.0,250.0,10289100.0,2.5,490.0,13.71,46.0,25.1,0.68,28.4,17825.0,74727.0,,,,,,,,,,,,,,,,,,,,,,,,,,,,,,,,,,,,,,,,,,,,,,,,,,,,,,,,,,,,,,,,,,,,,,,,,,,,,,,,,,,,,,
North Eastern Regional Institute of Science & Technology,IR-E-U-0046,2021,Engineering,data/raw/pdf/2021/Engineering/IR-E-U-0046.pdf,387.0,352.0,220.0,180.0,607,665.0,232.0,897.0,188.0,709.0,0.0,235.0,582.0,518.0,0.0,10.0,289.0,133.0,86.0,219.0,102.0,117.0,0.0,28.0,143.0,131.0,0.0,8.0,32.0,798,318,1116,290,826,0,263,725,649,0,18,321,2019-20,158.0,52.0,360000.0,51.0,167.0,352.0,180.0,75.7,352.0,395000.0,2019-20,74.0,22.0,380000.0,24.0,97.0,180.0,69.7,30.7,180.0,418333.0,232.0,74.0,75.0,532.0,0.319,0.6422,0.4361,360000.0,97.0,62.0,6.0,5.0,10.7,4824540.0,36518680.0,1448852.0,50916360.0,592104740.0,117654210.0,4481448.0,71816794.0,687973982.0,38.0,30699970.0,88.0,2107081.0,1.5,121.0,10.02,28.5,74.0,0.0,59.8,64352.0,616464.0,,,,,,,,,,,,,,,,,,,,,,,,,,,,,,,,,,,,,,,,,,,,,,,,,,,,,,,,,,,,,,,,,,,,,,,,,,,,,,,,,,,,,,
Indian Institute of Technology Guwahati,IR-E-U-0053,2021,Engineering,data/raw/pdf/2021/Engineering/IR-E-U-0053.pdf,851.0,747.0,789.0,633.0,1640,2560.0,366.0,2926.0,97.0,2829.0,0.0,617.0,1487.0,0.0,915.0,0.0,1189.0,1079.0,252.0,1331.0,139.0,1182.0,10.0,0.0,645.0,0.0,259.0,0.0,386.0,3639,618,4257,236,4011,10,617,2132,0,1174,0,1575,2019-20,606.0,491.0,1800000.0,51.0,651.0,660.0,596.3,466.0,660.0,1543333.0,2019-20,540.0,196.0,1300000.0,121.0,581.0,633.0,522.3,178.3,633.0,1000000.0,1146.0,687.0,172.0,1293.0,0.5995,0.7496,0.8863,1800000.0,1838.0,164.0,226.0,49.0,238.0,100985148.0,237403068.0,0.0,113690263.0,1452526306.0,1675932022.0,13465227.0,430048539.0,2791474129.0,1019.0,824933333.0,413.0,91066667.0,2.5,402.0,15.16,14.5,94.2,0.23,27.6,101022.0,655737.0,,,,,,,,,,,,,,,,,,,,,,,,,,,,,,,,,,,,,,,,,,,,,,,,,,,,,,,,,,,,,,,,,,,,,,,,,,,,,,,,,,,,,,
National Institute of Technology Silchar,IR-E-U-0055,2021,Engineering,data/raw/pdf/2021/Engineering/IR-E-U-0055.pdf,825.0,660.0,308.0,270.0,1133,2323.0,375.0,2698.0,1342.0,1317.0,39.0,317.0,1355.0,0.0,952.0,0.0,720.0,337.0,67.0,404.0,90.0,311.0,3.0,2.0,135.0,0.0,78.0,0.0,59.0,2660,442,3102,1432,1628,42,319,1490,0,1030,0,779,2019-20,548.0,407.0,660000.0,13.0,590.0,632.0,532.3,391.7,632.0,623333.0,2018-19,185.0,25.0,525000.0,75.0,222.0,250.0,176.0,17.0,250.0,522000.0,733.0,432.0,88.0,882.0,0.5894,0.7094,0.8311,660000.0,495.0,134.0,37.0,11.0,53.7,47342901.0,62812526.0,45377482.0,78650849.0,635525433.0,326611202.0,27244695.0,157664494.0,775858082.0,69.0,32347959.0,554.0,4978158.0,2.5,200.0,17.98,14.2,52.5,1.35,33.2,50827.0,250115.0,,,,,,,,,,,,,,,,,,,,,,,,,,,,,,,,,,,,,,,,,,,,,,,,,,,,,,,,,,,,,,,,,,,,,,,,,,,,,,,,,,,,,,
Tezpur University,IR-E-U-0056,2021,Engineering,data/raw/pdf/2021/Engineering/IR-E-U-0056.pdf,361.0,315.0,170.0,144.0,576,1022.0,232.0,1254.0,908.0,342.0,4.0,185.0,588.0,160.0,5.0,4.0,604.0,291.0,132.0,423.0,329.0,92.0,2.0,149.0,192.0,74.0,6.0,1.0,260.0,1419,393,1812,1335,471,6,375,805,269,14,7,890,2019-20,243.0,65.0,360000.0,20.0,280.0,266.0,225.3,64.7,266.0,346667.0,2019-20,120.0,15.0,401000.0,18.0,125.0,144.0,117.0,20.0,139.5,404500.0,404.0,105.0,41.0,455.0,0.2599,0.3614,0.8879,360000.0,139.0,41.0,7.0,13.0,17.0,5378394.0,5032551.0,0.0,4730209.0,152233486.0,112400455.0,1758410.0,16884877.0,272437740.0,99.0,56443385.0,5.0,1206419.0,2.5,94.0,20.76,21.7,26.0,0.33,16.0,9318.0,150352.0,,,,,,,,,,,,,,,,,,,,,,,,,,45.0,45.0,106.0,29.0,135.0,98.0,37.0,0.0,41.0,25.0,35.0,3.0,2.0,26.0,2019-20,41.0,25.0,300000.0,3.0,42.0,45.0,36.0,18.3,45.0,256000.0,,,,,,,,,,,,,,,,,,,,,,,,,,,,,,,,,,,,
Indian Institute of Technology Patna,IR-E-U-0064,2021,Engineering,data/raw/pdf/2021/Engineering/IR-E-U-0064.pdf,361.0,250.0,172.0,185.0,533,881.0,111.0,992.0,226.0,766.0,0.0,149.0,478.0,0.0,487.0,0.0,140.0,173.0,29.0,202.0,101.0,101.0,0.0,47.0,96.0,0.0,37.0,0.0,106.0,1054,140,1194,327,867,0,196,574,0,524,0,246,2019-20,191.0,118.0,1400000.0,8.0,193.0,200.0,182.7,119.0,200.0,1133333.0,2019-20,93.0,43.0,950000.0,9.0,108.0,185.0,77.7,33.3,176.7,873333.0,284.0,161.0,17.0,385.0,0.5669,0.6268,0.7377,1400000.0,432.0,52.0,49.0,5.0,36.3,71081714.0,119488429.0,3229775.0,26669148.0,390080646.0,384470348.0,12207631.0,366308892.0,754879938.0,176.0,97705709.0,88.0,16520314.0,2.5,127.0,12.8,11.7,72.6,0.0,43.9,306791.0,632228.0,,,,,,,,,,,,,,,,,,,,,,,,,,,,,,,,,,,,,,,,,,,,,,,,,,,,,,,,,,,,,,,,,,,,,,,,,,,,,,,,,,,,,,
National Institute of Technology Patna,IR-E-U-0072,2021,Engineering,data/raw/pdf/2021/Engineering/IR-E-U-0072.pdf,646.0,550.0,351.0,288.0,997,1861.0,310.0,2171.0,1132.0,1034.0,5.0,537.0,1228.0,502.0,1242.0,7.0,14.0,367.0,73.0,440.0,316.0,124.0,0.0,0.0,263.0,0.0,0.0,0.0,263.0,2228,383,2611,1448,1158,5,537,1491,502,1242,7,277,2019-20,438.0,423.0,650000.0,10.0,514.0,554.0,455.0,398.0,554.0,616667.0,2019-20,196.0,26.0,360000.0,58.0,244.0,288.0,183.7,16.7,327.7,360000.0,634.0,449.0,68.0,842.0,0.7082,0.8155,0.753,650000.0,274.0,374.0,26.0,6.0,24.0,23700598.0,51624936.0,299990.0,12218825.0,508923543.0,335786988.0,13305378.0,115730222.0,708011743.0,184.0,81399788.0,2886.0,54285607.0,2.5,162.0,17.81,14.7,44.4,0.19,67.1,44324.0,271165.0,,,,,,,,,,,,,,,,,,,,,,,,,,,,,,,,,,,,,,,,,,,,,,,,,,,,,,,,,,,,,,,,,,,,,,,,,,,,,,,,,,,,,,
Panjab University,IR-E-U-0078,2021,Engineering,data/raw/pdf/2021/Engineering/IR-E-U-0078.pdf,905.0,851.0,449.0,367.0,1409,2123.0,704.0,2827.0,795.0,2023.0,9.0,98.0,634.0,51.0,104.0,0.0,577.0,159.0,129.0,288.0,53.0,235.0,0.0,0.0,56.0,3.0,0.0,0.0,53.0,2378,898,3276,890,2377,9,111,715,54,114,0,658,2019-20,650.0,297.0,480000.0,55.0,761.0,836.0,629.7,346.0,813.7,560000.0,2019-20,110.0,13.0,500000.0,28.0,170.0,367.0,99.3,15.3,337.7,366333.0,773.0,323.0,83.0,1253.0,0.4179,0.5252,0.6169,480000.0,185.0,0.0,18.0,0.0,18.3,1351599.0,78908348.0,1722716.0,3006927.0,360708320.0,6905332.0,3463309.0,51945699.0,338439924.0,78.0,129505192.0,52.0,13975993.0,1.0,199.0,17.39,27.4,72.6,0.27,5.1,15856.0,103309.0,55.0,55.0,96.0,65.0,161.0,42.0,119.0,0.0,13.0,25.0,0.0,10.0,0.0,28.0,2018-19,13.0,13.0,595000.0,0.0,34.0,50.0,19.5,14.5,49.0,522500.0,,,,,,,,,,,,,,,,,,,,,,,,,,,,,,,,,,,,,,,,,,,,,,,,,,,,,,,,,,,,,
"Punjab Engineering College (Deemed to be University), Chandigarh",IR-E-U-0080,2021,Engineering,data/raw/pdf/2021/Engineering/IR-E-U-0080.pdf,730.0,697.0,269.0,287.0,999,2186.0,478.0,2664.0,1271.0,1291.0,102.0,174.0,442.0,74.0,259.0,0.0,283.0,309.0,100.0,409.0,31.0,378.0,0.0,147.0,67.0,0.0,0.0,0.0,214.0,2495,578,3073,1302,1669,102,321,509,74,259,0,497,2019-20,640.0,533.0,871000.0,46.0,679.0,706.0,546.0,439.3,604.0,740333.0,2018-19,190.0,116.0,625000.0,27.0,215.0,287.0,191.0,106.5,287.0,557500.0,830.0,649.0,73.0,993.0,0.7819,0.8699,0.8359,871000.0,165.0,84.0,14.0,7.0,30.7,29336000.0,160966331.0,611000.0,80070234.0,611197986.0,325596393.0,8187255.0,223392606.0,772713365.0,103.0,40264000.0,787.0,27210228.0,2.5,192.0,16.86,18.8,54.3,3.32,10.8,72695.0,251452.0,,,,,,,,,,,,,,,,,,,,,,,,,,,,,,,,,,,,,,,,,,,,,,,,,,,,,,,,,,,,,,,,,,,,,,,,,,,,,,,,,,,,,,
National Institute of Technology Raipur,IR-E-U-0092,2021,Engineering,data/raw/pdf/2021/Engineering/IR-E-U-0092.pdf,1015.0,913.0,185.0,168.0,1217,2735.0,649.0,3384.0,1719.0,1653.0,12.0,517.0,1858.0,295.0,1774.0,66.0,240.0,162.0,73.0,235.0,105.0,130.0,0.0,15.0,132.0,0.0,0.0,0.0,147.0,2919,742,3661,1827,1822,12,536,2012,295,1774,66,413,2019-20,754.0,464.0,810000.0,129.0,794.0,893.0,756.0,457.3,893.0,710000.0,2019-20,99.0,14.0,615000.0,23.0,121.0,168.0,93.0,10.5,158.0,607500.0,864.0,478.0,160.0,1076.0,0.5532,0.7384,0.803,810000.0,325.0,198.0,28.0,14.0,48.0,37946981.0,43714242.0,1822579.0,46716884.0,484061400.0,342790784.0,6581394.0,161017264.0,775433289.0,274.0,27535486.0,553.0,22302183.0,2.5,250.0,15.94,20.3,49.8,0.33,58.3,43982.0,211809.0,,,,,,,,,,,,,,,,,,,,,,,,,,17.0,15.0,22.0,20.0,42.0,3.0,39.0,0.0,4.0,22.0,0.0,0.0,0.0,26.0,2019-20,11.0,0.0,0.0,8.0,13.0,15.0,13.3,3.0,15.0,140000.0,,,,,,,,,,,,,,,,,,,,,,,,,,,,,,,,,,,,
Delhi Technological University,IR-E-U-0098,2021,Engineering,data/raw/pdf/2021/Engineering/IR-E-U-0098.pdf,2360.0,2210.0,418.0,418.0,2778,6897.0,1358.0,8255.0,2650.0,5062.0,543.0,108.0,3732.0,833.0,495.0,47.0,2465.0,445.0,169.0,614.0,45.0,539.0,30.0,20.0,108.0,102.0,25.0,1.0,0.0,7342,1527,8869,2695,5601,573,128,3840,935,520,48,2465,2019-20,1726.0,1528.0,1100000.0,198.0,1792.0,1862.0,1566.0,1372.3,1723.7,900000.0,2019-20,250.0,201.0,1000000.0,49.0,292.0,418.0,250.7,199.0,425.3,1000000.0,1976.0,1729.0,247.0,2280.0,0.875,1.0,0.8667,1100000.0,526.0,547.0,30.0,43.0,65.0,21272099.0,160855177.0,67704798.0,33221392.0,1281351762.0,683685267.0,207965443.0,323518457.0,1613238110.0,1005.0,66486508.0,87.0,166017813.0,2.5,730.0,12.87,17.2,63.2,6.46,16.9,36477.0,181896.0,,,,,,,,,,,,,,,,,,,,,,,,,,,,,,,,,,,,,,,,,,,,,,,,,,,,,,,,,,,,,,,,,,,,,,,,,,,,,,,,,,,,,,
Guru Gobind Singh Indraprastha University,IR-E-U-0099,2021,Engineering,data/raw/pdf/2021/Engineering/IR-E-U-0099.pdf,180.0,180.0,79.0,79.0,319,656.0,99.0,755.0,568.0,114.0,73.0,56.0,178.0,29.0,0.0,0.0,205.0,37.0,51.0,88.0,72.0,16.0,0.0,0.0,22.0,0.0,0.0,0.0,22.0,804,192,996,768,154,74,63,230,29,1,0,263,2019-20,157.0,73.0,600000.0,12.0,213.0,180.0,170.0,87.0,180.0,558333.0,2019-20,44.0,14.0,370000.0,4.0,44.0,79.0,50.0,11.5,79.0,360000.0,243.0,121.0,24.0,319.0,0.4979,0.5967,0.7618,600000.0,33.0,114.0,4.0,6.0,7.0,13183631.0,1128000.0,0.0,287917.0,92514843.0,4872148.0,2420188.0,11337209.0,102455355.0,2.0,640000.0,0.0,0.0,2.0,41.0,25.1,19.3,15.5,7.43,3.0,11383.0,102867.0,,,,,,,,,,,,,,,,,,,,,,,,,,60.0,60.0,111.0,42.0,153.0,128.0,24.0,1.0,7.0,30.0,0.0,1.0,0.0,36.0,2019-20,42.0,34.0,400000.0,8.0,53.0,60.0,43.7,27.7,60.0,433333.0,,,,,,,,,,,,,,,,,,,,,,,,,,,,,,,,,,,,
"Indraprastha Institute of Information Technology, Delhi",IR-E-U-0105,2021,Engineering,data/raw/pdf/2021/Engineering/IR-E-U-0105.pdf,495.0,426.0,229.0,229.0,724,1260.0,265.0,1525.0,1085.0,350.0,90.0,167.0,508.0,35.0,15.0,0.0,625.0,241.0,171.0,412.0,107.0,305.0,0.0,16.0,42.0,0.0,3.0,0.0,55.0,1501,436,1937,1192,655,90,183,550,35,18,0,680,2019-20,223.0,191.0,1500000.0,14.0,278.0,280.0,174.0,147.7,218.0,1333333.0,2019-20,206.0,195.0,1400000.0,6.0,224.0,229.0,141.7,133.0,191.0,1300000.0,429.0,386.0,20.0,509.0,0.8998,0.9464,0.8428,1500000.0,185.0,0.0,9.0,0.0,12.0,17423292.0,23233010.0,42214524.0,60101773.0,305550243.0,341010450.0,40371073.0,441479639.0,734976812.0,185.0,67055359.0,48.0,7319383.0,2.0,106.0,20.02,22.5,33.8,4.65,2.7,227919.0,379441.0,,,,,,,,,,,,,,,,,,,,,,,,,,,,,,,,,,,,,,,,,,,,,,,,,,,,,,,,,,,,,,,,,,,,,,,,,,,,,,,,,,,,,,
Jamia Millia Islamia,IR-E-U-0108,2021,Engineering,data/raw/pdf/2021/Engineering/IR-E-U-0108.pdf,350.0,350.0,158.0,125.0,508,1374.0,212.0,1586.0,523.0,1034.0,29.0,1284.0,187.0,885.0,160.0,224.0,202.0,226.0,82.0,308.0,113.0,180.0,15.0,243.0,32.0,127.0,92.0,48.0,8.0,1600,294,1894,636,1214,44,1527,219,1012,252,272,210,2019-20,347.0,244.0,660000.0,88.0,350.0,350.0,338.3,252.3,350.0,718333.0,2019-20,125.0,73.0,600000.0,35.0,125.0,125.0,111.7,73.7,118.7,637500.0,472.0,317.0,123.0,475.0,0.6716,0.9322,0.9937,660000.0,317.0,0.0,37.0,0.0,39.3,1688878.0,11384319.0,0.0,3000000.0,387588405.0,55482431.0,2948388.0,12436377.0,397219912.0,71.0,69523291.0,539.0,38633780.0,2.5,128.0,17.27,15.5,64.1,2.32,81.1,6566.0,209725.0,,,,,,,,,,,,,,,,,,,,,,,,,,,,,,,,,,,,,,,,,,,,,,,,,,,,,,,,,,,,,,,,,,,,,,,,,,,,,,,,,,,,,,
Dhirubhai Ambani Institute of Information and Communication Technology,IR-E-U-0130,2021,Engineering,data/raw/pdf/2021/Engineering/IR-E-U-0130.pdf,360.0,360.0,227.0,227.0,587,1119.0,195.0,1314.0,1082.0,183.0,49.0,285.0,413.0,427.0,79.0,0.0,192.0,252.0,156.0,408.0,299.0,109.0,0.0,158.0,21.0,1.0,148.0,0.0,30.0,1371,351,1722,1381,292,49,443,434,428,227,0,222,2019-20,286.0,215.0,1400000.0,71.0,316.0,300.0,279.3,218.3,300.0,1116667.0,2019-20,194.0,146.0,700000.0,48.0,212.0,227.0,176.7,143.7,230.7,616667.0,480.0,361.0,119.0,527.0,0.7521,1.0,0.9108,1400000.0,50.0,7.0,5.0,1.0,8.3,1795962.0,5768649.0,0.0,17099153.0,166304150.0,154539743.0,134998.0,32442055.0,299738759.0,37.0,8806987.0,7.0,2541080.0,2.5,105.0,16.88,20.4,17.0,2.85,38.0,18840.0,174064.0,,,,,,,,,,,,,,,,,,,,,,,,,,,,,,,,,,,,,,,,,,,,,,,,,,,,,,,,,,,,,,,,,,,,,,,,,,,,,,,,,,,,,,
Indian Institute of Technology Gandhinagar,IR-E-U-0139,2021,Engineering,data/raw/pdf/2021/Engineering/IR-E-U-0139.pdf,193.0,194.0,160.0,190.0,353,660.0,97.0,757.0,135.0,622.0,0.0,87.0,386.0,187.0,57.0,5.0,224.0,235.0,71.0,306.0,38.0,262.0,6.0,41.0,103.0,19.0,0.0,0.0,125.0,895,168,1063,173,884,6,128,489,206,57,5,349,2019-20,156.0,82.0,896500.0,37.0,178.0,180.0,126.0,66.3,160.0,773833.0,2019-20,97.0,48.0,840000.0,27.0,141.0,190.0,93.3,56.0,177.3,731667.0,253.0,130.0,64.0,370.0,0.5138,0.7668,0.6838,896500.0,436.0,4.0,50.0,1.0,26.3,39793217.0,315683901.0,3541403.0,13585881.0,537036331.0,643947920.0,7209353.0,326958652.0,1047728234.0,582.0,315396120.0,179.0,45453142.0,2.5,103.0,14.55,15.8,83.2,0.56,25.2,307581.0,985633.0,,,,,,,,,,,,,,,,,,,,,,,,,,,,,,,,,,,,,,,,,,,,,,,,,,,,,,,,,,,,,,,,,,,,,,,,,,,,,,,,,,,,,,
Maharaja Sayajirao University of Baroda,IR-E-U-0143,2021,Engineering,data/raw/pdf/2021/Engineering/IR-E-U-0143.pdf,700.0,700.0,415.0,415.0,1155,2212.0,582.0,2794.0,2759.0,35.0,0.0,572.0,1382.0,1310.0,550.0,0.0,94.0,788.0,395.0,1183.0,1137.0,46.0,0.0,100.0,482.0,112.0,0.0,0.0,470.0,3061,1099,4160,4069,91,0,690,1941,1448,575,0,608,2019-20,621.0,450.0,310000.0,140.0,700.0,700.0,585.7,440.0,700.0,313333.0,2019-20,392.0,165.0,320000.0,142.0,415.0,415.0,386.7,161.3,415.0,340000.0,1047.0,637.0,288.0,1155.0,0.6084,0.8835,0.9065,310000.0,191.0,0.0,21.0,0.0,15.7,1933972.0,18200000.0,5000000.0,8210000.0,368670698.0,78428122.0,95000.0,33445958.0,430400611.0,23.0,76695715.0,134.0,13856206.0,2.5,250.0,17.4,26.4,2.2,0.0,48.6,8040.0,103462.0,40.0,40.0,61.0,122.0,183.0,173.0,10.0,0.0,18.0,77.0,26.0,25.0,0.0,44.0,2019-20,34.0,22.0,260000.0,6.0,40.0,40.0,29.0,17.0,40.0,260000.0,,,,,,,,,,,,,,,,,,,,,,,,,,,,,,,,,,,,,,,,,,,,,,,,,,,,,,,,,,,,,
Nirma University,IR-E-U-0146,2021,Engineering,data/raw/pdf/2021/Engineering/IR-E-U-0146.pdf,946.0,840.0,162.0,216.0,1179,3487.0,548.0,4035.0,3439.0,513.0,83.0,899.0,704.0,994.0,214.0,0.0,395.0,226.0,143.0,369.0,340.0,29.0,0.0,44.0,53.0,2.0,48.0,0.0,47.0,3856,754,4610,3977,550,83,1002,804,1008,266,0,532,2019-20,930.0,560.0,520000.0,66.0,901.0,840.0,872.7,557.3,800.0,426667.0,2019-20,205.0,112.0,600000.0,9.0,212.0,216.0,252.5,136.5,306.0,600000.0,1202.0,715.0,75.0,1116.0,0.5948,0.6572,1.0771,520000.0,16.0,90.0,1.0,10.0,14.7,16743182.0,24522500.0,0.0,108410118.0,558640671.0,154358971.0,1765272.0,118240696.0,671215602.0,82.0,9291960.0,201.0,5078895.0,2.5,263.0,17.59,16.4,11.9,1.8,27.6,25649.0,145600.0,,,,,,,,,,,,,,,,,,,,,,,,,,71.0,60.0,143.0,63.0,206.0,198.0,8.0,0.0,59.0,47.0,12.0,4.0,0.0,90.0,2019-20,67.0,43.0,360000.0,0.0,58.0,60.0,63.0,43.3,60.0,356667.0,,,,,,,,,,,,,,,,,,,,,,,,,,,,,,,,,,,,
Pandit Deendayal Petroleum University,IR-E-U-0147,2021,Engineering,data/raw/pdf/2021/Engineering/IR-E-U-0147.pdf,780.0,780.0,216.0,144.0,996,2758.0,424.0,3182.0,2845.0,270.0,67.0,413.0,809.0,737.0,188.0,0.0,297.0,243.0,66.0,309.0,210.0,65.0,34.0,146.0,56.0,3.0,191.0,0.0,8.0,3001,490,3491,3055,335,101,559,865,740,379,0,305,2019-20,756.0,375.0,400000.0,201.0,752.0,720.0,671.7,314.0,640.0,361667.0,2018-19,105.0,34.0,300000.0,6.0,106.0,144.0,107.0,28.5,182.0,328500.0,861.0,409.0,207.0,864.0,0.475,0.7154,0.9965,400000.0,59.0,71.0,12.0,24.0,18.7,7710020.0,261124370.0,0.0,58251055.0,492508189.0,378728886.0,5131407.0,164001271.0,673658096.0,114.0,46042202.0,87.0,24315041.0,2.5,280.0,12.68,14.0,9.6,2.89,32.1,46978.0,192970.0,,,,,,,,,,,,,,,,,,,,,,,,,,,,,,,,,,,,,,,,,,,,,,,,,,,,,,,,,,,,,,,,,,,,,,,,,,,,,,,,,,,,,,
Sardar Vallabhbhai National Institute of Technology,IR-E-U-0149,2021,Engineering,data/raw/pdf/2021/Engineering/IR-E-U-0149.pdf,910.0,844.0,466.0,425.0,1376,2662.0,562.0,3224.0,1499.0,1504.0,221.0,444.0,1499.0,744.0,333.0,0.0,866.0,653.0,97.0,750.0,216.0,532.0,2.0,0.0,345.0,150.0,0.0,0.0,195.0,3315,659,3974,1715,2036,223,444,1844,894,333,0,1061,2019-20,720.0,483.0,745000.0,132.0,732.0,818.0,728.7,500.7,818.0,694667.0,2018-19,257.0,106.0,550000.0,32.0,310.0,425.0,267.0,107.5,425.0,542000.0,977.0,589.0,164.0,1243.0,0.6029,0.7707,0.786,745000.0,415.0,316.0,42.0,43.0,83.0,31672635.0,43726795.0,1836880.0,48151522.0,560092055.0,693361889.0,12747979.0,103999198.0,1121016690.0,223.0,37616023.0,1174.0,109794288.0,2.5,314.0,13.98,16.6,51.2,5.61,30.9,26170.0,282088.0,,,,,,,,,,,,,,,,,,,,,,,,,,,,,,,,,,,,,,,,,,,,,,,,,,,,,,,,,,,,,,,,,,,,,,,,,,,,,,,,,,,,,,
The Northcap University,IR-E-U-0163,2021,Engineering,data/raw/pdf/2021/Engineering/IR-E-U-0163.pdf,420.0,330.0,36.0,36.0,456,1231.0,335.0,1566.0,941.0,611.0,14.0,207.0,116.0,22.0,114.0,0.0,187.0,16.0,11.0,27.0,18.0,9.0,0.0,13.0,4.0,0.0,9.0,0.0,8.0,1247,346,1593,959,620,14,220,120,22,123,0,195,2019-20,577.0,392.0,385000.0,105.0,629.0,640.0,500.0,373.0,586.7,381667.0,2018-19,12.0,6.0,425000.0,6.0,24.0,36.0,19.0,14.0,54.0,437500.0,589.0,398.0,111.0,676.0,0.6757,0.8642,0.8713,385000.0,46.0,41.0,1.0,6.0,6.7,6418895.0,5981778.0,4331584.0,15350784.0,256959978.0,172052284.0,5740320.0,31936137.0,440400363.0,12.0,1058853.0,28.0,1058117.0,2.5,125.0,13.11,21.7,38.9,0.88,9.1,20048.0,276460.0,,,,,,,,,,,,,,,,,,,,,,,,,,,,,,,,,,,,,,,,,,,,,,,,,,,,,,,,,,,,,,,,,,,,,,,,,,,,,,,,,,,,,,
Manav Rachna International Institute of Research & Studies,IR-E-U-0169,2021,Engineering,data/raw/pdf/2021/Engineering/IR-E-U-0169.pdf,540.0,600.0,48.0,114.0,588,1547.0,360.0,1907.0,831.0,1063.0,13.0,167.0,386.0,101.0,119.0,0.0,333.0,32.0,21.0,53.0,20.0,29.0,4.0,12.0,7.0,4.0,11.0,0.0,4.0,1579,381,1960,851,1092,17,179,393,105,130,0,337,2019-20,632.0,504.0,375000.0,60.0,669.0,675.0,633.7,538.7,705.0,398333.0,2018-19,38.0,31.0,390000.0,1.0,39.0,66.0,49.0,41.5,66.0,405000.0,670.0,535.0,61.0,741.0,0.7985,0.8896,0.9042,375000.0,44.0,99.0,7.0,9.0,12.7,4141426.0,9530602.0,3155253.0,3754778.0,252775820.0,197945258.0,11764695.0,22727417.0,404239144.0,53.0,11406597.0,58.0,4430427.0,2.5,167.0,12.0,19.4,55.7,0.87,12.0,11596.0,206244.0,,,,,,,,,,,,,,,,,,,,,,,,,,,,,,,,,,,,,,,,,,,,,,,,,,,,,,,,,,,,,,,,,,,,,,,,,,,,,,,,,,,,,,
National Institute of Technology Kurukshetra,IR-E-U-0172,2021,Engineering,data/raw/pdf/2021/Engineering/IR-E-U-0172.pdf,965.0,862.0,523.0,458.0,1488,2974.0,493.0,3467.0,1664.0,1721.0,82.0,1334.0,1758.0,1281.0,0.0,30.0,1781.0,622.0,137.0,759.0,109.0,650.0,0.0,109.0,415.0,158.0,0.0,0.0,366.0,3596,630,4226,1773,2371,82,1443,2173,1439,0,30,2147,2019-20,707.0,423.0,800000.0,178.0,776.0,832.0,705.7,510.7,870.0,700000.0,2019-20,294.0,92.0,650000.0,75.0,409.0,458.0,294.7,112.0,488.0,558333.0,1001.0,515.0,253.0,1290.0,0.5145,0.7672,0.776,800000.0,223.0,255.0,20.0,25.0,58.0,20368167.0,44663620.0,36084722.0,247383978.0,990327088.0,382410131.0,15038732.0,563744010.0,1222286279.0,123.0,17453539.0,5691.0,68932378.0,2.5,241.0,18.46,14.9,56.1,1.94,34.8,133399.0,289230.0,,,,,,,,,,,,,,,,,,,,,,,,,,,,,,,,,,,,,,,,,,,,,,,,,,,,,,,,,,,,,,,,,,,,,,,,,,,,,,,,,,,,,,
YMCA University of Science & Tech (Formerely YMCA Institute of Engineering),IR-E-U-0175,2021,Engineering,data/raw/pdf/2021/Engineering/IR-E-U-0175.pdf,600.0,540.0,162.0,144.0,762,1839.0,523.0,2362.0,1832.0,530.0,0.0,89.0,819.0,211.0,173.0,39.0,485.0,85.0,100.0,185.0,162.0,23.0,0.0,1.0,24.0,9.0,2.0,0.0,14.0,1924,623,2547,1994,553,0,90,843,220,175,39,499,2019-20,437.0,341.0,350000.0,53.0,432.0,420.0,435.7,361.0,420.0,353333.0,2019-20,74.0,18.0,350000.0,18.0,97.0,144.0,105.0,57.7,144.0,400000.0,511.0,359.0,71.0,564.0,0.7025,0.8415,0.906,350000.0,32.0,124.0,7.0,13.0,17.3,14345333.0,41148930.0,308740.0,108391822.0,308005591.0,155929527.0,8240587.0,188985438.0,388874148.0,15.0,6235183.0,13.0,1678324.0,2.5,188.0,13.72,24.5,21.7,0.0,17.0,74199.0,152679.0,,,,,,,,,,,,,,,,,,,,,,,,,,,,,,,,,,,,,,,,,,,,,,,,,,,,,,,,,,,,,,,,,,,,,,,,,,,,,,,,,,,,,,
Indian Institute of Technology Mandi,IR-E-U-0184,2021,Engineering,data/raw/pdf/2021/Engineering/IR-E-U-0184.pdf,258.0,200.0,334.0,270.0,717,620.0,114.0,734.0,12.0,722.0,0.0,69.0,369.0,176.0,101.0,0.0,161.0,352.0,100.0,452.0,28.0,423.0,1.0,24.0,193.0,69.0,24.0,0.0,124.0,1312,344,1656,114,1527,15,93,679,276,128,0,368,2018-19,128.0,85.0,1000000.0,17.0,134.0,145.0,119.0,85.5,132.5,975000.0,2019-20,172.0,59.0,800000.0,62.0,192.0,270.0,81.0,29.0,126.0,941667.0,328.0,160.0,91.0,465.0,0.4878,0.7652,0.7054,1000000.0,258.0,21.0,38.0,0.0,29.0,80516971.0,96715624.0,12371242.0,23538537.0,489897650.0,297339551.0,748612.0,562059129.0,614899056.0,461.0,144741096.0,42.0,4372848.0,2.5,136.0,14.07,20.8,92.2,0.91,24.4,339408.0,371316.0,24.0,0.0,16.0,3.0,19.0,0.0,19.0,0.0,0.0,8.0,4.0,3.0,0.0,1.0,2019-20,0.0,0.0,0.0,0.0,0.0,0.0,0.0,0.0,0.0,0.0,29.0,24.0,53.0,13.0,66.0,10.0,53.0,3.0,0.0,12.0,1.0,0.0,0.0,11.0,2019-20,0.0,0.0,0.0,0.0,6.0,12.0,3.2,1.3,8.8,441667.0,72.0,59.0,271.0,114.0,385.0,64.0,310.0,11.0,0.0,97.0,26.0,0.0,0.0,71.0,2019-20,28.0,16.0,1200000.0,12.0,37.0,38.0,20.5,11.5,28.0,900000.0,,,,,,,,,,,
Jaypee University of Information Technology,IR-E-U-0186,2021,Engineering,data/raw/pdf/2021/Engineering/IR-E-U-0186.pdf,570.0,570.0,54.0,54.0,624,1268.0,375.0,1643.0,595.0,1013.0,35.0,156.0,127.0,2.0,35.0,4.0,242.0,18.0,9.0,27.0,20.0,7.0,0.0,4.0,1.0,0.0,0.0,0.0,5.0,1286,384,1670,615,1020,35,160,128,2,35,4,247,2019-20,413.0,248.0,410000.0,164.0,480.0,510.0,436.7,246.0,520.0,410000.0,2019-20,0.0,0.0,0.0,0.0,0.0,0.0,15.8,4.6,47.4,301000.0,413.0,248.0,164.0,510.0,0.6005,0.9976,0.8098,410000.0,87.0,51.0,14.0,7.0,26.0,5530591.0,20991554.0,189587.0,6438024.0,335107167.0,83089853.0,2643021.0,37946717.0,390405746.0,80.0,9326506.0,9.0,118166.0,2.5,105.0,16.73,23.0,61.1,2.1,2.5,22723.0,233776.0,,,,,,,,,,,,,,,,,,,,,,,,,,,,,,,,,,,,,,,,,,,,,,,,,,,,,,,,,,,,,,,,,,,,,,,,,,,,,,,,,,,,,,
National Institute of Technology Hamirpur,IR-E-U-0189,2021,Engineering,data/raw/pdf/2021/Engineering/IR-E-U-0189.pdf,716.0,579.0,304.0,255.0,1020,1897.0,377.0,2274.0,1122.0,1135.0,17.0,95.0,1137.0,893.0,0.0,0.0,339.0,327.0,70.0,397.0,51.0,346.0,0.0,10.0,194.0,0.0,0.0,0.0,204.0,2224,447,2671,1173,1481,17,105,1331,893,0,0,543,2019-20,480.0,270.0,715000.0,15.0,509.0,522.0,473.7,302.7,522.0,609000.0,2019-20,98.0,72.0,726000.0,0.0,107.0,120.0,97.4,32.0,138.0,490400.0,578.0,342.0,15.0,642.0,0.5917,0.6176,0.9003,715000.0,192.0,26.0,18.0,0.0,23.7,26039905.0,19176196.0,214788.0,12755997.0,403306690.0,373602657.0,1322054.0,49198497.0,617226174.0,92.0,14431090.0,1055.0,26994067.0,2.5,196.0,14.61,16.7,55.4,0.64,33.4,18420.0,231084.0,,,,,,,,,,,,,,,,,,,,,,,,,,,,,,,,,,,,,,,,,,,,,,,,,,,,,,,,,,,,,,,,,,,,,,,,,,,,,,,,,,,,,,
Shoolini University of Biotechnology and Management Sciences,IR-E-U-0190,2021,Engineering,data/raw/pdf/2021/Engineering/IR-E-U-0190.pdf,240.0,260.0,15.0,50.0,255,562.0,298.0,860.0,504.0,339.0,17.0,9.0,161.0,16.0,22.0,12.0,120.0,39.0,20.0,59.0,31.0,18.0,10.0,4.0,9.0,0.0,3.0,0.0,10.0,601,318,919,535,357,27,13,170,16,25,12,130,2019-20,209.0,101.0,350000.0,42.0,220.0,260.0,224.7,119.3,263.3,323333.0,2018-19,26.0,1.0,350000.0,21.0,28.0,30.0,29.5,4.0,35.0,335000.0,235.0,102.0,63.0,290.0,0.434,0.7021,0.8103,350000.0,65.0,0.0,13.0,0.0,5.7,2083000.0,4044000.0,345000.0,14797000.0,51924000.0,39941000.0,1285000.0,15257333.0,84756667.0,10.0,2297029.0,5.0,1666108.0,2.5,77.0,12.78,34.6,38.8,2.94,5.8,16602.0,92227.0,,,,,,,,,,,,,,,,,,,,,,,,,,,,,,,,,,,,,,,,,,,,,,,,,,,,,,,,,,,,,,,,,,,,,,,,,,,,,,,,,,,,,,
National Institute of Technology Srinagar,IR-E-U-0197,2021,Engineering,data/raw/pdf/2021/Engineering/IR-E-U-0197.pdf,672.0,672.0,163.0,163.0,835,1690.0,524.0,2214.0,1084.0,1119.0,11.0,619.0,1103.0,250.0,1441.0,14.0,17.0,200.0,50.0,250.0,102.0,148.0,0.0,118.0,81.0,40.0,96.0,0.0,63.0,1890,574,2464,1186,1267,11,737,1184,290,1537,14,80,2019-20,358.0,157.0,623000.0,58.0,382.0,422.0,504.0,254.3,562.0,551000.0,2018-19,124.0,56.0,530000.0,36.0,132.0,163.0,123.0,53.0,163.0,540000.0,482.0,213.0,94.0,585.0,0.4419,0.6369,0.8239,623000.0,187.0,25.0,19.0,2.0,23.3,9030949.0,18734521.0,132270.0,153878019.0,541818337.0,276685935.0,1892104.0,280848881.0,864971406.0,67.0,25709547.0,212.0,10057676.0,2.5,183.0,14.49,23.3,51.4,0.45,74.7,113981.0,351044.0,,,,,,,,,,,,,,,,,,,,,,,,,,,,,,,,,,,,,,,,,,,,,,,,,,,,,,,,,,,,,,,,,,,,,,,,,,,,,,,,,,,,,,
Shri Mata Vaishno Devi University,IR-E-U-0201,2021,Engineering,data/raw/pdf/2021/Engineering/IR-E-U-0201.pdf,380.0,325.0,72.0,72.0,452,600.0,165.0,765.0,449.0,316.0,0.0,128.0,64.0,20.0,171.0,1.0,0.0,54.0,54.0,108.0,94.0,14.0,0.0,19.0,4.0,12.0,11.0,0.0,0.0,654,219,873,543,330,0,147,68,32,182,1,0,2019-20,172.0,129.0,350000.0,28.0,182.0,200.0,147.7,91.3,211.7,341667.0,2018-19,61.0,18.0,600000.0,7.0,61.0,72.0,54.0,12.0,63.0,539000.0,233.0,147.0,35.0,272.0,0.6309,0.7811,0.8566,350000.0,119.0,0.0,32.0,0.0,14.3,8076218.0,13435956.0,630000.0,11661755.0,274625533.0,96857223.0,4286089.0,39963303.0,354601961.0,91.0,21498598.0,26.0,1835842.0,2.5,100.0,9.92,25.1,37.8,0.0,24.6,45777.0,406188.0,,,,,,,,,,,,,,,,,,,,,,,,,,,,,,,,,,,,,,,,,,,,,,,,,,,,,,,,,,,,,,,,,,,,,,,,,,,,,,,,,,,,,,
Birla Institute of Technology,IR-E-U-0202,2021,Engineering,data/raw/pdf/2021/Engineering/IR-E-U-0202.pdf,780.0,780.0,341.0,341.0,1121,2304.0,402.0,2706.0,1319.0,1320.0,67.0,766.0,926.0,209.0,2.0,70.0,1411.0,145.0,84.0,229.0,63.0,165.0,1.0,47.0,34.0,14.0,0.0,5.0,62.0,2449,486,2935,1382,1485,68,813,960,223,2,75,1473,2019-20,691.0,421.0,843000.0,6.0,691.0,750.0,638.7,418.3,750.0,767667.0,2019-20,108.0,17.0,600000.0,7.0,122.0,341.0,144.3,28.0,335.0,516667.0,799.0,438.0,13.0,1091.0,0.5482,0.5645,0.7324,843000.0,236.0,38.0,18.0,12.0,40.7,17998149.0,132558556.0,143242.0,14912981.0,695950123.0,150859736.0,5416943.0,185096757.0,817654946.0,118.0,96194213.0,746.0,8603293.0,2.5,277.0,11.45,16.6,50.6,2.32,10.2,63065.0,278588.0,,,,,,,,,,,,,,,,,,,,,,,,,,,,,,,,,,,,,,,,,,,,,,,,,,,,,,,,,,,,,,,,,,,,,,,,,,,,,,,,,,,,,,
Indian Institute of Technology (Indian School of Mines),IR-E-U-0205,2021,Engineering,data/raw/pdf/2021/Engineering/IR-E-U-0205.pdf,869.0,911.0,701.0,944.0,1653,2925.0,370.0,3295.0,309.0,2986.0,0.0,303.0,1672.0,5.0,1760.0,0.0,210.0,802.0,110.0,912.0,113.0,790.0,9.0,0.0,484.0,0.0,202.0,8.0,274.0,4125,526,4651,446,4181,24,330,2359,22,2157,8,502,2019-20,745.0,537.0,1100000.0,14.0,798.0,824.0,782.7,601.7,826.3,883333.0,2019-20,468.0,177.0,625000.0,78.0,613.0,944.0,598.3,310.7,932.7,616667.0,1299.0,783.0,93.0,1875.0,0.6028,0.6744,0.6928,1100000.0,602.0,562.0,68.0,45.0,148.3,54347220.0,228704019.0,3212798.0,71685669.0,1405518544.0,1299724971.0,22999902.0,342009661.0,2545688003.0,477.0,394348313.0,630.0,165389482.0,2.5,354.0,14.84,11.3,89.9,0.52,47.0,73535.0,547342.0,83.0,96.0,398.0,46.0,444.0,24.0,405.0,15.0,27.0,203.0,17.0,195.0,0.0,18.0,2019-20,86.0,69.0,1300000.0,1.0,102.0,107.0,105.5,85.0,182.5,1130000.0,,,,,,,,,,,,,,,,,,,,,,,,,,,,,,,,,,,,,,,,,,,,,,,,,,,,,,,,,,,,,
"National Institute of Technology, Jamshedpur",IR-E-U-0207,2021,Engineering,data/raw/pdf/2021/Engineering/IR-E-U-0207.pdf,667.0,657.0,346.0,346.0,1013,2101.0,344.0,2445.0,1191.0,1189.0,65.0,952.0,1352.0,1014.0,0.0,0.0,1290.0,347.0,117.0,464.0,146.0,318.0,0.0,47.0,239.0,175.0,0.0,0.0,111.0,2448,461,2909,1337,1507,65,999,1591,1189,0,0,1401,2019-20,555.0,472.0,680000.0,44.0,590.0,601.0,567.0,481.0,601.0,643333.0,2019-20,220.0,50.0,800000.0,68.0,262.0,346.0,241.7,37.0,346.0,583333.0,775.0,522.0,112.0,947.0,0.6735,0.8181,0.8184,680000.0,180.0,96.0,14.0,4.0,20.0,26297479.0,25695217.0,1410574.0,158655960.0,592407533.0,247492342.0,3764491.0,172156513.0,818426997.0,69.0,52534713.0,431.0,11233406.0,2.5,163.0,18.95,15.8,51.8,2.23,40.9,59181.0,281343.0,,,,,,,,,,,,,,,,,,,,,,,,,,,,,,,,,,,,,,,,,,,,,,,,,,,,,,,,,,,,,,,,,,,,,,,,,,,,,,,,,,,,,,
International Institute of Information Technology Bangalore,IR-E-U-0221,2021,Engineering,data/raw/pdf/2021/Engineering/IR-E-U-0221.pdf,,,180.0,180.0,180,,,,,,,,,,,,,290.0,81.0,371.0,14.0,348.0,9.0,2.0,0.0,0.0,2.0,0.0,0.0,290,81,371,14,348,9,2,0,0,2,0,0,,,,,,,,,,,,2019-20,61.0,49.0,2423889.0,5.0,70.0,90.0,122.2,116.0,144.0,1884556.0,61.0,49.0,5.0,90.0,0.8033,0.8852,0.6778,,42.0,37.0,2.0,5.0,6.0,11934455.0,3627188.0,0.0,39764359.0,208035272.0,111580708.0,6096616.0,64783020.0,297210799.0,240.0,5778711.0,26.0,4218359.0,2.5,63.0,6.56,21.8,93.8,2.43,0.5,174617.0,801107.0,,,,,,,,,,,,,,,,,,,,,,,,,,,,,,,,,,,,,,,,,,,,,,,,,,,,,,,,,,,,,,,,,,,,,,,,,,,,,,,,,,,,,,
"Jain university, Bangalore",IR-E-U-0223,2021,Engineering,data/raw/pdf/2021/Engineering/IR-E-U-0223.pdf,1550.0,1380.0,231.0,333.0,1781,3049.0,668.0,3717.0,1062.0,2218.0,437.0,38.0,942.0,481.0,31.0,1.0,467.0,125.0,84.0,209.0,56.0,112.0,41.0,45.0,47.0,52.0,18.0,1.0,21.0,3174,752,3926,1118,2330,478,83,989,533,49,2,488,2019-20,542.0,243.0,518000.0,39.0,650.0,720.0,423.7,161.0,540.0,406000.0,2019-20,66.0,40.0,625000.0,7.0,74.0,333.0,70.7,47.3,183.0,534000.0,608.0,283.0,46.0,1053.0,0.4655,0.5411,0.5774,518000.0,150.0,15.0,50.0,0.0,41.0,11557781.0,15764286.0,5632855.0,72978687.0,367892857.0,71029900.0,8189956.0,110053930.0,331469840.0,71.0,31576973.0,462.0,32799476.0,2.5,335.0,12.17,19.2,59.3,12.18,14.9,28032.0,84429.0,,,,,,,,,,,,,,,,,,,,,,,,,,,,,,,,,,,,,,,,,,,,,,,,,,,,,,,,,,,,,,,,,,,,,,,,,,,,,,,,,,,,,,
National Institute of Technology Karnataka,IR-E-U-0237,2021,Engineering,data/raw/pdf/2021/Engineering/IR-E-U-0237.pdf,740.0,740.0,579.0,579.0,1319,2793.0,572.0,3365.0,1454.0,1873.0,38.0,794.0,1487.0,157.0,1610.0,327.0,187.0,808.0,300.0,1108.0,101.0,993.0,14.0,435.0,458.0,13.0,175.0,77.0,628.0,3601,872,4473,1555,2866,52,1229,1945,170,1785,404,815,2019-20,756.0,629.0,986000.0,57.0,796.0,740.0,787.7,654.7,825.3,832000.0,2019-20,488.0,322.0,930000.0,129.0,522.0,579.0,469.7,387.7,621.0,780000.0,1244.0,951.0,186.0,1319.0,0.7645,0.914,0.9431,986000.0,622.0,177.0,114.0,19.0,124.3,43517202.0,162295363.0,23290917.0,185958656.0,1128163598.0,1180845586.0,24114955.0,424056735.0,1996369524.0,478.0,239102465.0,848.0,50510295.0,2.5,440.0,11.58,19.5,64.1,1.16,52.7,94804.0,446316.0,,,,,,,,,,,,,,,,,,,,,,,,,,,,,,,,,,,,,,,,,,,,,,,,,,,,,,,,,,,,,,,,,,,,,,,,,,,,,,,,,,,,,,
Visvesvaraya Technological University,IR-E-U-0249,2021,Engineering,data/raw/pdf/2021/Engineering/IR-E-U-0249.pdf,,,475.0,475.0,715,,,,,,,,,,,,,374.0,396.0,770.0,695.0,75.0,0.0,212.0,325.0,305.0,0.0,75.0,157.0,698,735,1433,1320,113,0,354,609,504,0,113,346,,,,,,,,,,,,2019-20,379.0,120.0,310000.0,155.0,404.0,475.0,334.0,198.7,475.0,268333.0,583.0,141.0,169.0,715.0,0.2419,0.5317,0.8154,,36.0,217.0,2.0,50.0,60.0,150704374.0,5714267.0,200987191.0,18822454.0,274530968.0,163227200.0,11549421.0,555267267.0,626184119.0,42.0,22276000.0,26.0,4672000.0,2.5,145.0,10.13,51.3,7.9,0.0,43.1,387486.0,436974.0,,,,,,,,,,,,,,,,,,,,,,,,,,240.0,240.0,324.0,339.0,663.0,625.0,38.0,0.0,142.0,284.0,199.0,0.0,38.0,189.0,2019-20,204.0,21.0,270000.0,14.0,204.0,240.0,238.0,132.3,240.0,195000.0,,,,,,,,,,,,,,,,,,,,,,,,,,,,,,,,,,,,
Indian Institute of Space Science and Technology,IR-E-U-0255,2021,Engineering,data/raw/pdf/2021/Engineering/IR-E-U-0255.pdf,132.0,120.0,150.0,150.0,304,418.0,60.0,478.0,52.0,426.0,0.0,25.0,236.0,0.0,252.0,0.0,9.0,120.0,43.0,163.0,42.0,121.0,0.0,10.0,77.0,80.0,7.0,0.0,0.0,622,116,738,107,631,0,44,363,80,316,0,11,2019-20,113.0,82.0,913668.0,7.0,120.0,120.0,112.0,80.7,120.0,903212.0,2019-20,69.0,15.0,800000.0,21.0,74.0,150.0,67.7,19.0,150.0,800000.0,202.0,115.0,29.0,290.0,0.5693,0.7129,0.6966,913668.0,160.0,50.0,13.0,1.0,14.3,27328960.0,82347027.0,478557.0,31623736.0,321864785.0,413469056.0,3129444.0,139925459.0,694440918.0,141.0,16155159.0,19.0,13588567.0,2.5,108.0,8.31,15.7,85.5,0.0,53.7,189601.0,940977.0,22.0,20.0,84.0,13.0,97.0,13.0,84.0,0.0,9.0,50.0,0.0,57.0,0.0,2.0,2019-20,20.0,18.0,913668.0,1.0,20.0,20.0,25.0,22.0,28.0,913668.0,,,,,,,,,,,,,,,,,,,,,,,,,,,,,,,,,,,,,,,,,,,,,,,,,,,,,,,,,,,,,
National Institute of Technology Calicut,IR-E-U-0263,2021,Engineering,data/raw/pdf/2021/Engineering/IR-E-U-0263.pdf,1059.0,909.0,483.0,430.0,1542,3044.0,880.0,3924.0,1792.0,2101.0,31.0,434.0,2025.0,495.0,1531.0,17.0,416.0,613.0,205.0,818.0,301.0,515.0,2.0,220.0,475.0,50.0,645.0,0.0,0.0,3657,1085,4742,2093,2616,33,654,2500,545,2176,17,416,2019-20,801.0,679.0,898000.0,58.0,812.0,890.0,829.7,732.3,890.0,807667.0,2019-20,348.0,282.0,950000.0,57.0,384.0,430.0,380.0,300.7,430.0,876667.0,1149.0,961.0,115.0,1320.0,0.8364,0.9365,0.8705,898000.0,613.0,101.0,75.0,14.0,95.0,27073649.0,196235465.0,9837070.0,47116157.0,996382978.0,420628444.0,17963189.0,222039345.0,1311253150.0,128.0,78329335.0,36.0,11519643.0,2.5,340.0,15.75,22.9,55.2,0.7,57.7,46824.0,276519.0,,,,,,,,,,,,,,,,,,,,,,,,,,,,,,,,,,,,,,,,,,,,,,,,,,,,,,,,,,,,,,,,,,,,,,,,,,,,,,,,,,,,,,
Atal Bihari Vajpayee Indian Institute of Information Technology and Management,IR-E-U-0267,2021,Engineering,data/raw/pdf/2021/Engineering/IR-E-U-0267.pdf,74.0,66.0,50.0,120.0,124,158.0,20.0,178.0,24.0,154.0,0.0,22.0,90.0,48.0,8.0,0.0,56.0,58.0,31.0,89.0,18.0,71.0,0.0,6.0,34.0,0.0,16.0,0.0,24.0,216,51,267,42,225,0,28,124,48,24,0,80,2019-20,0.0,0.0,0.0,0.0,0.0,0.0,0.0,0.0,0.0,0.0,2019-20,112.0,108.0,1570000.0,4.0,112.0,120.0,95.4,67.8,123.6,941800.0,112.0,108.0,4.0,120.0,0.9643,1.0,0.9333,0.0,44.0,0.0,8.0,0.0,8.3,12522336.0,11398045.0,1005562.0,7231462.0,170479840.0,101787274.0,3281282.0,29611330.0,270855075.0,85.0,10745292.0,21.0,13683891.0,2.5,34.0,9.15,19.1,84.3,0.0,27.0,110904.0,1014438.0,,,,,,,,,,,,,,,,,,,,,,,,,,,,,,,,,,,,,,,,,,,,,,,,,,,,,,,,,,,,,,,,,,,,,,,,,,,,,,,,,,,,,,
Indian Institute of Technology Indore,IR-E-U-0273,2021,Engineering,data/raw/pdf/2021/Engineering/IR-E-U-0273.pdf,294.0,275.0,188.0,168.0,482,915.0,139.0,1054.0,169.0,885.0,0.0,151.0,535.0,25.0,474.0,2.0,185.0,104.0,20.0,124.0,41.0,81.0,2.0,0.0,56.0,0.0,21.0,0.0,35.0,1019,159,1178,210,966,2,151,591,25,495,2,220,2019-20,226.0,136.0,1650000.0,19.0,258.0,260.0,146.3,95.3,166.7,1316667.0,2019-20,121.0,9.0,1100000.0,41.0,138.0,168.0,88.3,9.3,128.0,768333.0,347.0,145.0,60.0,428.0,0.4179,0.5908,0.8107,1650000.0,485.0,15.0,77.0,1.0,70.7,41577549.0,122958828.0,0.0,55437674.0,452195658.0,483857068.0,25566425.0,245045725.0,856090252.0,613.0,177843413.0,89.0,6119161.0,2.5,171.0,9.73,13.5,82.0,0.17,44.3,208018.0,726732.0,,,,,,,,,,,,,,,,,,,,,,,,,,,,,,,,,,,,,,,,,,,,,,,,,,,,,,,,,,,,,,,,,,,,,,,,,,,,,,,,,,,,,,
Maulana Azad National Institute of Technology,IR-E-U-0284,2021,Engineering,data/raw/pdf/2021/Engineering/IR-E-U-0284.pdf,919.0,828.0,560.0,486.0,1479,2914.0,559.0,3473.0,1647.0,1649.0,177.0,830.0,1424.0,840.0,785.0,3.0,626.0,545.0,165.0,710.0,304.0,406.0,0.0,191.0,370.0,64.0,0.0,0.0,497.0,3459,724,4183,1951,2055,177,1021,1794,904,785,3,1123,2019-20,816.0,614.0,750000.0,32.0,864.0,817.0,825.3,614.0,817.0,666667.0,2019-20,307.0,97.0,650000.0,35.0,361.0,486.0,311.0,61.0,486.0,633333.0,1123.0,711.0,67.0,1303.0,0.6331,0.6928,0.8619,750000.0,220.0,90.0,24.0,27.0,46.0,27821890.0,74622665.0,5886751.0,9607779.0,523638104.0,263247898.0,6719601.0,100868102.0,853217355.0,123.0,15878080.0,1046.0,58639741.0,2.5,370.0,11.9,17.3,49.1,4.23,40.4,24114.0,203973.0,,,,,,,,,,,,,,,,,,,,,,,,,,,,,,,,,,,,,,,,,,,,,,,,,,,,,,,,,,,,,,,,,,,,,,,,,,,,,,,,,,,,,,
"Pandit Dwarka Prasad Mishra Indian Institute of Information Technology, Design and Manufacturing (IIITDM) Jabalpur",IR-E-U-0286,2021,Engineering,data/raw/pdf/2021/Engineering/IR-E-U-0286.pdf,329.0,300.0,123.0,112.0,452,1039.0,76.0,1115.0,132.0,975.0,8.0,144.0,576.0,159.0,489.0,7.0,65.0,94.0,30.0,124.0,31.0,92.0,1.0,0.0,61.0,0.0,24.0,0.0,37.0,1133,106,1239,163,1067,9,144,637,159,513,7,102,2019-20,262.0,146.0,943000.0,78.0,281.0,300.0,267.0,159.0,297.0,811333.0,2018-19,96.0,35.0,710000.0,20.0,100.0,142.0,90.0,32.0,142.0,717500.0,358.0,181.0,98.0,442.0,0.5056,0.7793,0.81,943000.0,149.0,1.0,19.0,0.0,20.7,19293917.0,13221620.0,958353.0,22453859.0,141219888.0,262793393.0,14160520.0,69507672.0,387800506.0,113.0,38126926.0,31.0,2641601.0,2.5,70.0,19.83,8.6,86.1,0.73,54.8,56100.0,312995.0,,,,,,,,,,,,,,,,,,,,,,,,,,,,,,,,,,,,,,,,,,,,,,,,,,,,,,,,,,,,,,,,,,,,,,,,,,,,,,,,,,,,,,
Defence Institute of Advanced Technology,IR-E-U-0297,2021,Engineering,data/raw/pdf/2021/Engineering/IR-E-U-0297.pdf,,,398.0,398.0,398,,,,,,,,,,,,,380.0,59.0,439.0,159.0,278.0,2.0,105.0,135.0,225.0,2.0,13.0,0.0,380,59,439,159,278,2,105,135,225,2,13,0,,,,,,,,,,,,2019-20,240.0,190.0,1500000.0,40.0,240.0,398.0,242.7,150.7,374.0,1016667.0,240.0,190.0,40.0,398.0,0.7917,0.9583,0.603,,60.0,85.0,15.0,20.0,25.0,24748104.0,54267062.0,19852000.0,45264832.0,169996994.0,98166714.0,10965760.0,88625904.0,244328163.0,45.0,70578241.0,45.0,7036667.0,2.5,83.0,6.01,13.4,63.3,0.46,54.7,201881.0,556556.0,,,,,,,,,,,,,,,,,,,,,,,,,,,,,,,,,,,,,,,,,,,,,,,,,,,,,,,,,,,,,,,,,,,,,,,,,,,,,,,,,,,,,,
Indian Institute of Technology Bombay,IR-E-U-0306,2021,Engineering,data/raw/pdf/2021/Engineering/IR-E-U-0306.pdf,773.0,729.0,790.0,753.0,1741,2874.0,387.0,3261.0,852.0,2409.0,0.0,0.0,1710.0,795.0,490.0,80.0,345.0,1484.0,254.0,1738.0,419.0,1277.0,42.0,15.0,694.0,250.0,0.0,0.0,459.0,5148,769,5917,1640,4233,44,15,2863,1260,593,100,925,2019-20,613.0,448.0,1300000.0,116.0,716.0,717.0,600.0,430.0,709.3,1163133.0,2019-20,505.0,343.0,1200000.0,23.0,851.0,753.0,486.7,362.7,753.0,1006585.0,1284.0,907.0,176.0,1624.0,0.7064,0.8435,0.7906,1300000.0,1879.0,308.0,205.0,66.0,269.7,233311985.0,1358206293.0,7800414.0,139451457.0,2793949100.0,1354334734.0,31042409.0,1193911238.0,3657244324.0,1594.0,2210325213.0,2091.0,605633333.0,2.0,592.0,13.17,13.0,71.5,0.74,33.0,201776.0,618091.0,178.0,168.0,790.0,128.0,918.0,369.0,547.0,2.0,0.0,459.0,215.0,103.0,20.0,121.0,2019-20,166.0,116.0,1297000.0,37.0,178.0,154.0,170.0,125.0,154.0,1248500.0,,,,,,,,,,,,,,,,,,,,,,,,,,,,,,,,,,,,,,,,,,,,,,,,,,,,,,,,,,,,,
Institute of Chemical Technology,IR-E-U-0308,2021,Engineering,data/raw/pdf/2021/Engineering/IR-E-U-0308.pdf,211.0,211.0,272.0,272.0,483,610.0,261.0,871.0,737.0,134.0,0.0,32.0,235.0,136.0,0.0,30.0,101.0,278.0,186.0,464.0,283.0,181.0,0.0,4.0,226.0,89.0,0.0,4.0,137.0,888,447,1335,1020,315,0,36,461,225,0,34,238,2019-20,244.0,92.0,700000.0,73.0,244.0,211.0,221.0,101.3,211.0,583333.0,2019-20,0.0,0.0,0.0,0.0,0.0,0.0,71.2,40.0,108.8,202000.0,244.0,92.0,73.0,211.0,0.377,0.6762,1.1564,700000.0,316.0,73.0,82.0,4.0,97.0,63791840.0,299678534.0,1092000.0,69556995.0,431691532.0,424684770.0,22594996.0,499520392.0,938074072.0,472.0,333154601.0,515.0,58983725.0,2.0,142.0,11.63,33.5,23.6,0.0,19.4,374173.0,702677.0,,,,,,,,,,,,,,,,,,,,,,,,,,,,,,,,,,,,,,,,,,,,,,,,,,,,,,,,,,,,,,,,,,,,,,,,,,,,,,,,,,,,,,
The Rashtrasant Tukadoji Maharaj Nagpur University,IR-E-U-0332,2021,Engineering,data/raw/pdf/2021/Engineering/IR-E-U-0332.pdf,150.0,150.0,60.0,60.0,210,436.0,209.0,645.0,598.0,47.0,0.0,31.0,438.0,448.0,0.0,0.0,21.0,24.0,29.0,53.0,53.0,0.0,0.0,0.0,37.0,6.0,0.0,0.0,31.0,460,238,698,651,47,0,31,475,454,0,0,52,2019-20,163.0,99.0,450000.0,0.0,133.0,150.0,159.3,95.3,150.0,466667.0,2019-20,29.0,4.0,500000.0,0.0,31.0,60.0,35.0,3.3,60.0,516667.0,192.0,103.0,0.0,210.0,0.5365,0.5365,0.9143,450000.0,27.0,0.0,1.0,0.0,0.3,0.0,3254897.0,502713.0,1219910.0,89044000.0,6059132.0,15000.0,4199351.0,78535711.0,23.0,3692902.0,6.0,445000.0,2.0,40.0,18.12,34.1,6.7,0.0,65.0,6016.0,112515.0,,,,,,,,,,,,,,,,,,,,,,,,,,,,,,,,,,,,,,,,,,,,,,,,,,,,,,,,,,,,,,,,,,,,,,,,,,,,,,,,,,,,,,
Visvesvaraya National Institute of Technology,IR-E-U-0334,2021,Engineering,data/raw/pdf/2021/Engineering/IR-E-U-0334.pdf,933.0,922.0,450.0,360.0,1383,2594.0,767.0,3361.0,1604.0,1615.0,142.0,111.0,1736.0,202.0,585.0,0.0,1060.0,446.0,135.0,581.0,222.0,359.0,0.0,29.0,327.0,130.0,0.0,0.0,226.0,3040,902,3942,1826,1974,142,140,2063,332,585,0,1286,2019-20,660.0,498.0,853000.0,154.0,705.0,746.0,667.0,451.7,746.0,684333.0,2019-20,256.0,109.0,840000.0,96.0,302.0,360.0,305.3,122.3,400.0,660000.0,916.0,607.0,250.0,1106.0,0.6627,0.9356,0.8282,853000.0,440.0,44.0,56.0,5.0,79.3,17577778.0,204638000.0,19845000.0,102679000.0,994630332.0,282133807.0,7310000.0,303476593.0,1208254380.0,413.0,267635732.0,2282.0,181280963.0,2.5,268.0,16.35,22.9,50.1,3.6,23.3,76985.0,306508.0,,,,,,,,,,,,,,,,,,,,,,,,,,,,,,,,,,,,,,,,,,,,,,,,,,,,,,,,,,,,,,,,,,,,,,,,,,,,,,,,,,,,,,
Centurion University of Technology and Management,IR-E-U-0353,2021,Engineering,data/raw/pdf/2021/Engineering/IR-E-U-0353.pdf,585.0,390.0,,,585,1791.0,400.0,2191.0,1476.0,688.0,27.0,0.0,1031.0,617.0,226.0,96.0,92.0,,,,,,,,,,,,,1791,400,2191,1476,688,27,0,1031,617,226,96,92,2019-20,637.0,594.0,320000.0,41.0,738.0,745.0,724.0,566.3,843.3,302000.0,,,,,,,,,,,,637.0,594.0,41.0,745.0,0.9325,0.9969,0.855,320000.0,6.0,93.0,0.0,3.0,5.7,1024589.0,12232172.0,29259991.0,28471580.0,166457384.0,356570570.0,5491954.0,72308629.0,427007685.0,73.0,30215693.0,43.0,48032710.0,2.5,158.0,13.91,18.3,31.4,1.23,42.9,33003.0,194892.0,,,,,,,,,,,,,,,,,,,,,,,,,,,,,,,,,,,,,,,,,,,,,,,,,,,,,,,,,,,,,,,,,,,,,,,,,,,,,,,,,,,,,,
Indian Institute of Technology Bhubaneswar,IR-E-U-0355,2021,Engineering,data/raw/pdf/2021/Engineering/IR-E-U-0355.pdf,290.0,260.0,246.0,172.0,635,908.0,129.0,1037.0,42.0,995.0,0.0,169.0,529.0,284.0,0.0,0.0,414.0,273.0,61.0,334.0,93.0,240.0,1.0,54.0,151.0,41.0,0.0,0.0,164.0,1446,235,1681,148,1532,1,247,836,357,0,0,726,2019-20,195.0,156.0,1350000.0,4.0,212.0,220.0,167.0,135.3,193.3,1043333.0,2019-20,139.0,65.0,1150000.0,31.0,156.0,172.0,110.7,61.3,152.0,806667.0,334.0,221.0,35.0,392.0,0.6617,0.7665,0.852,1350000.0,161.0,0.0,20.0,0.0,13.3,58067946.0,114473502.0,48480342.0,18384389.0,378979753.0,474080286.0,9779117.0,213777699.0,761164610.0,369.0,134939061.0,143.0,28986329.0,2.5,150.0,12.28,14.0,91.1,0.06,21.2,127173.0,452805.0,99.0,90.0,265.0,45.0,310.0,13.0,297.0,0.0,24.0,156.0,32.0,0.0,0.0,148.0,2018-19,0.0,0.0,0.0,0.0,0.0,0.0,0.0,0.0,0.0,0.0,,,,,,,,,,,,,,,,,,,,,,,,,,,,,,,,,,,,,,,,,,,,,,,,,,,,,,,,,,,,,
Kalinga Institute of Industrial Technology,IR-E-U-0356,2021,Engineering,data/raw/pdf/2021/Engineering/IR-E-U-0356.pdf,3450.0,3450.0,212.0,212.0,3662,7301.0,7051.0,14352.0,192.0,13235.0,925.0,17.0,2161.0,231.0,339.0,705.0,903.0,88.0,127.0,215.0,4.0,175.0,36.0,46.0,27.0,7.0,66.0,0.0,0.0,7389,7178,14567,196,13410,961,63,2188,238,405,705,903,2019-20,3771.0,3511.0,520000.0,218.0,3753.0,3450.0,3475.0,2985.0,3325.0,430000.0,2019-20,106.0,99.0,800000.0,7.0,110.0,212.0,116.3,98.3,212.0,800000.0,3877.0,3610.0,225.0,3662.0,0.9311,0.9892,1.0587,520000.0,811.0,0.0,79.0,0.0,67.7,88096995.0,531185797.0,151247740.0,449957047.0,1364982632.0,2547750833.0,214540995.0,924994424.0,3553400181.0,240.0,86787268.0,83.0,40207859.0,2.5,1004.0,15.32,49.3,92.1,6.6,9.3,63499.0,243935.0,,,,,,,,,,,,,,,,,,,,,,,,,,,,,,,,,,,,,,,,,,,,,,,,,,,,,,,,,,,,,,,,,,,,,,,,,,,,,,,,,,,,,,
National Institute of Technology Rourkela,IR-E-U-0357,2021,Engineering,data/raw/pdf/2021/Engineering/IR-E-U-0357.pdf,927.0,747.0,1060.0,985.0,2012,2666.0,528.0,3194.0,1459.0,1442.0,293.0,83.0,1545.0,740.0,531.0,0.0,357.0,1100.0,339.0,1439.0,283.0,1149.0,7.0,51.0,797.0,312.0,0.0,0.0,536.0,3839,896,4735,1791,2644,300,137,2400,1078,531,0,928,2019-20,544.0,430.0,711000.0,80.0,597.0,610.0,531.0,457.3,626.7,653000.0,2019-20,190.0,99.0,750000.0,35.0,200.0,245.0,360.5,201.7,610.0,585833.0,751.0,530.0,120.0,875.0,0.7057,0.8655,0.8583,711000.0,1183.0,111.0,114.0,0.0,116.7,21982309.0,54796010.0,6065627.0,41984775.0,942954820.0,882046662.0,25780936.0,195644533.0,1761742600.0,547.0,185443017.0,176.0,37294127.0,2.5,388.0,15.25,18.9,55.8,6.34,34.0,41319.0,372068.0,25.0,20.0,73.0,29.0,102.0,49.0,53.0,0.0,3.0,58.0,26.0,0.0,0.0,35.0,2019-20,17.0,1.0,600000.0,5.0,17.0,20.0,20.5,6.0,25.0,600000.0,,,,,,,,,,,,,,,,,,,,,,,,,,,,,,,,,,,,,,,,,,,,,,,,,,,,,,,,,,,,,
Siksha `O` Anusandhan,IR-E-U-0363,2021,Engineering,data/raw/pdf/2021/Engineering/IR-E-U-0363.pdf,2220.0,1860.0,90.0,90.0,2310,3199.0,3994.0,7193.0,3182.0,3951.0,60.0,2034.0,2365.0,60.0,367.0,0.0,3972.0,89.0,116.0,205.0,53.0,121.0,31.0,46.0,52.0,31.0,10.0,0.0,57.0,3288,4110,7398,3235,4072,91,2080,2417,91,377,0,4029,2019-20,1971.0,1798.0,360000.0,113.0,1935.0,1980.0,1631.0,1386.0,1680.0,353333.0,2019-20,30.0,25.0,350000.0,5.0,31.0,90.0,53.0,45.0,88.5,337500.0,2001.0,1823.0,118.0,2070.0,0.911,0.97,0.9667,360000.0,576.0,135.0,65.0,7.0,66.7,41055691.0,356063395.0,103368986.0,90498547.0,1117752348.0,1174047264.0,27183105.0,487381446.0,1940272685.0,179.0,50809333.0,56.0,64116833.0,2.5,596.0,13.38,55.6,55.0,1.23,6.3,65880.0,262270.0,,,,,,,,,,,,,,,,,,,,,,,,,,,,,,,,,,,,,,,,,,,,,,,,,,,,,,,,,,,,,,,,,,,,,,,,,,,,,,,,,,,,,,
Veer Surendra Sai University of Technology,IR-E-U-0367,2021,Engineering,data/raw/pdf/2021/Engineering/IR-E-U-0367.pdf,924.0,1036.0,324.0,324.0,1248,2574.0,1118.0,3692.0,3629.0,63.0,0.0,667.0,1343.0,1443.0,21.0,54.0,492.0,234.0,267.0,501.0,475.0,26.0,0.0,5.0,42.0,37.0,8.0,0.0,2.0,2808,1385,4193,4104,89,0,672,1385,1480,29,54,494,2019-20,976.0,422.0,456000.0,113.0,986.0,1036.0,962.0,385.7,1036.0,388667.0,2019-20,21.0,10.0,710000.0,11.0,21.0,36.0,125.2,78.8,144.0,370000.0,997.0,432.0,124.0,1072.0,0.4333,0.5577,0.93,456000.0,392.0,76.0,16.0,1.0,20.0,45500000.0,152000000.0,5500000.0,42000000.0,750000000.0,150000000.0,15000000.0,165995756.0,703333333.0,23.0,6709367.0,51.0,8086599.0,2.5,272.0,16.86,33.0,2.1,0.0,37.3,39589.0,167740.0,,,,,,,,,,,,,,,,,,,,,,,,,,,,,,,,,,,,,,,,,,,,,,,,,,,,,,,,,,,,,,,,,,,,,,,,,,,,,,,,,,,,,,
Chitkara University,IR-E-U-0373,2021,Engineering,data/raw/pdf/2021/Engineering/IR-E-U-0373.pdf,1470.0,1440.0,,,1515,3894.0,1278.0,5172.0,1992.0,3170.0,10.0,372.0,455.0,36.0,331.0,5.0,455.0,,,,,,,,,,,,,3927,1318,5245,2032,3203,10,429,464,36,388,5,464,2019-20,1087.0,854.0,480000.0,36.0,1123.0,1260.0,1003.3,662.7,1140.0,404667.0,,,,,,,,,,,,1100.0,867.0,36.0,1314.0,0.7882,0.8209,0.8371,480000.0,99.0,134.0,4.0,18.0,10.0,4552835.0,25135840.0,6054640.0,100040230.0,549187848.0,552976969.0,15263852.0,80237866.0,765881427.0,79.0,19943864.0,47.0,9901911.0,2.5,423.0,12.63,25.1,61.1,0.19,8.2,15298.0,146021.0,,,,,,,,,,,,,,,,,,,,,,,,,,45.0,54.0,33.0,40.0,73.0,40.0,33.0,0.0,57.0,9.0,0.0,57.0,0.0,9.0,2019-20,13.0,13.0,450000.0,0.0,23.0,54.0,14.7,11.3,54.0,334000.0,,,,,,,,,,,,,,,,,,,,,,,,,,,,,,,,,,,,
Dr. B. R. Ambedkar National Institute of Technology,IR-E-U-0374,2021,Engineering,data/raw/pdf/2021/Engineering/IR-E-U-0374.pdf,1133.0,807.0,380.0,244.0,1513,2451.0,788.0,3239.0,1506.0,1704.0,29.0,1433.0,1639.0,0.0,1696.0,52.0,1324.0,359.0,131.0,490.0,49.0,441.0,0.0,215.0,243.0,0.0,458.0,0.0,0.0,2810,919,3729,1555,2145,29,1648,1882,0,2154,52,1324,2019-20,681.0,438.0,628000.0,22.0,689.0,786.0,689.0,480.7,816.0,609333.0,2019-20,168.0,43.0,650000.0,21.0,178.0,244.0,162.3,60.7,244.0,613333.0,849.0,481.0,43.0,1030.0,0.5665,0.6172,0.8243,628000.0,339.0,108.0,31.0,15.0,37.3,24002842.0,52893378.0,32000.0,18277246.0,615427882.0,320110841.0,8291100.0,96174449.0,849956486.0,77.0,18241978.0,333.0,15962114.0,2.5,308.0,13.21,24.6,57.5,0.78,59.2,25791.0,227931.0,,,,,,,,,,,,,,,,,,,,,,,,,,,,,,,,,,,,,,,,,,,,,,,,,,,,,,,,,,,,,,,,,,,,,,,,,,,,,,,,,,,,,,
Guru Nanak Dev University,IR-E-U-0376,2021,Engineering,data/raw/pdf/2021/Engineering/IR-E-U-0376.pdf,560.0,540.0,40.0,60.0,600,1184.0,497.0,1681.0,1334.0,342.0,5.0,74.0,178.0,129.0,37.0,10.0,76.0,9.0,46.0,55.0,53.0,2.0,0.0,6.0,9.0,9.0,4.0,0.0,2.0,1193,543,1736,1387,344,5,80,187,138,41,10,78,2019-20,388.0,357.0,380000.0,31.0,403.0,480.0,402.0,364.7,520.0,370000.0,2019-20,0.0,0.0,0.0,0.0,0.0,0.0,26.0,20.2,30.0,162200.0,388.0,357.0,31.0,480.0,0.9201,1.0,0.8083,380000.0,21.0,13.0,0.0,0.0,2.7,17100351.0,2584184.0,262877.0,330000.0,33200000.0,278000.0,0.0,18455997.0,34248345.0,1.0,500000.0,3.0,10100000.0,2.5,69.0,25.46,31.3,19.8,0.29,10.9,10631.0,19728.0,,,,,,,,,,,,,,,,,,,,,,,,,,,,,,,,,,,,,,,,,,,,,,,,,,,,,,,,,,,,,,,,,,,,,,,,,,,,,,,,,,,,,,
Indian Institute of Technology Ropar,IR-E-U-0378,2021,Engineering,data/raw/pdf/2021/Engineering/IR-E-U-0378.pdf,330.0,297.0,238.0,171.0,568,870.0,125.0,995.0,74.0,921.0,0.0,152.0,507.0,8.0,307.0,0.0,344.0,315.0,88.0,403.0,32.0,370.0,1.0,21.0,192.0,0.0,85.0,0.0,128.0,1194,215,1409,107,1301,1,173,699,8,392,0,472,2019-20,127.0,102.0,1220000.0,4.0,145.0,145.0,109.7,85.0,128.3,1100000.0,2019-20,139.0,62.0,625000.0,25.0,155.0,171.0,115.0,40.5,143.5,612500.0,273.0,169.0,29.0,326.0,0.619,0.7253,0.8374,1220000.0,538.0,36.0,28.0,0.0,24.0,34076312.0,438992322.0,27359722.0,492406857.0,503401939.0,502778948.0,55282358.0,753848239.0,782204047.0,265.0,140995691.0,83.0,11466340.0,2.5,176.0,11.06,15.3,92.3,0.07,28.4,535024.0,555148.0,,,,,,,,,,,,,,,,,,,,,,,,,,0.0,8.0,9.0,2.0,11.0,1.0,10.0,0.0,0.0,0.0,0.0,0.0,0.0,0.0,2019-20,7.0,5.0,775000.0,0.0,9.0,10.0,2.2,1.2,11.2,295833.0,,,,,,,,,,,,,,,,,,,,,,,,,,,,,,,,,,,,
Lovely Professional University,IR-E-U-0379,2021,Engineering,data/raw/pdf/2021/Engineering/IR-E-U-0379.pdf,3900.0,3720.0,120.0,120.0,4020,15381.0,1849.0,17230.0,946.0,15769.0,515.0,4175.0,2136.0,108.0,1905.0,0.0,4298.0,161.0,66.0,227.0,18.0,178.0,31.0,90.0,19.0,2.0,7.0,0.0,100.0,15542,1915,17457,964,15947,546,4265,2155,110,1912,0,4398,2019-20,3936.0,2139.0,441000.0,129.0,3985.0,4320.0,2950.0,1525.3,3346.7,370333.0,2019-20,28.0,23.0,465000.0,0.0,34.0,40.0,89.4,30.0,109.0,393000.0,3964.0,2162.0,129.0,4360.0,0.5454,0.578,0.9092,441000.0,341.0,975.0,11.0,24.0,24.0,68557098.0,59495768.0,10433287.0,225222291.0,1147183435.0,1599003322.0,1694485.0,461457153.0,2347231846.0,142.0,23582711.0,613.0,31839890.0,2.5,1156.0,15.4,11.0,91.4,3.13,11.6,26434.0,134458.0,,,,,,,,,,,,,,,,,,,,,,,,,,,,,,,,,,,,,,,,,,,,,,,,,,,,,,,,,,,,,,,,,,,,,,,,,,,,,,,,,,,,,,
Punjab Technical University,IR-E-U-0382,2021,Engineering,data/raw/pdf/2021/Engineering/IR-E-U-0382.pdf,390.0,300.0,18.0,100.0,408,577.0,102.0,679.0,326.0,353.0,0.0,53.0,318.0,50.0,50.0,0.0,271.0,10.0,13.0,23.0,10.0,13.0,0.0,0.0,1.0,1.0,0.0,0.0,0.0,587,115,702,336,366,0,53,319,51,50,0,271,2019-20,95.0,44.0,369000.0,0.0,108.0,225.0,31.7,14.7,75.0,123000.0,2019-20,23.0,7.0,300000.0,0.0,28.0,100.0,14.7,4.7,91.7,273333.0,118.0,51.0,0.0,325.0,0.4322,0.4322,0.3631,369000.0,0.0,554.0,0.0,87.0,61.0,12316422.0,10223277.0,10362522.0,1220779.0,820366784.0,72243681.0,3526399.0,94946991.0,627376470.0,9.0,1545740.0,0.0,0.0,2.5,79.0,8.89,16.4,52.1,0.0,14.4,135252.0,893699.0,,,,,,,,,,,,,,,,,,,,,,,,,,,,,,,,,,,,,,,,,,,,,,,,,,,,,,,,,,,,,,,,,,,,,,,,,,,,,,,,,,,,,,
Sant Longowal Institute of Engineering & Technology,IR-E-U-0384,2021,Engineering,data/raw/pdf/2021/Engineering/IR-E-U-0384.pdf,570.0,570.0,104.0,197.0,674,1738.0,462.0,2200.0,536.0,1664.0,0.0,480.0,1046.0,575.0,98.0,0.0,853.0,95.0,40.0,135.0,17.0,118.0,0.0,47.0,53.0,86.0,0.0,0.0,14.0,1833,502,2335,553,1782,0,527,1099,661,98,0,867,2019-20,508.0,184.0,340000.0,37.0,106.0,570.0,519.0,183.0,570.0,313333.0,2019-20,36.0,10.0,360000.0,11.0,90.0,197.0,52.7,6.3,197.0,356667.0,544.0,194.0,48.0,767.0,0.3566,0.4449,0.7093,340000.0,120.0,54.0,8.0,27.0,23.3,4855000.0,26169000.0,31942.0,15309000.0,464575309.0,280875862.0,678721.0,44072197.0,712956826.0,37.0,7404961.0,4.0,89330.0,2.5,174.0,14.11,21.5,76.3,0.0,32.5,18875.0,305335.0,,,,,,,,,,,,,,,,,,,,,,,,,,,,,,,,,,,,,,,,,,,,,,,,,,,,,,,,,,,,,,,,,,,,,,,,,,,,,,,,,,,,,,
Banasthali Vidyapith,IR-E-U-0389,2021,Engineering,data/raw/pdf/2021/Engineering/IR-E-U-0389.pdf,930.0,930.0,162.0,162.0,1092,0.0,3370.0,3370.0,209.0,3002.0,159.0,357.0,340.0,17.0,341.0,17.0,322.0,0.0,105.0,105.0,17.0,88.0,0.0,76.0,4.0,1.0,62.0,0.0,17.0,0,3475,3475,226,3090,159,433,344,18,403,17,339,2019-20,719.0,619.0,540000.0,61.0,741.0,690.0,728.7,546.3,690.0,450000.0,2019-20,60.0,12.0,430000.0,7.0,61.0,162.0,73.7,12.0,162.0,410000.0,779.0,631.0,68.0,852.0,0.81,0.8973,0.9143,540000.0,241.0,0.0,65.0,0.0,60.3,6212893.0,80935690.0,4504586.0,3103804.0,415249231.0,201160723.0,1278425.0,102238802.0,512000724.0,12.0,38852103.0,4.0,15100000.0,2.5,214.0,17.36,100.0,88.9,4.58,12.6,29421.0,147338.0,,,,,,,,,,,,,,,,,,,,,,,,,,,,,,,,,,,,,,,,,,,,,,,,,,,,,,,,,,,,,,,,,,,,,,,,,,,,,,,,,,,,,,
Birla Institute of Technology & Science -Pilani,IR-E-U-0391,2021,Engineering,data/raw/pdf/2021/Engineering/IR-E-U-0391.pdf,2831.0,2779.0,664.0,622.0,3495,8921.0,1218.0,10139.0,1412.0,8446.0,281.0,2548.0,235.0,1.0,46.0,2.0,2734.0,944.0,341.0,1285.0,99.0,1186.0,0.0,309.0,65.0,0.0,0.0,0.0,374.0,9865,1559,11424,1511,9632,281,2857,300,1,46,2,3108,2019-20,2020.0,1788.0,1400000.0,136.0,2023.0,2023.0,2050.0,1795.0,2059.7,1250000.0,2019-20,619.0,476.0,1250000.0,52.0,622.0,622.0,437.3,341.7,443.0,1082021.0,2639.0,2264.0,188.0,2645.0,0.8579,0.9291,0.9977,1400000.0,361.0,147.0,40.0,16.0,43.0,86218701.0,701696417.0,31781609.0,192882438.0,1940631196.0,910330083.0,1983972.0,660151827.0,2531237010.0,251.0,82399070.0,39.0,8135033.0,2.5,585.0,20.15,13.6,84.3,2.46,0.4,57786.0,221572.0,,,,,,,,,,,,,,,,,,,,,,,,,,,,,,,,,,,,,,,,,,,,,,,,,,,,,,,,,,,,,,,,,,,,,,,,,,,,,,,,,,,,,,
Indian Institute of Technology Jodhpur,IR-E-U-0395,2021,Engineering,data/raw/pdf/2021/Engineering/IR-E-U-0395.pdf,352.0,247.0,256.0,155.0,608,729.0,118.0,847.0,202.0,645.0,0.0,115.0,423.0,0.0,249.0,0.0,289.0,337.0,94.0,431.0,86.0,344.0,1.0,119.0,162.0,0.0,56.0,0.0,225.0,1066,212,1278,288,989,1,234,585,0,305,0,514,2019-20,112.0,76.0,1225000.0,2.0,121.0,120.0,112.3,80.3,133.3,1025000.0,2019-20,83.0,17.0,1150000.0,25.0,94.0,155.0,66.7,16.0,111.7,846667.0,195.0,93.0,27.0,275.0,0.4769,0.6154,0.7091,1225000.0,289.0,3.0,32.0,2.0,26.0,15431762.0,240406581.0,7038245.0,25208644.0,338705439.0,663802499.0,5421950.0,306766992.0,649323396.0,230.0,116671787.0,22.0,2777881.0,2.5,146.0,10.73,16.6,77.4,0.08,23.9,240037.0,508078.0,,,,,,,,,,,,,,,,,,,,,,,,,,,,,,,,,,,,,,,,,,,,,,,,,,,,,,,,,,,,,,,,,,,,,,,,,,,,,,,,,,,,,,
Malaviya National Institute of Technology,IR-E-U-0410,2021,Engineering,data/raw/pdf/2021/Engineering/IR-E-U-0410.pdf,900.0,746.0,1025.0,800.0,1925,2351.0,499.0,2850.0,1372.0,1450.0,28.0,611.0,1437.0,44.0,1273.0,3.0,728.0,759.0,358.0,1117.0,532.0,583.0,2.0,131.0,597.0,728.0,0.0,0.0,0.0,3110,857,3967,1904,2033,30,742,2034,772,1273,3,728,2019-20,623.0,443.0,700000.0,23.0,651.0,716.0,603.7,462.0,716.3,668333.0,2019-20,402.0,182.0,600000.0,21.0,476.0,800.0,391.7,120.3,790.7,558486.0,1025.0,625.0,44.0,1516.0,0.6098,0.6527,0.6761,700000.0,475.0,296.0,53.0,30.0,79.3,30714238.0,38292969.0,7421758.0,106747472.0,877216291.0,351128571.0,2825872.0,347817131.0,1238142254.0,119.0,65767725.0,724.0,79831704.0,2.5,490.0,9.07,21.6,51.2,0.76,51.6,87678.0,312110.0,,,,,,,,,,,,,,,,,,,,,,,,,,,,,,,,,,,,,,,,,,,,,,,,,,,,,,,,,,,,,,,,,,,,,,,,,,,,,,,,,,,,,,
Amrita Vishwa Vidyapeetham,IR-E-U-0436,2021,Engineering,data/raw/pdf/2021/Engineering/IR-E-U-0436.pdf,2700.0,2100.0,972.0,848.0,3672,7312.0,2037.0,9349.0,4113.0,5187.0,49.0,162.0,3606.0,25.0,865.0,3.0,2875.0,451.0,306.0,757.0,268.0,489.0,0.0,26.0,277.0,82.0,97.0,0.0,124.0,7763,2343,10106,4381,5676,49,188,3883,107,962,3,2999,2019-20,2101.0,1569.0,450000.0,366.0,2351.0,2040.0,1870.7,1284.0,2040.0,395000.0,2019-20,337.0,218.0,400000.0,15.0,385.0,848.0,538.0,249.7,861.7,440000.0,2438.0,1787.0,381.0,2888.0,0.733,0.8893,0.8442,450000.0,265.0,358.0,10.0,18.0,31.3,61639771.0,21771623.0,92416993.0,136600023.0,1175636874.0,766187161.0,15570177.0,272627624.0,1862555774.0,170.0,240452959.0,93.0,31748677.0,2.5,752.0,13.79,23.2,56.2,0.48,10.6,26977.0,184302.0,,,,,,,,,,,,,,,,,,,,,,,,,,,,,,,,,,,,,,,,,,,,,,,,,,,,,,,,,,,,,,,,,,,,,,,,,,,,,,,,,,,,,,
Anna University,IR-E-U-0439,2021,Engineering,data/raw/pdf/2021/Engineering/IR-E-U-0439.pdf,2470.0,2740.0,1698.0,1710.0,4168,6338.0,4220.0,10558.0,10268.0,116.0,174.0,1780.0,7177.0,3415.0,0.0,591.0,4951.0,1358.0,1259.0,2617.0,2527.0,72.0,18.0,296.0,2175.0,395.0,0.0,10.0,2066.0,7696,5479,13175,12795,188,192,2076,9352,3810,0,601,7017,2019-20,2260.0,1128.0,550000.0,157.0,2738.0,2740.0,2390.7,1202.3,2700.0,516667.0,2018-19,1149.0,415.0,420000.0,32.0,1253.0,1705.0,1237.0,343.0,1702.5,420000.0,3409.0,1543.0,189.0,4445.0,0.4526,0.5081,0.7669,550000.0,846.0,765.0,79.0,95.0,183.3,33249961.0,398969397.0,1804639.0,612631706.0,2321533757.0,386393653.0,7499423.0,755797348.0,2408372632.0,347.0,391593061.0,3488.0,268326525.0,2.5,982.0,14.28,41.6,1.4,1.46,33.5,57366.0,182799.0,,,,,,,,,,,,,,,,,,,,,,,,,,,,,,,,,,,,,,,,,,,,,,,,,,,,,,,,,,,,,,,,,,,,,,,,,,,,,,,,,,,,,,
Annamalai University,IR-E-U-0443,2021,Engineering,data/raw/pdf/2021/Engineering/IR-E-U-0443.pdf,1020.0,1020.0,370.0,370.0,1390,1702.0,501.0,2203.0,2158.0,7.0,38.0,0.0,875.0,875.0,0.0,0.0,0.0,104.0,118.0,222.0,212.0,8.0,2.0,0.0,58.0,58.0,0.0,0.0,0.0,1806,619,2425,2370,15,40,0,933,933,0,0,0,2019-20,443.0,63.0,217500.0,37.0,545.0,810.0,658.3,140.7,2240.0,215300.0,2019-20,97.0,19.0,192000.0,18.0,118.0,370.0,112.5,21.0,348.0,229800.0,540.0,82.0,55.0,1180.0,0.1519,0.2537,0.4576,217500.0,131.0,791.0,33.0,43.0,83.3,671775.0,2861386.0,0.0,0.0,1123207085.0,29062033.0,0.0,12986844.0,1152676591.0,26.0,13816246.0,33.0,9309699.0,1.5,307.0,8.33,25.5,0.6,1.65,38.5,5355.0,475331.0,,,,,,,,,,,,,,,,,,,,,,,,,,,,,,,,,,,,,,,,,,,,,,,,,,,,,,,,,,,,,,,,,,,,,,,,,,,,,,,,,,,,,,
B. S. Abdur Rahman Crescent Institute of Science and Technology,IR-E-U-0445,2021,Engineering,data/raw/pdf/2021/Engineering/IR-E-U-0445.pdf,930.0,990.0,162.0,90.0,1092,2456.0,591.0,3047.0,2613.0,433.0,1.0,320.0,2396.0,193.0,315.0,50.0,2158.0,65.0,39.0,104.0,94.0,10.0,0.0,7.0,72.0,9.0,7.0,2.0,61.0,2521,630,3151,2707,443,1,327,2468,202,322,52,2219,2019-20,817.0,651.0,325000.0,46.0,859.0,960.0,755.7,610.7,990.0,295000.0,2018-19,56.0,22.0,300000.0,0.0,86.0,126.0,53.5,35.0,144.0,250000.0,873.0,673.0,46.0,1086.0,0.7709,0.8236,0.8039,325000.0,30.0,235.0,3.0,9.0,8.0,8031215.0,28110866.0,2256276.0,17008317.0,383196785.0,190887137.0,70739642.0,94654469.0,571922586.0,52.0,21153333.0,130.0,21132481.0,2.5,325.0,9.79,20.0,14.1,0.03,18.3,30040.0,181505.0,,,,,,,,,,,,,,,,,,,,,,,,,,,,,,,,,,,,,,,,,,,,,,,,,,,,,,,,,,,,,,,,,,,,,,,,,,,,,,,,,,,,,,
Hindustan Institute of Technology and Science (HITS),IR-E-U-0454,2021,Engineering,data/raw/pdf/2021/Engineering/IR-E-U-0454.pdf,1740.0,1440.0,168.0,150.0,1908,3561.0,1063.0,4624.0,3448.0,1156.0,20.0,392.0,348.0,5.0,592.0,0.0,143.0,75.0,26.0,101.0,50.0,51.0,0.0,56.0,29.0,0.0,3.0,0.0,82.0,3636,1089,4725,3498,1207,20,448,377,5,595,0,225,2019-20,877.0,619.0,330000.0,72.0,1101.0,1215.0,810.0,577.7,1231.7,298333.0,2018-19,76.0,54.0,398000.0,8.0,76.0,100.0,74.5,48.0,95.0,369000.0,953.0,673.0,80.0,1315.0,0.7062,0.7901,0.7247,330000.0,71.0,268.0,3.0,24.0,29.7,6944205.0,22360614.0,2165890.0,34062940.0,339855091.0,18697516.0,8415543.0,116559435.0,356042369.0,37.0,10367380.0,4.0,385622.0,2.5,414.0,11.58,23.0,25.5,0.42,12.7,24669.0,75353.0,,,,,,,,,,,,,,,,,,,,,,,,,,,,,,,,,,,,,,,,,,,,,,,,,,,,,,,,,,,,,,,,,,,,,,,,,,,,,,,,,,,,,,
Indian Institute of Technology Madras,IR-E-U-0456,2021,Engineering,data/raw/pdf/2021/Engineering/IR-E-U-0456.pdf,762.0,488.0,435.0,403.0,1599,1874.0,332.0,2206.0,338.0,1848.0,20.0,215.0,1137.0,59.0,832.0,155.0,306.0,1024.0,174.0,1198.0,144.0,1051.0,3.0,239.0,473.0,0.0,579.0,131.0,2.0,4958,891,5849,957,4855,37,892,2699,109,2466,474,542,2019-20,374.0,286.0,1500000.0,43.0,465.0,466.0,356.7,279.0,466.0,1388667.0,2019-20,302.0,213.0,1200000.0,26.0,411.0,403.0,360.3,291.7,404.7,1058333.0,1157.0,873.0,143.0,1486.0,0.7545,0.8781,0.7786,1500000.0,2112.0,39.0,264.0,3.0,243.7,181223515.0,1865813663.0,519428.0,256594552.0,5602172731.0,3991835986.0,171971644.0,2251929594.0,8231987875.0,1771.0,4101313398.0,2635.0,1380500293.0,2.5,642.0,12.4,15.2,83.0,0.63,52.1,385011.0,1407418.0,157.0,358.0,1459.0,270.0,1729.0,313.0,1402.0,14.0,176.0,862.0,44.0,697.0,92.0,205.0,2019-20,316.0,248.0,1600000.0,41.0,346.0,372.0,315.0,237.5,382.0,1475000.0,245.0,245.0,601.0,115.0,716.0,162.0,554.0,0.0,262.0,227.0,6.0,358.0,96.0,29.0,2019-20,165.0,126.0,1400000.0,33.0,209.0,245.0,159.0,106.7,241.7,1200000.0,,,,,,,,,,,,,,,,,,,,,,,,,,,,,,,,,,,,
Kalasalingam Academy of Research and Higher Education,IR-E-U-0458,2021,Engineering,data/raw/pdf/2021/Engineering/IR-E-U-0458.pdf,1290.0,1290.0,132.0,252.0,1422,1690.0,2531.0,4221.0,1637.0,2574.0,10.0,702.0,3096.0,130.0,1380.0,218.0,2070.0,27.0,36.0,63.0,46.0,16.0,1.0,3.0,57.0,0.0,35.0,11.0,14.0,1717,2567,4284,1683,2590,11,705,3153,130,1415,229,2084,2019-20,1332.0,1219.0,401000.0,50.0,1330.0,1470.0,1007.7,926.7,1160.0,362667.0,2018-19,40.0,36.0,369000.0,3.0,40.0,54.0,52.5,49.5,84.0,364500.0,1372.0,1255.0,53.0,1524.0,0.9147,0.9534,0.9003,401000.0,233.0,47.0,57.0,22.0,41.7,6142856.0,53079428.0,19753207.0,66602815.0,590342562.0,379145072.0,47751482.0,170080046.0,862441553.0,429.0,83118505.0,273.0,42751414.0,2.5,352.0,12.83,59.9,60.5,0.26,41.4,39701.0,201317.0,,,,,,,,,,,,,,,,,,,,,,,,,,,,,,,,,,,,,,,,,,,,,,,,,,,,,,,,,,,,,,,,,,,,,,,,,,,,,,,,,,,,,,
Karunya Institute of Technology and Sciences,IR-E-U-0460,2021,Engineering,data/raw/pdf/2021/Engineering/IR-E-U-0460.pdf,1300.0,1540.0,230.0,300.0,1530,3478.0,1342.0,4820.0,2307.0,2511.0,2.0,294.0,2593.0,0.0,36.0,10.0,2841.0,99.0,110.0,209.0,119.0,90.0,0.0,6.0,138.0,0.0,18.0,0.0,126.0,3577,1452,5029,2426,2601,2,300,2731,0,54,10,2967,2019-20,1371.0,522.0,330000.0,130.0,1470.0,1650.0,1408.7,635.3,1628.0,276667.0,2019-20,88.0,12.0,300000.0,1.0,93.0,300.0,126.7,48.7,308.3,296667.0,1459.0,534.0,131.0,1950.0,0.366,0.4558,0.7482,330000.0,57.0,284.0,10.0,49.0,35.7,5104565.0,34485179.0,98345.0,2776660.0,437433622.0,237309358.0,6376047.0,73708685.0,744318742.0,76.0,18955326.0,1294.0,12182801.0,2.5,387.0,13.14,28.9,51.7,0.04,1.3,14657.0,148005.0,,,,,,,,,,,,,,,,,,,,,,,,,,,,,,,,,,,,,,,,,,,,,,,,,,,,,,,,,,,,,,,,,,,,,,,,,,,,,,,,,,,,,,
National Institute of Technology Tiruchirappalli,IR-E-U-0467,2021,Engineering,data/raw/pdf/2021/Engineering/IR-E-U-0467.pdf,964.0,768.0,582.0,582.0,1546,2973.0,698.0,3671.0,1554.0,1998.0,119.0,377.0,1635.0,73.0,1467.0,56.0,416.0,834.0,142.0,976.0,106.0,865.0,5.0,176.0,574.0,0.0,679.0,71.0,0.0,3807,840,4647,1660,2863,124,553,2209,73,2146,127,416,2019-20,803.0,556.0,1050000.0,178.0,811.0,768.0,814.0,572.0,768.0,900000.0,2019-20,489.0,368.0,750000.0,22.0,508.0,582.0,453.5,370.0,568.0,675000.0,1292.0,924.0,200.0,1350.0,0.7152,0.87,0.957,1050000.0,649.0,412.0,117.0,43.0,113.0,33279763.0,235795069.0,0.0,322067760.0,1111999273.0,1313575976.0,7357983.0,772086190.0,2037049126.0,124.0,486726276.0,58.0,41239426.0,2.5,368.0,14.39,18.1,61.6,2.67,50.5,166147.0,438358.0,,,,,,,,,,,,,,,,,,,,,,,,,,,,,,,,,,,,,,,,,,,,,,,,,,,,,,,,,,,,,,,,,,,,,,,,,,,,,,,,,,,,,,
S.R.M. Institute of Science and Technology,IR-E-U-0473,2021,Engineering,data/raw/pdf/2021/Engineering/IR-E-U-0473.pdf,5490.0,6000.0,745.0,930.0,6235,15510.0,4505.0,20015.0,3367.0,16257.0,391.0,5508.0,5064.0,0.0,930.0,144.0,9498.0,426.0,276.0,702.0,366.0,272.0,64.0,197.0,182.0,4.0,375.0,0.0,0.0,15936,4781,20717,3733,16529,455,5705,5246,4,1305,144,9498,2019-20,5020.0,4280.0,360000.0,391.0,5205.0,5220.0,4693.0,3773.7,5190.0,356667.0,2019-20,330.0,18.0,360000.0,7.0,336.0,930.0,348.0,39.3,578.3,370000.0,5350.0,4298.0,398.0,6150.0,0.8034,0.8778,0.8699,360000.0,974.0,155.0,77.0,116.0,117.7,102246978.0,380016027.0,106525978.0,81985341.0,2225742700.0,2372665354.0,69083688.0,541856625.0,3850893541.0,303.0,122169412.0,402.0,15732198.0,2.5,1486.0,14.6,23.1,79.8,2.2,7.0,26155.0,185881.0,,,,,,,,,,,,,,,,,,,,,,,,,,,,,,,,,,,,,,,,,,,,,,,,,,,,,,,,,,,,,,,,,,,,,,,,,,,,,,,,,,,,,,
Sathyabama Institute of Science and Technology,IR-E-U-0474,2021,Engineering,data/raw/pdf/2021/Engineering/IR-E-U-0474.pdf,2700.0,2700.0,186.0,276.0,2886,6218.0,2968.0,9186.0,1286.0,7816.0,84.0,1357.0,4409.0,1782.0,1047.0,107.0,2830.0,30.0,98.0,128.0,56.0,71.0,1.0,7.0,114.0,9.0,32.0,7.0,73.0,6248,3066,9314,1342,7887,85,1364,4523,1791,1079,114,2903,2019-20,2907.0,723.0,380000.0,322.0,3168.0,3168.0,2542.3,708.7,2760.0,363333.0,2019-20,50.0,45.0,450000.0,4.0,51.0,276.0,63.0,52.7,158.7,455000.0,2957.0,768.0,326.0,3444.0,0.2597,0.37,0.8586,380000.0,295.0,737.0,26.0,108.0,110.3,68682406.0,350145225.0,51925625.0,191501415.0,1144329211.0,141220326.0,16725174.0,539970327.0,1202666720.0,363.0,169032223.0,236.0,24517167.0,2.5,819.0,11.73,32.9,84.7,0.91,32.0,57974.0,129125.0,,,,,,,,,,,,,,,,,,,,,,,,,,,,,,,,,,,,,,,,,,,,,,,,,,,,,,,,,,,,,,,,,,,,,,,,,,,,,,,,,,,,,,
Shanmugha Arts Science Technology & Research Academy,IR-E-U-0476,2021,Engineering,data/raw/pdf/2021/Engineering/IR-E-U-0476.pdf,1920.0,1800.0,100.0,100.0,2020,4664.0,2682.0,7346.0,4135.0,3209.0,2.0,2781.0,892.0,88.0,320.0,22.0,3243.0,72.0,133.0,205.0,177.0,28.0,0.0,56.0,47.0,12.0,6.0,0.0,85.0,4736,2815,7551,4312,3237,2,2837,939,100,326,22,3328,2019-20,1761.0,1543.0,500000.0,122.0,1873.0,1900.0,1663.3,1435.7,1773.3,450000.0,2019-20,112.0,89.0,400000.0,16.0,155.0,160.0,132.4,103.6,155.0,372000.0,1873.0,1632.0,138.0,2060.0,0.8713,0.945,0.9092,500000.0,389.0,157.0,59.0,18.0,58.3,30996619.0,255937978.0,12176.0,306403834.0,782467328.0,546631855.0,56385433.0,460813931.0,1294689834.0,299.0,83953661.0,2683.0,191228989.0,2.5,583.0,13.62,37.3,42.9,0.03,5.9,61027.0,171459.0,,,,,,,,,,,,,,,,,,,,,,,,,,,,,,,,,,,,,,,,,,,,,,,,,,,,,,,,,,,,,,,,,,,,,,,,,,,,,,,,,,,,,,
Vel Tech Rangarajan Dr. Sagunthala R & D Institute of Science and Technology,IR-E-U-0489,2021,Engineering,data/raw/pdf/2021/Engineering/IR-E-U-0489.pdf,2400.0,2400.0,354.0,354.0,2754,6718.0,1137.0,7855.0,808.0,6856.0,191.0,1456.0,3348.0,0.0,3025.0,0.0,1779.0,193.0,30.0,223.0,141.0,72.0,10.0,25.0,138.0,8.0,0.0,0.0,155.0,6911,1167,8078,949,6928,201,1481,3486,8,3025,0,1934,2019-20,916.0,728.0,420000.0,65.0,1445.0,1560.0,716.3,535.3,1270.0,383333.0,2018-19,124.0,93.0,500000.0,5.0,220.0,324.0,107.0,78.5,369.0,475000.0,1040.0,821.0,70.0,1884.0,0.7894,0.8567,0.552,420000.0,33.0,288.0,1.0,31.0,21.7,3471026.0,46292208.0,4626191.0,51695953.0,495005862.0,281326977.0,3120567.0,114724577.0,699273453.0,37.0,4072362.0,134.0,13789021.0,2.5,698.0,11.62,14.4,85.8,2.49,37.5,14202.0,86565.0,,,,,,,,,,,,,,,,,,,,,,,,,,,,,,,,,,,,,,,,,,,,,,,,,,,,,,,,,,,,,,,,,,,,,,,,,,,,,,,,,,,,,,
Vellore Institute of Technology,IR-E-U-0490,2021,Engineering,data/raw/pdf/2021/Engineering/IR-E-U-0490.pdf,7660.0,7140.0,1788.0,2010.0,9448,21059.0,4495.0,25554.0,3657.0,20481.0,1416.0,8260.0,5822.0,0.0,215.0,0.0,13867.0,1871.0,977.0,2848.0,589.0,2212.0,47.0,756.0,1145.0,0.0,0.0,0.0,1901.0,22930,5472,28402,4246,22693,1463,9016,6967,0,215,0,15768,2019-20,5500.0,3483.0,650000.0,922.0,6009.0,6283.0,4685.7,2920.7,6101.0,573333.0,2019-20,578.0,339.0,600000.0,8.0,645.0,660.0,896.2,428.8,1391.4,530000.0,6078.0,3822.0,930.0,6943.0,0.6288,0.7818,0.8754,650000.0,1022.0,1041.0,146.0,153.0,252.7,23237129.0,588778004.0,4100478.0,145766665.0,3072942536.0,3016455486.0,27467629.0,588517358.0,5805286104.0,421.0,137505086.0,144.0,7060180.0,2.5,2031.0,14.49,19.3,79.9,5.15,0.8,20721.0,204397.0,,,,,,,,,,,,,,,,,,,,,,,,,,,,,,,,,,,,,,,,,,,,,,,,,,,,,,,,,,,,,,,,,,,,,,,,,,,,,,,,,,,,,,
"Vels Institute of Science, Technology & Advanced Studies (VISTAS)",IR-E-U-0491,2021,Engineering,data/raw/pdf/2021/Engineering/IR-E-U-0491.pdf,530.0,530.0,84.0,84.0,614,1764.0,206.0,1970.0,1684.0,282.0,4.0,234.0,1301.0,0.0,102.0,30.0,1403.0,73.0,19.0,92.0,77.0,15.0,0.0,6.0,64.0,0.0,2.0,0.0,68.0,1837,225,2062,1761,297,4,240,1365,0,104,30,1471,2019-20,501.0,402.0,302000.0,63.0,514.0,620.0,374.0,292.7,550.0,286143.0,2019-20,43.0,30.0,365000.0,3.0,43.0,84.0,37.0,26.0,96.0,357500.0,544.0,432.0,66.0,704.0,0.7941,0.9154,0.7727,302000.0,19.0,185.0,4.0,30.0,19.7,3586054.0,2270131.0,18519265.0,9356490.0,97268820.0,31835147.0,1581408.0,56932403.0,130647776.0,16.0,10775827.0,52.0,1126572.0,2.5,254.0,8.19,10.9,14.4,0.19,6.5,27610.0,63360.0,,,,,,,,,,,,,,,,,,,,,,,,,,,,,,,,,,,,,,,,,,,,,,,,,,,,,,,,,,,,,,,,,,,,,,,,,,,,,,,,,,,,,,
National Institute of Technology Agartala,IR-E-U-0493,2021,Engineering,data/raw/pdf/2021/Engineering/IR-E-U-0493.pdf,862.0,797.0,332.0,312.0,1194,2241.0,541.0,2782.0,1292.0,1487.0,3.0,808.0,1745.0,925.0,932.0,231.0,465.0,268.0,64.0,332.0,90.0,242.0,0.0,5.0,165.0,170.0,0.0,0.0,0.0,2509,605,3114,1382,1729,3,813,1910,1095,932,231,465,2019-20,518.0,353.0,695000.0,55.0,620.0,787.0,591.7,334.3,787.0,585333.0,2019-20,6.0,3.0,450000.0,1.0,11.0,20.0,74.2,13.0,136.8,432600.0,524.0,356.0,56.0,807.0,0.6794,0.7863,0.6493,695000.0,134.0,71.0,11.0,4.0,22.7,2157079.0,99082095.0,70563879.0,13731000.0,354548000.0,377128954.0,170000.0,267655351.0,702960318.0,34.0,10681632.0,24.0,2878426.0,2.5,215.0,15.11,19.4,55.5,0.1,72.5,85952.0,225742.0,,,,,,,,,,,,,,,,,,,,,,,,,,,,,,,,,,,,,,,,,,,,,,,,,,,,,,,,,,,,,,,,,,,,,,,,,,,,,,,,,,,,,,
Aligarh Muslim University,IR-E-U-0496,2021,Engineering,data/raw/pdf/2021/Engineering/IR-E-U-0496.pdf,365.0,365.0,316.0,261.0,681,1386.0,248.0,1634.0,1249.0,353.0,32.0,1138.0,470.0,443.0,119.0,56.0,990.0,471.0,113.0,584.0,458.0,120.0,6.0,258.0,170.0,127.0,0.0,1.0,300.0,1857,361,2218,1707,473,38,1396,640,570,119,57,1290,2019-20,348.0,148.0,500000.0,119.0,424.0,385.0,370.7,136.0,385.0,476000.0,2018-19,55.0,19.0,462000.0,24.0,200.0,266.0,91.0,23.5,263.5,493500.0,403.0,167.0,143.0,651.0,0.4144,0.7692,0.619,500000.0,274.0,10.0,35.0,2.0,30.0,6476881.0,16196188.0,1150304.0,5693629.0,978459886.0,2029485.0,1339194.0,32693214.0,739174107.0,73.0,27126797.0,141.0,13785136.0,2.5,222.0,11.23,16.3,21.3,1.71,33.6,14740.0,333262.0,,,,,,,,,,,,,,,,,,,,,,,,,,,,,,,,,,,,,,,,,,,,,,,,,,,,,,,,,,,,,,,,,,,,,,,,,,,,,,,,,,,,,,
Amity University,IR-E-U-0497,2021,Engineering,data/raw/pdf/2021/Engineering/IR-E-U-0497.pdf,1710.0,1770.0,180.0,180.0,1890,5032.0,1780.0,6812.0,2395.0,4405.0,12.0,236.0,1021.0,0.0,187.0,0.0,1070.0,182.0,119.0,301.0,196.0,101.0,4.0,32.0,71.0,0.0,3.0,2.0,98.0,5214,1899,7113,2591,4506,16,268,1092,0,190,2,1168,2019-20,1838.0,1038.0,375000.0,271.0,2096.0,2220.0,1843.0,998.3,2220.0,350000.0,2019-20,98.0,57.0,355000.0,6.0,111.0,150.0,122.4,76.2,186.0,321800.0,1936.0,1095.0,277.0,2370.0,0.5656,0.7087,0.8169,375000.0,253.0,592.0,26.0,57.0,62.3,15721023.0,9160853.0,0.0,50410041.0,628933256.0,1595921024.0,9270779.0,82730419.0,2264696575.0,253.0,72071302.0,18.0,1305562.0,2.5,585.0,12.59,26.7,63.3,0.22,2.7,11631.0,318388.0,,,,,,,,,,,,,,,,,,,,,,,,,,,,,,,,,,,,,,,,,,,,,,,,,,,,,,,,,,,,,,,,,,,,,,,,,,,,,,,,,,,,,,
Dayalbagh Educational Institute,IR-E-U-0507,2021,Engineering,data/raw/pdf/2021/Engineering/IR-E-U-0507.pdf,300.0,300.0,43.0,43.0,343,754.0,328.0,1082.0,780.0,302.0,0.0,391.0,467.0,512.0,18.0,12.0,316.0,78.0,22.0,100.0,77.0,23.0,0.0,16.0,40.0,38.0,18.0,0.0,0.0,832,350,1182,857,325,0,407,507,550,36,12,316,2019-20,264.0,109.0,450000.0,46.0,244.0,300.0,279.0,134.3,300.0,385000.0,2018-19,36.0,26.0,425000.0,4.0,42.0,43.0,31.5,23.0,43.0,404500.0,300.0,135.0,50.0,343.0,0.45,0.6167,0.8746,450000.0,145.0,35.0,4.0,4.0,9.3,2014857.0,42370700.0,1890200.0,6039155.0,81421962.0,68678000.0,1002700.0,48560896.0,116986008.0,47.0,30607482.0,539.0,2004743.0,2.5,132.0,10.05,29.6,27.5,0.0,50.6,41084.0,98973.0,,,,,,,,,,,,,,,,,,,,,,,,,,,,,,,,,,,,,,,,,,,,,,,,,,,,,,,,,,,,,,,,,,,,,,,,,,,,,,,,,,,,,,
Indian Institute of Information Technology Allahabad,IR-E-U-0516,2021,Engineering,data/raw/pdf/2021/Engineering/IR-E-U-0516.pdf,388.0,310.0,158.0,140.0,546,980.0,167.0,1147.0,256.0,864.0,27.0,0.0,554.0,7.0,288.0,0.0,259.0,187.0,59.0,246.0,86.0,160.0,0.0,0.0,92.0,0.0,40.0,0.0,52.0,1361,251,1612,414,1171,27,0,748,7,376,0,365,2019-20,211.0,184.0,1900000.0,10.0,222.0,231.0,283.7,232.3,306.7,1564333.0,2019-20,26.0,2.0,945700.0,24.0,26.0,36.0,49.7,29.8,81.7,789283.0,293.0,228.0,45.0,343.0,0.7782,0.9317,0.8542,1900000.0,207.0,14.0,7.0,0.0,17.0,8809000.0,26830000.0,0.0,11288000.0,211530517.0,208515000.0,6368992.0,110992333.0,505428520.0,103.0,18237872.0,10.0,2906466.0,2.5,79.0,23.03,15.6,72.6,1.67,23.8,68854.0,313541.0,0.0,0.0,194.0,25.0,219.0,72.0,147.0,0.0,0.0,102.0,0.0,48.0,0.0,54.0,2019-20,56.0,42.0,2058000.0,11.0,71.0,76.0,71.0,53.5,103.5,1729000.0,,,,,,,,,,,,,,,,,,,,,,,,,,,,,,,,,,,,,,,,,,,,,,,,,,,,,,,,,,,,,
Jaypee Institute of Information Technology,IR-E-U-0522,2021,Engineering,data/raw/pdf/2021/Engineering/IR-E-U-0522.pdf,1140.0,1140.0,270.0,270.0,1410,3144.0,873.0,4017.0,2284.0,1733.0,0.0,1064.0,278.0,0.0,0.0,0.0,1342.0,22.0,43.0,65.0,40.0,23.0,2.0,11.0,2.0,0.0,0.0,0.0,13.0,3166,916,4082,2324,1756,2,1075,280,0,0,0,1355,2019-20,1033.0,793.0,500000.0,125.0,1127.0,1140.0,1028.0,763.0,1180.0,428333.0,2019-20,65.0,46.0,500000.0,12.0,76.0,90.0,66.4,35.8,164.6,436000.0,1098.0,839.0,137.0,1230.0,0.7641,0.8889,0.8927,500000.0,151.0,82.0,12.0,13.0,24.7,15153977.0,53555275.0,144135.0,44717095.0,589059662.0,301957828.0,6711106.0,83427170.0,822234710.0,47.0,15702426.0,1.0,1269678.0,2.5,283.0,14.96,22.4,43.0,0.05,0.0,20438.0,201429.0,,,,,,,,,,,,,,,,,,,,,,,,,,,,,,,,,,,,,,,,,,,,,,,,,,,,,,,,,,,,,,,,,,,,,,,,,,,,,,,,,,,,,,
Motilal Nehru National Institute of Technology,IR-E-U-0530,2021,Engineering,data/raw/pdf/2021/Engineering/IR-E-U-0530.pdf,1006.0,954.0,528.0,475.0,1534,3198.0,504.0,3702.0,1689.0,1966.0,47.0,1445.0,1687.0,2155.0,829.0,89.0,59.0,602.0,139.0,741.0,398.0,335.0,8.0,70.0,378.0,0.0,176.0,0.0,272.0,3800,643,4443,2087,2301,55,1515,2065,2155,1005,89,331,2019-20,861.0,568.0,1159000.0,282.0,873.0,912.0,835.0,631.7,922.7,918000.0,2019-20,303.0,101.0,900000.0,185.0,396.0,475.0,292.0,97.0,475.0,725000.0,1164.0,669.0,467.0,1387.0,0.5747,0.9759,0.8392,1159000.0,420.0,117.0,75.0,17.0,74.3,62794695.0,53816390.0,612879.0,199929673.0,880816696.0,639224025.0,31586411.0,244757549.0,1509751956.0,208.0,70633803.0,990.0,57545906.0,2.5,283.0,17.18,14.5,51.8,1.24,73.1,55088.0,339805.0,,,,,,,,,,,,,,,,,,,,,,,,,,,,,,,,,,,,,,,,,,,,,,,,,,,,,,,,,,,,,,,,,,,,,,,,,,,,,,,,,,,,,,
Rajiv Gandhi Institute of Petroleum Technology,IR-E-U-0535,2021,Engineering,data/raw/pdf/2021/Engineering/IR-E-U-0535.pdf,132.0,120.0,72.0,72.0,204,390.0,21.0,411.0,103.0,308.0,0.0,24.0,181.0,51.0,87.0,0.0,67.0,15.0,2.0,17.0,6.0,11.0,0.0,2.0,2.0,0.0,0.0,0.0,4.0,405,23,428,109,319,0,26,183,51,87,0,71,2019-20,66.0,44.0,600000.0,16.0,120.0,120.0,64.0,35.3,90.0,752000.0,2019-20,5.0,2.0,703000.0,2.0,9.0,72.0,3.3,1.3,44.0,361667.0,71.0,46.0,18.0,192.0,0.6479,0.9014,0.3698,600000.0,49.0,31.0,4.0,0.0,3.7,11560056.0,102733924.0,6917293.0,50433432.0,152358577.0,49332571.0,3660080.0,124254661.0,165953726.0,54.0,7659803.0,7.0,2155912.0,2.5,36.0,13.25,5.4,74.5,0.0,32.2,290315.0,387742.0,,,,,,,,,,,,,,,,,,,,,,,,,,,,,,,,,,,,,,,,,,,,,,,,,,,,,,,,,,,,,,,,,,,,,,,,,,,,,,,,,,,,,,
Sharda University,IR-E-U-0541,2021,Engineering,data/raw/pdf/2021/Engineering/IR-E-U-0541.pdf,550.0,740.0,126.0,205.0,693,1759.0,421.0,2180.0,640.0,1209.0,331.0,524.0,403.0,0.0,7.0,0.0,920.0,163.0,46.0,209.0,33.0,91.0,85.0,21.0,35.0,0.0,0.0,0.0,56.0,1981,486,2467,713,1333,421,567,455,0,7,0,1015,2019-20,439.0,320.0,380000.0,55.0,642.0,720.0,404.7,295.7,670.0,343333.0,2019-20,77.0,51.0,400000.0,11.0,103.0,205.0,101.3,38.0,166.7,360000.0,524.0,376.0,66.0,935.0,0.7176,0.8435,0.5604,380000.0,52.0,11.0,4.0,3.0,7.3,3516525.0,16083251.0,245629.0,23468876.0,197192104.0,123664919.0,2865069.0,19407800.0,270005217.0,10.0,5546246.0,3.0,110667.0,2.5,188.0,13.4,19.7,54.0,17.07,0.3,7867.0,109447.0,17.0,20.0,59.0,19.0,78.0,40.0,33.0,5.0,22.0,17.0,0.0,0.0,0.0,39.0,2019-20,8.0,5.0,466000.0,0.0,11.0,10.0,4.0,2.5,5.0,233000.0,,,,,,,,,,,,,,,,,,,,,,,,,,,,,,,,,,,,,,,,,,,,,,,,,,,,,,,,,,,,,
Graphic Era University,IR-E-U-0555,2021,Engineering,data/raw/pdf/2021/Engineering/IR-E-U-0555.pdf,1230.0,930.0,90.0,90.0,1320,2552.0,1026.0,3578.0,1265.0,2296.0,17.0,16.0,415.0,46.0,84.0,14.0,287.0,91.0,43.0,134.0,53.0,81.0,0.0,2.0,11.0,3.0,6.0,2.0,2.0,2643,1069,3712,1318,2377,17,18,426,49,90,16,289,2019-20,659.0,496.0,380000.0,22.0,815.0,840.0,699.7,463.3,870.0,361667.0,2018-19,38.0,22.0,350000.0,14.0,51.0,80.0,44.5,27.0,85.0,350000.0,697.0,518.0,36.0,920.0,0.7432,0.7948,0.7576,380000.0,38.0,37.0,5.0,16.0,15.0,9825000.0,144473488.0,2307000.0,16246000.0,300426000.0,447396000.0,2473000.0,333819163.0,623972667.0,73.0,13877948.0,25.0,9065000.0,2.5,258.0,14.53,28.8,64.0,0.46,4.2,89930.0,168096.0,,,,,,,,,,,,,,,,,,,,,,,,,,,,,,,,,,,,,,,,,,,,,,,,,,,,,,,,,,,,,,,,,,,,,,,,,,,,,,,,,,,,,,
Indian Institute of Technology Roorkee,IR-E-U-0560,2021,Engineering,data/raw/pdf/2021/Engineering/IR-E-U-0560.pdf,959.0,879.0,707.0,669.0,1666,3041.0,414.0,3455.0,85.0,3370.0,0.0,40.0,1727.0,96.0,1411.0,50.0,210.0,1057.0,238.0,1295.0,95.0,1051.0,149.0,19.0,553.0,149.0,293.0,0.0,130.0,4098,652,4750,180,4421,149,59,2280,245,1704,50,340,2019-20,794.0,663.0,1754000.0,131.0,844.0,845.0,796.7,662.3,871.7,1508300.0,2019-20,83.0,79.0,1957000.0,4.0,86.0,90.0,289.6,123.6,350.0,1330600.0,877.0,742.0,135.0,935.0,0.8461,1.0,0.938,1754000.0,1880.0,234.0,235.0,14.0,271.3,192661478.0,679737355.0,10857429.0,257908108.0,2865440991.0,724875104.0,58962013.0,1267512330.0,2996706809.0,505.0,621074982.0,2692.0,542660479.0,2.5,523.0,12.68,13.7,93.1,3.14,42.1,266845.0,630886.0,,,,,,,,,,,,,,,,,,,,,,,,,,,,,,,,,,,,,,,,,,,,,,,,,,,,,,,,,,,,,,,,,,,,,,,,,,,,,,,,,,,,,,
University of Petroleum and Energy Studies,IR-E-U-0564,2021,Engineering,data/raw/pdf/2021/Engineering/IR-E-U-0564.pdf,850.0,1845.0,135.0,195.0,985,5061.0,1071.0,6132.0,800.0,5312.0,20.0,121.0,917.0,1.0,0.0,5.0,1032.0,228.0,67.0,295.0,24.0,268.0,3.0,6.0,72.0,0.0,0.0,0.0,78.0,5289,1138,6427,824,5580,23,127,989,1,0,5,1110,2019-20,1842.0,1360.0,450000.0,74.0,1998.0,2200.0,1731.7,1256.0,2151.7,416667.0,2019-20,146.0,98.0,525000.0,6.0,150.0,195.0,162.0,89.7,230.0,495000.0,1988.0,1458.0,80.0,2395.0,0.7334,0.7736,0.8301,450000.0,23.0,250.0,0.0,25.0,19.7,27408344.0,61163999.0,8610502.0,67802549.0,1098332934.0,1522767665.0,26495405.0,135002311.0,2296311286.0,42.0,11134974.0,165.0,16040669.0,2.5,484.0,13.33,17.7,86.8,0.36,0.1,21005.0,357291.0,,,,,,,,,,,,,,,,,,,,,,,,,,,,,,,,,,,,,,,,,,,,,,,,,,,,,,,,,,,,,,,,,,,,,,,,,,,,,,,,,,,,,,
Indian Institute of Technology Kharagpur,IR-E-U-0573,2021,Engineering,data/raw/pdf/2021/Engineering/IR-E-U-0573.pdf,785.0,676.0,1207.0,1327.0,2019,2221.0,298.0,2519.0,304.0,2208.0,7.0,392.0,1270.0,0.0,781.0,0.0,881.0,1829.0,413.0,2242.0,596.0,1632.0,14.0,42.0,1157.0,0.0,413.0,0.0,786.0,4082,715,4797,908,3868,21,437,2440,0,1203,0,1674,2019-20,814.0,235.0,1200000.0,135.0,1212.0,1327.0,663.5,378.2,978.5,1344965.0,,,,,,,,,,,,1394.0,796.0,154.0,1972.0,0.571,0.6815,0.7069,1200000.0,2963.0,0.0,402.0,0.0,343.0,227325689.0,224238505.0,0.0,275567881.0,2397988057.0,3612167542.0,30364822.0,823449656.0,5030551949.0,1481.0,1349609711.0,709.0,254907314.0,2.5,794.0,9.77,14.9,80.6,0.44,25.1,171659.0,1048687.0,,,,,,,,,,,,,,,,,,,,,,,,,,15.0,15.0,21.0,4.0,25.0,7.0,18.0,0.0,0.0,7.0,0.0,3.0,0.0,4.0,2019-20,580.0,561.0,1500000.0,19.0,609.0,645.0,294.0,274.0,328.8,928500.0,12.0,0.0,11.0,0.0,11.0,1.0,10.0,0.0,3.0,6.0,0.0,6.0,0.0,3.0,2019-20,0.0,0.0,0.0,0.0,0.0,0.0,0.0,0.0,0.0,0.0,,,,,,,,,,,
Jadavpur University,IR-E-U-0575,2021,Engineering,data/raw/pdf/2021/Engineering/IR-E-U-0575.pdf,1233.0,1233.0,553.0,492.0,2106,3922.0,398.0,4320.0,3544.0,738.0,38.0,1685.0,1796.0,1385.0,1136.0,157.0,803.0,685.0,165.0,850.0,731.0,118.0,1.0,323.0,212.0,200.0,140.0,71.0,124.0,5431,822,6253,5260,944,49,2385,2303,1826,1470,298,1094,2019-20,1003.0,853.0,950000.0,150.0,1096.0,1079.0,893.3,770.0,1049.0,770000.0,2019-20,417.0,379.0,820000.0,38.0,426.0,492.0,377.0,281.3,502.7,687333.0,1675.0,1454.0,221.0,1872.0,0.8681,1.0,0.8948,950000.0,1175.0,0.0,113.0,0.0,134.7,32108292.0,95860637.0,189829.0,4323444.0,862110540.0,263239436.0,18955016.0,191501709.0,1080481873.0,272.0,295282087.0,6625.0,185819877.0,2.5,323.0,23.0,13.1,15.1,0.78,57.5,30626.0,172794.0,181.0,160.0,456.0,132.0,588.0,551.0,32.0,5.0,226.0,177.0,150.0,118.0,36.0,99.0,2019-20,128.0,114.0,830000.0,14.0,147.0,158.0,122.0,74.7,158.0,560000.0,139.0,143.0,368.0,127.0,495.0,434.0,56.0,5.0,151.0,118.0,91.0,76.0,34.0,68.0,2019-20,127.0,108.0,896000.0,19.0,133.0,143.0,134.7,74.7,157.0,604000.0,,,,,,,,,,,,,,,,,,,,,,,,,,,,,,,,,,,,
National Institute of Technology Durgapur,IR-E-U-0577,2021,Engineering,data/raw/pdf/2021/Engineering/IR-E-U-0577.pdf,790.0,700.0,342.0,304.0,1142,2319.0,510.0,2829.0,1261.0,1465.0,103.0,763.0,1465.0,388.0,1446.0,0.0,394.0,393.0,116.0,509.0,137.0,372.0,0.0,162.0,265.0,26.0,0.0,24.0,377.0,2732,632,3364,1411,1850,103,931,1745,414,1459,24,779,2019-20,663.0,453.0,790000.0,150.0,685.0,768.0,719.0,488.7,789.3,676667.0,2019-20,220.0,47.0,750000.0,148.0,257.0,304.0,231.3,40.7,350.0,650000.0,883.0,500.0,298.0,1072.0,0.5663,0.9037,0.8237,790000.0,354.0,282.0,57.0,43.0,86.7,16687336.0,75000013.0,0.0,10441904.0,910068865.0,474334640.0,24815434.0,145954818.0,1262426103.0,266.0,114210301.0,295.0,17795544.0,2.5,237.0,15.69,18.8,55.0,3.06,56.4,43387.0,375275.0,10.0,10.0,20.0,6.0,26.0,13.0,13.0,0.0,6.0,15.0,0.0,13.0,0.0,8.0,2018-19,0.0,0.0,0.0,0.0,0.0,0.0,0.0,0.0,0.0,0.0,,,,,,,,,,,,,,,,,,,,,,,,,,,,,,,,,,,,,,,,,,,,,,,,,,,,,,,,,,,,,
Indian Institute of Engineering Science and Technology,IR-E-U-0584,2021,Engineering,data/raw/pdf/2021/Engineering/IR-E-U-0584.pdf,703.0,589.0,384.0,315.0,1087,2040.0,431.0,2471.0,1218.0,1222.0,31.0,729.0,1253.0,1030.0,0.0,0.0,952.0,422.0,55.0,477.0,288.0,185.0,4.0,133.0,223.0,91.0,0.0,0.0,265.0,2462,486,2948,1506,1407,35,862,1476,1121,0,0,1217,2019-20,540.0,381.0,700000.0,56.0,560.0,566.0,449.3,318.7,565.7,656667.0,2019-20,59.0,16.0,700000.0,11.0,61.0,61.0,96.0,23.0,148.0,541000.0,599.0,397.0,67.0,627.0,0.6628,0.7746,0.9553,700000.0,809.0,0.0,74.0,0.0,81.0,57812058.0,180313602.0,0.0,16552034.0,913120769.0,347892985.0,1474091.0,203113183.0,1140965687.0,182.0,142561994.0,270.0,35257720.0,2.5,250.0,15.03,16.5,47.7,1.19,38.0,68899.0,387030.0,,,,,,,,,,,,,,,,,,,,,,,,,,,,,,,,,,,,,,,,,,,,,,,,,,,,,,,,,,,,,,,,,,,,,,,,,,,,,,,,,,,,,,
Maulana Abul Kalam Azad University of Technology,IR-E-U-0592,2021,Engineering,data/raw/pdf/2021/Engineering/IR-E-U-0592.pdf,112.0,76.0,318.0,179.0,430,244.0,48.0,292.0,206.0,84.0,2.0,55.0,112.0,0.0,0.0,0.0,167.0,125.0,69.0,194.0,172.0,21.0,1.0,20.0,57.0,35.0,0.0,0.0,42.0,369,117,486,378,105,3,75,169,35,0,0,209,2019-20,55.0,55.0,360000.0,0.0,60.0,60.0,54.7,40.0,60.0,320000.0,2019-20,80.0,20.0,400000.0,30.0,110.0,179.0,73.3,13.7,155.3,400000.0,135.0,75.0,30.0,239.0,0.5556,0.7778,0.5649,360000.0,19.0,22.0,9.0,8.0,13.7,23760.0,2179376.0,2928.0,72261980.0,60709376.0,122107015.0,3125488.0,31656687.0,126402771.0,89.0,5466500.0,0.0,0.0,2.5,45.0,11.22,24.1,21.6,0.62,7.2,65137.0,260088.0,,,,,,,,,,,,,,,,,,,,,,,,,,,,,,,,,,,,,,,,,,,,,,,,,,,,,,,,,,,,,,,,,,,,,,,,,,,,,,,,,,,,,,
"Amity University, Gwalior",IR-E-U-0604,2021,Engineering,data/raw/pdf/2021/Engineering/IR-E-U-0604.pdf,150.0,125.0,5.0,10.0,155,409.0,163.0,572.0,469.0,103.0,0.0,0.0,40.0,0.0,3.0,0.0,37.0,0.0,1.0,1.0,1.0,0.0,0.0,0.0,0.0,0.0,0.0,0.0,0.0,409,164,573,470,103,0,0,40,0,3,0,37,2019-20,213.0,159.0,350000.0,30.0,220.0,230.0,204.0,134.7,225.0,310167.0,2018-19,5.0,2.0,275000.0,3.0,5.0,5.0,4.5,1.5,7.5,275000.0,218.0,161.0,33.0,235.0,0.7385,0.8899,0.9277,350000.0,21.0,51.0,2.0,6.0,4.0,1102556.0,3935210.0,1051184.0,11094982.0,54360624.0,26167961.0,2410974.0,16227651.0,74115827.0,15.0,2801800.0,9.0,2697883.0,2.5,72.0,8.25,28.6,18.0,0.0,0.5,28321.0,129347.0,,,,,,,,,,,,,,,,,,,,,,,,,,,,,,,,,,,,,,,,,,,,,,,,,,,,,,,,,,,,,,,,,,,,,,,,,,,,,,,,,,,,,,
National Institute of Technology Manipur,IR-E-U-0613,2021,Engineering,data/raw/pdf/2021/Engineering/IR-E-U-0613.pdf,180.0,180.0,75.0,75.0,255,478.0,98.0,576.0,269.0,307.0,0.0,267.0,254.0,2.0,441.0,0.0,78.0,74.0,20.0,94.0,61.0,33.0,0.0,0.0,54.0,0.0,21.0,0.0,33.0,552,118,670,330,340,0,267,308,2,462,0,111,2019-20,105.0,51.0,600000.0,17.0,125.0,180.0,126.7,54.0,180.0,566667.0,2019-20,52.0,8.0,700000.0,14.0,55.0,75.0,74.3,3.7,121.7,383333.0,157.0,59.0,31.0,255.0,0.3758,0.5732,0.6157,600000.0,100.0,52.0,12.0,3.0,11.0,36032159.0,32068349.0,1970336.0,8957448.0,176356414.0,33592904.0,25849582.0,51976443.0,152260374.0,72.0,20616102.0,47.0,1653944.0,2.5,74.0,10.41,17.6,50.7,0.0,69.3,77577.0,227254.0,,,,,,,,,,,,,,,,,,,,,,,,,,,,,,,,,,,,,,,,,,,,,,,,,,,,,,,,,,,,,,,,,,,,,,,,,,,,,,,,,,,,,,
National Institute of Technology Arunachal Pradesh,IR-E-U-0615,2021,Engineering,data/raw/pdf/2021/Engineering/IR-E-U-0615.pdf,190.0,190.0,80.0,100.0,270,461.0,99.0,560.0,228.0,331.0,1.0,70.0,442.0,54.0,411.0,19.0,28.0,51.0,14.0,65.0,19.0,46.0,0.0,15.0,36.0,24.0,21.0,0.0,6.0,512,113,625,247,377,1,85,478,78,432,19,34,2019-20,116.0,58.0,557500.0,15.0,131.0,210.0,123.7,74.3,200.0,565000.0,2018-19,54.0,16.0,440000.0,19.0,59.0,140.0,80.5,27.5,180.0,530000.0,170.0,74.0,34.0,350.0,0.4353,0.6353,0.4857,557500.0,42.0,32.0,8.0,4.0,7.3,20327878.0,61706443.0,3036874.0,53812434.0,196703617.0,50531189.0,7716697.0,79967720.0,216830158.0,110.0,21467381.0,9.0,141320.0,2.0,75.0,8.89,18.1,60.3,0.16,84.6,127948.0,346928.0,,,,,,,,,,,,,,,,,,,,,,,,,,,,,,,,,,,,,,,,,,,,,,,,,,,,,,,,,,,,,,,,,,,,,,,,,,,,,,,,,,,,,,
National Institute of Technology Uttarakhand,IR-E-U-0616,2021,Engineering,data/raw/pdf/2021/Engineering/IR-E-U-0616.pdf,100.0,150.0,95.0,75.0,195,498.0,96.0,594.0,298.0,294.0,2.0,168.0,295.0,397.0,0.0,0.0,66.0,71.0,16.0,87.0,11.0,76.0,0.0,0.0,36.0,0.0,0.0,0.0,36.0,569,112,681,309,370,2,168,331,397,0,0,102,2019-20,182.0,104.0,600000.0,23.0,213.0,300.0,223.7,96.7,300.0,597000.0,2018-19,43.0,0.0,0.0,3.0,55.0,75.0,49.5,2.0,75.0,250000.0,225.0,104.0,26.0,375.0,0.4622,0.5778,0.6,600000.0,45.0,47.0,2.0,2.0,1.3,9645966.0,1583722.0,213372.0,2662111.0,163973630.0,4977609.0,387016.0,18722587.0,136471053.0,17.0,4054532.0,13.0,661830.0,1.5,83.0,8.75,16.4,54.3,0.29,58.3,27493.0,200398.0,,,,,,,,,,,,,,,,,,,,,,,,,,,,,,,,,,,,,,,,,,,,,,,,,,,,,,,,,,,,,,,,,,,,,,,,,,,,,,,,,,,,,,
National Institute of Technology Meghalaya,IR-E-U-0619,2021,Engineering,data/raw/pdf/2021/Engineering/IR-E-U-0619.pdf,150.0,150.0,100.0,100.0,250,461.0,127.0,588.0,293.0,274.0,21.0,105.0,436.0,8.0,409.0,0.0,124.0,99.0,16.0,115.0,7.0,105.0,3.0,35.0,63.0,0.0,34.0,0.0,64.0,560,143,703,300,379,24,140,499,8,443,0,188,2019-20,123.0,105.0,500000.0,6.0,128.0,150.0,117.7,96.7,150.0,513333.0,2019-20,56.0,24.0,550000.0,20.0,56.0,100.0,56.3,11.7,83.3,441667.0,179.0,129.0,26.0,250.0,0.7207,0.8659,0.716,500000.0,108.0,60.0,6.0,1.0,7.3,25807725.0,49525405.0,0.0,5784343.0,201793373.0,8697721.0,3224116.0,115928079.0,170137549.0,59.0,14733065.0,163.0,9345093.0,2.5,90.0,9.01,20.3,53.9,3.41,64.2,164905.0,242016.0,,,,,,,,,,,,,,,,,,,,,,,,,,,,,,,,,,,,,,,,,,,,,,,,,,,,,,,,,,,,,,,,,,,,,,,,,,,,,,,,,,,,,,
National Institute of Technology Goa,IR-E-U-0620,2021,Engineering,data/raw/pdf/2021/Engineering/IR-E-U-0620.pdf,188.0,164.0,60.0,60.0,248,383.0,78.0,461.0,136.0,299.0,26.0,33.0,239.0,148.0,0.0,0.0,124.0,72.0,20.0,92.0,7.0,85.0,0.0,0.0,64.0,25.0,0.0,0.0,39.0,455,98,553,143,384,26,33,303,173,0,0,163,2019-20,69.0,54.0,650000.0,15.0,79.0,104.0,72.0,52.7,104.0,609000.0,2018-19,40.0,19.0,420000.0,2.0,45.0,60.0,40.5,19.5,60.0,450000.0,109.0,73.0,17.0,164.0,0.6697,0.8257,0.6646,650000.0,71.0,18.0,6.0,0.0,4.7,720878.0,24292862.0,13900428.0,8700000.0,113923951.0,92100340.0,124500.0,32305645.0,186616809.0,94.0,19316153.0,0.0,0.0,2.5,47.0,13.28,17.7,69.4,4.7,31.3,58419.0,337463.0,,,,,,,,,,,,,,,,,,,,,,,,,,,,,,,,,,,,,,,,,,,,,,,,,,,,,,,,,,,,,,,,,,,,,,,,,,,,,,,,,,,,,,
National Institute of Technology Puducherry,IR-E-U-0621,2021,Engineering,data/raw/pdf/2021/Engineering/IR-E-U-0621.pdf,240.0,240.0,35.0,35.0,275,633.0,188.0,821.0,241.0,513.0,67.0,300.0,181.0,117.0,338.0,25.0,1.0,24.0,32.0,56.0,0.0,56.0,0.0,0.0,27.0,0.0,12.0,0.0,15.0,657,220,877,241,569,67,300,208,117,350,25,16,2019-20,91.0,57.0,600000.0,10.0,91.0,120.0,103.7,61.3,120.0,580000.0,2018-19,8.0,7.0,650000.0,1.0,8.0,15.0,8.5,6.0,15.0,645000.0,99.0,64.0,11.0,135.0,0.6465,0.7576,0.7333,600000.0,55.0,33.0,2.0,2.0,2.0,16031509.0,15972685.0,18682.0,15900428.0,112307899.0,35064039.0,1748951.0,34451570.0,90142077.0,39.0,8989839.0,19.0,346700.0,2.5,58.0,16.07,25.1,64.9,7.64,56.1,39283.0,102785.0,,,,,,,,,,,,,,,,,,,,,,,,,,,,,,,,,,,,,,,,,,,,,,,,,,,,,,,,,,,,,,,,,,,,,,,,,,,,,,,,,,,,,,
Galgotias University,IR-E-U-0643,2021,Engineering,data/raw/pdf/2021/Engineering/IR-E-U-0643.pdf,1054.0,1260.0,38.0,44.0,1092,4174.0,579.0,4753.0,2777.0,1899.0,77.0,263.0,1611.0,932.0,83.0,31.0,828.0,60.0,22.0,82.0,42.0,29.0,11.0,12.0,26.0,21.0,6.0,2.0,9.0,4234,601,4835,2819,1928,88,275,1637,953,89,33,837,2019-20,1464.0,765.0,350000.0,17.0,1463.0,1680.0,1236.3,788.3,1318.0,331667.0,2018-19,63.0,57.0,429000.0,2.0,65.0,65.0,59.5,56.0,98.5,429000.0,1527.0,822.0,19.0,1745.0,0.5383,0.5508,0.8751,350000.0,33.0,134.0,1.0,1.0,3.3,5370077.0,10090927.0,13508475.0,53490857.0,367844056.0,219861388.0,4433485.0,46109276.0,503171584.0,24.0,4510000.0,46.0,8018907.0,2.5,378.0,12.88,12.4,39.9,1.82,22.2,9537.0,104069.0,,,,,,,,,,,,,,,,,,,,,,,,,,,,,,,,,,,,,,,,,,,,,,,,,,,,,,,,,,,,,,,,,,,,,,,,,,,,,,,,,,,,,,
Indira Gandhi Delhi Technical University for Women,IR-E-U-0685,2021,Engineering,data/raw/pdf/2021/Engineering/IR-E-U-0685.pdf,469.0,382.0,111.0,128.0,580,0.0,1490.0,1490.0,1151.0,339.0,0.0,26.0,608.0,149.0,0.0,24.0,461.0,0.0,121.0,121.0,65.0,56.0,0.0,2.0,24.0,26.0,0.0,0.0,0.0,0,1611,1611,1216,395,0,28,632,175,0,24,461,2019-20,321.0,280.0,900000.0,19.0,331.0,367.0,285.0,243.7,319.7,783333.0,2019-20,46.0,21.0,950000.0,6.0,50.0,128.0,74.7,28.3,128.0,916667.0,367.0,301.0,25.0,495.0,0.8202,0.8883,0.7414,900000.0,63.0,48.0,5.0,4.0,4.7,7754440.0,14673097.0,3477351.0,20077414.0,143081455.0,105453424.0,1380172.0,28705209.0,231890131.0,18.0,15923000.0,6.0,739900.0,2.0,132.0,12.68,100.0,24.5,0.0,12.4,17818.0,143942.0,,,,,,,,,,,,,,,,,,,,,,,,,,,,,,,,,,,,,,,,,,,,,,,,,,,,,,,,,,,,,,,,,,,,,,,,,,,,,,,,,,,,,,
Indian Institute of Technology (Banaras Hindu University) Varanasi,IR-E-U-0701,2021,Engineering,data/raw/pdf/2021/Engineering/IR-E-U-0701.pdf,1012.0,876.0,534.0,443.0,1880,2999.0,372.0,3371.0,859.0,2512.0,0.0,707.0,1517.0,461.0,1613.0,121.0,29.0,689.0,134.0,823.0,287.0,534.0,2.0,387.0,353.0,0.0,740.0,0.0,0.0,4847,662,5509,1483,4024,2,1383,2462,554,3138,124,29,2019-20,751.0,680.0,1348000.0,25.0,770.0,815.0,719.7,656.0,815.0,1269333.0,2019-20,293.0,190.0,1508000.0,52.0,364.0,443.0,252.3,178.3,431.0,980667.0,1290.0,1091.0,87.0,1533.0,0.8457,0.9132,0.8415,1348000.0,1044.0,4.0,115.0,0.0,83.7,76095518.0,85004875.0,54685784.0,34203488.0,1937074601.0,1187352195.0,24748459.0,327479849.0,2722527122.0,461.0,221776629.0,3200.0,113344917.0,2.5,343.0,19.1,12.0,73.0,0.04,69.3,59445.0,494196.0,334.0,291.0,1159.0,156.0,1315.0,337.0,978.0,0.0,289.0,592.0,93.0,785.0,3.0,0.0,2019-20,246.0,221.0,1350000.0,10.0,251.0,275.0,221.5,200.5,275.0,1437500.0,,,,,,,,,,,,,,,,,,,,,,,,,,,,,,,,,,,,,,,,,,,,,,,,,,,,,,,,,,,,,
PES University,IR-E-U-0733,2021,Engineering,data/raw/pdf/2021/Engineering/IR-E-U-0733.pdf,1440.0,1440.0,144.0,144.0,1584,4027.0,1508.0,5535.0,4574.0,896.0,65.0,280.0,1113.0,350.0,277.0,40.0,726.0,132.0,124.0,256.0,208.0,48.0,0.0,5.0,70.0,26.0,4.0,5.0,40.0,4159,1632,5791,4782,944,65,285,1183,376,281,45,766,2019-20,1230.0,934.0,720000.0,178.0,1228.0,1320.0,1046.3,789.3,1120.0,623333.0,2018-19,93.0,31.0,615250.0,2.0,100.0,144.0,93.0,47.0,144.0,601875.0,1323.0,965.0,180.0,1464.0,0.7294,0.8655,0.9037,720000.0,32.0,48.0,1.0,1.0,1.0,10699992.0,29752930.0,13276334.0,209562492.0,361454743.0,584059044.0,34150912.0,240834503.0,889625557.0,38.0,18015468.0,109.0,17573830.0,2.5,395.0,14.74,28.2,16.3,1.12,12.1,41588.0,153622.0,,,,,,,,,,,,,,,,,,,,,,,,,,,,,,,,,,,,,,,,,,,,,,,,,,,,,,,,,,,,,,,,,,,,,,,,,,,,,,,,,,,,,,
Chandigarh University,IR-E-U-0747,2021,Engineering,data/raw/pdf/2021/Engineering/IR-E-U-0747.pdf,3240.0,3240.0,162.0,180.0,3402,6958.0,6029.0,12987.0,1352.0,11317.0,318.0,2236.0,2366.0,1765.0,2595.0,8.0,234.0,146.0,173.0,319.0,37.0,266.0,16.0,26.0,52.0,37.0,22.0,1.0,18.0,7104,6202,13306,1389,11583,334,2262,2418,1802,2617,9,252,2019-20,2904.0,1151.0,480000.0,567.0,3196.0,3240.0,2434.3,817.7,2640.0,450000.0,2018-19,171.0,144.0,565000.0,27.0,175.0,234.0,146.0,121.5,207.0,535500.0,3075.0,1295.0,594.0,3474.0,0.4211,0.6143,0.8851,480000.0,188.0,156.0,16.0,26.0,26.7,30107898.0,180055290.0,28959821.0,507185481.0,1492521250.0,800117435.0,58889500.0,741940143.0,2159862659.0,96.0,14195882.0,147.0,33666787.0,2.5,907.0,14.88,46.6,87.1,2.51,33.3,55760.0,162322.0,,,,,,,,,,,,,,,,,,,,,,,,,,,,,,,,,,,,,,,,,,,,,,,,,,,,,,,,,,,,,,,,,,,,,,,,,,,,,,,,,,,,,,
Manipal University Jaipur,IR-E-U-0749,2021,Engineering,data/raw/pdf/2021/Engineering/IR-E-U-0749.pdf,1320.0,1178.0,40.0,10.0,1360,3600.0,806.0,4406.0,669.0,3684.0,53.0,61.0,191.0,3.0,45.0,0.0,204.0,11.0,9.0,20.0,12.0,8.0,0.0,0.0,3.0,0.0,0.0,0.0,3.0,3611,815,4426,681,3692,53,61,194,3,45,0,207,2019-20,1151.0,780.0,450000.0,139.0,1177.0,1246.0,985.3,629.3,1183.3,409667.0,2019-20,10.0,4.0,600000.0,3.0,10.0,10.0,15.7,2.7,23.3,400000.0,1161.0,784.0,142.0,1256.0,0.6753,0.7976,0.9244,450000.0,46.0,166.0,0.0,18.0,13.3,4062159.0,40314165.0,248980.0,34631000.0,372655625.0,531560378.0,6468908.0,84183094.0,809013568.0,31.0,8232906.0,11.0,2256398.0,2.5,358.0,12.49,18.4,83.4,1.2,1.1,19020.0,182787.0,,,,,,,,,,,,,,,,,,,,,,,,,,,,,,,,,,,,,,,,,,,,,,,,,,,,,,,,,,,,,,,,,,,,,,,,,,,,,,,,,,,,,,
DIT University,IR-E-U-0774,2021,Engineering,data/raw/pdf/2021/Engineering/IR-E-U-0774.pdf,780.0,780.0,40.0,50.0,820,2406.0,1031.0,3437.0,1383.0,2024.0,30.0,31.0,79.0,37.0,73.0,0.0,0.0,31.0,12.0,43.0,22.0,21.0,0.0,2.0,6.0,1.0,0.0,0.0,7.0,2437,1043,3480,1405,2045,30,33,85,38,73,0,7,2019-20,988.0,695.0,425000.0,162.0,1057.0,1080.0,1106.3,563.0,1240.0,366667.0,2018-19,31.0,17.0,340000.0,7.0,31.0,50.0,26.0,15.5,50.0,332500.0,1019.0,712.0,169.0,1130.0,0.6987,0.8646,0.9018,425000.0,57.0,66.0,6.0,4.0,11.7,2443037.0,20894430.0,1178140.0,42677495.0,250807288.0,404862520.0,1827984.0,42639148.0,654789755.0,35.0,4726475.0,22.0,1067857.0,2.5,201.0,17.6,30.0,58.8,0.86,3.2,12253.0,188158.0,,,,,,,,,,,,,,,,,,,,,,,,,,,,,,,,,,,,,,,,,,,,,,,,,,,,,,,,,,,,,,,,,,,,,,,,,,,,,,,,,,,,,,
Indian Institute of Information Technology Guwahati,IR-E-U-0795,2021,Engineering,data/raw/pdf/2021/Engineering/IR-E-U-0795.pdf,233.0,200.0,60.0,60.0,293,485.0,59.0,544.0,37.0,507.0,0.0,0.0,266.0,19.0,0.0,0.0,247.0,25.0,23.0,48.0,35.0,13.0,0.0,0.0,11.0,0.0,0.0,0.0,11.0,510,82,592,72,520,0,0,277,19,0,0,258,2019-20,51.0,34.0,625000.0,5.0,57.0,60.0,55.0,34.0,60.0,608333.0,2019-20,26.0,10.0,650000.0,3.0,29.0,60.0,8.7,3.3,20.0,216667.0,77.0,44.0,8.0,120.0,0.5714,0.6753,0.6417,625000.0,31.0,27.0,1.0,0.0,0.3,9219907.0,24036194.0,0.0,37634347.0,92187013.0,32656879.0,1359853.0,55309102.0,100921021.0,39.0,5666068.0,16.0,2324138.0,2.0,48.0,12.98,13.9,87.8,0.0,3.2,93428.0,170475.0,,,,,,,,,,,,,,,,,,,,,,,,,,,,,,,,,,,,,,,,,,,,,,,,,,,,,,,,,,,,,,,,,,,,,,,,,,,,,,,,,,,,,,
KLE Technological University,IR-E-U-0854,2021,Engineering,data/raw/pdf/2021/Engineering/IR-E-U-0854.pdf,1200.0,1200.0,150.0,150.0,1430,3244.0,1491.0,4735.0,4360.0,372.0,3.0,957.0,1696.0,373.0,0.0,30.0,2250.0,82.0,105.0,187.0,185.0,2.0,0.0,24.0,106.0,24.0,0.0,0.0,106.0,3424,1815,5239,4849,384,6,1026,1892,408,0,30,2480,2019-20,1145.0,681.0,450000.0,39.0,1071.0,1080.0,1123.3,672.0,1020.0,436000.0,2019-20,86.0,38.0,487500.0,0.0,99.0,150.0,101.7,56.7,150.0,384167.0,1283.0,753.0,45.0,1290.0,0.5869,0.622,0.9946,450000.0,4.0,122.0,0.0,7.0,12.0,6198860.0,28654244.0,1951971.0,16334291.0,399210894.0,200816229.0,11069727.0,80988251.0,549261713.0,15.0,13718333.0,67.0,3489699.0,2.5,341.0,15.38,34.6,7.3,0.11,8.4,15459.0,104841.0,80.0,80.0,98.0,219.0,317.0,304.0,10.0,3.0,45.0,90.0,11.0,0.0,0.0,124.0,2019-20,52.0,34.0,340000.0,6.0,60.0,60.0,55.0,39.5,60.0,340000.0,,,,,,,,,,,,,,,,,,,,,,,,,,,,,,,,,,,,,,,,,,,,,,,,,,,,,,,,,,,,,
Dr. Vishwanath Karad MIT World Peace University,IR-E-U-0938,2021,Engineering,data/raw/pdf/2021/Engineering/IR-E-U-0938.pdf,1320.0,1320.0,258.0,252.0,1578,4453.0,1211.0,5664.0,4442.0,1098.0,124.0,155.0,1559.0,343.0,239.0,0.0,1132.0,215.0,70.0,285.0,227.0,53.0,5.0,0.0,102.0,0.0,0.0,0.0,102.0,4668,1281,5949,4669,1151,129,155,1661,343,239,0,1234,2019-20,1320.0,793.0,425000.0,110.0,1327.0,1290.0,1316.7,910.0,1290.0,391667.0,2018-19,124.0,88.0,350000.0,3.0,145.0,252.0,126.5,75.5,257.0,360000.0,1444.0,881.0,113.0,1542.0,0.6101,0.6884,0.9364,425000.0,124.0,0.0,2.0,0.0,1.3,12470891.0,76824338.0,62487.0,10975768.0,723857598.0,482977767.0,4075576.0,103722080.0,1067340064.0,65.0,38919428.0,50.0,5889048.0,2.5,412.0,14.74,21.5,19.3,2.17,9.8,17435.0,179415.0,,,,,,,,,,,,,,,,,,,,,,,,,,,,,,,,,,,,,,,,,,,,,,,,,,,,,,,,,,,,,,,,,,,,,,,,,,,,,,,,,,,,,,
Chandigarh Engineering College,IR-E-C-10342,2022,Engineering,data/raw/pdf/2022/Engineering/IR-E-C-10342.pdf,1200.0,1320.0,72.0,72.0,1272,3001.0,2469.0,5470.0,1297.0,4173.0,0.0,712.0,547.0,453.0,757.0,10.0,39.0,62.0,73.0,135.0,28.0,107.0,0.0,18.0,14.0,9.0,8.0,1.0,14.0,3063,2542,5605,1325,4280,0,730,561,462,765,11,53,2020-21,1345.0,501.0,420000.0,93.0,1207.0,1320.0,1325.3,596.3,1320.0,423667.0,2019-20,57.0,43.0,480000.0,10.0,63.0,72.0,55.5,42.0,72.0,475000.0,1402.0,544.0,103.0,1392.0,0.388,0.4615,1.0072,420000.0,0.0,123.0,0.0,12.0,8.7,4184145.0,5508211.0,271291.0,119055596.0,364603091.0,443772723.0,6355026.0,87339219.0,708373842.0,17.0,327778.0,24.0,4435707.0,2.5,410.0,13.67,45.4,76.4,0.0,22.1,15582.0,126382.0,,,,,,,,,,,,,,,,,,,,,,,,,,,,,,,,,,,,,,,,,,,,,,,,,,,,,,,,,,,,,,,,,,,,,,,,,,,,,,,,,,,,,,
B.M.S. College of Engineering,IR-E-C-1262,2022,Engineering,data/raw/pdf/2022/Engineering/IR-E-C-1262.pdf,1440.0,1380.0,246.0,246.0,1686,3841.0,1599.0,5440.0,3988.0,1044.0,408.0,308.0,1425.0,756.0,31.0,215.0,731.0,255.0,166.0,421.0,399.0,22.0,0.0,55.0,165.0,115.0,12.0,10.0,83.0,4096,1765,5861,4387,1066,408,363,1590,871,43,225,814,2020-21,962.0,803.0,800000.0,100.0,986.0,1030.0,963.3,739.3,990.0,753333.0,2020-21,147.0,108.0,650000.0,9.0,200.0,246.0,153.7,123.0,236.0,606667.0,1109.0,911.0,109.0,1276.0,0.8215,0.9197,0.8691,800000.0,69.0,161.0,4.0,13.0,20.7,7535996.0,95589702.0,11688214.0,200037939.0,722458524.0,126825773.0,34429063.0,312409397.0,840209402.0,57.0,42150609.0,293.0,7789237.0,2.5,358.0,16.56,30.1,18.2,6.96,19.4,53303.0,143356.0,,,,,,,,,,,,,,,,,,,,,,,,,,,,,,,,,,,,,,,,,,,,,,,,,,,,,,,,,,,,,,,,,,,,,,,,,,,,,,,,,,,,,,
R.V. College of Engineering,IR-E-C-1269,2022,Engineering,data/raw/pdf/2022/Engineering/IR-E-C-1269.pdf,1060.0,1060.0,324.0,342.0,1384,3684.0,1245.0,4929.0,3520.0,1388.0,21.0,207.0,1056.0,357.0,0.0,102.0,804.0,354.0,253.0,607.0,575.0,32.0,0.0,0.0,154.0,78.0,0.0,6.0,70.0,4038,1498,5536,4095,1420,21,207,1210,435,0,108,874,2020-21,1097.0,683.0,800000.0,70.0,1050.0,1060.0,1036.7,693.0,1060.0,816667.0,2020-21,277.0,149.0,680000.0,3.0,330.0,342.0,273.0,157.7,378.0,643333.0,1374.0,832.0,73.0,1402.0,0.6055,0.6587,0.98,800000.0,22.0,291.0,1.0,28.0,25.7,3242963.0,38563952.0,819401.0,4635793.0,579484024.0,123287161.0,943939.0,59516836.0,731365211.0,65.0,28660622.0,151.0,22048022.0,2.5,343.0,16.2,27.1,25.7,0.38,9.8,10751.0,132111.0,,,,,,,,,,,,,,,,,,,,,,,,,,,,,,,,,,,,,,,,,,,,,,,,,,,,,,,,,,,,,,,,,,,,,,,,,,,,,,,,,,,,,,
Siddaganga Institute of Technology,IR-E-C-1297,2022,Engineering,data/raw/pdf/2022/Engineering/IR-E-C-1297.pdf,870.0,870.0,156.0,198.0,1026,2217.0,1211.0,3428.0,2924.0,451.0,53.0,170.0,1802.0,446.0,306.0,25.0,1195.0,69.0,100.0,169.0,169.0,0.0,0.0,0.0,30.0,26.0,0.0,0.0,4.0,2286,1311,3597,3093,451,53,170,1832,472,306,25,1199,2020-21,744.0,723.0,600000.0,19.0,731.0,870.0,766.3,731.3,870.0,516667.0,2020-21,81.0,44.0,600000.0,2.0,81.0,198.0,73.7,48.3,234.0,553333.0,825.0,767.0,21.0,1068.0,0.9297,0.9552,0.7725,600000.0,29.0,98.0,5.0,10.0,14.3,3862466.0,6211905.0,300426.0,6853754.0,368034233.0,110889712.0,2162890.0,21988423.0,530384522.0,79.0,19197698.0,2183.0,6067565.0,2.5,282.0,12.86,36.4,12.5,1.47,22.3,6113.0,147452.0,,,,,,,,,,,,,,,,,,,,,,,,,,,,,,,,,,,,,,,,,,,,,,,,,,,,,,,,,,,,,,,,,,,,,,,,,,,,,,,,,,,,,,
M. S. Ramaiah Institute of Technology,IR-E-C-1331,2022,Engineering,data/raw/pdf/2022/Engineering/IR-E-C-1331.pdf,1080.0,1080.0,264.0,264.0,1344,2873.0,1387.0,4260.0,2701.0,1364.0,195.0,324.0,884.0,859.0,50.0,0.0,299.0,198.0,218.0,416.0,379.0,37.0,0.0,87.0,78.0,157.0,0.0,0.0,8.0,3071,1605,4676,3080,1401,195,411,962,1016,50,0,307,2020-21,1121.0,812.0,550000.0,224.0,1068.0,1080.0,1126.3,835.3,1080.0,500000.0,2020-21,177.0,123.0,550000.0,8.0,208.0,264.0,180.3,142.7,264.0,516667.0,1298.0,935.0,232.0,1344.0,0.7203,0.8991,0.9658,550000.0,53.0,278.0,9.0,30.0,40.0,9170498.0,61156696.0,16878590.0,7034712.0,653995762.0,180235223.0,2861576.0,87044200.0,828149040.0,82.0,23946303.0,50.0,10311520.0,2.5,356.0,13.28,34.3,30.0,4.17,22.8,18615.0,177106.0,,,,,,,,,,,,,,,,,,,,,,,,,,,,,,,,,,,,,,,,,,,,,,,,,,,,,,,,,,,,,,,,,,,,,,,,,,,,,,,,,,,,,,
BMS Institute of Technology & Management,IR-E-C-1336,2022,Engineering,data/raw/pdf/2022/Engineering/IR-E-C-1336.pdf,840.0,840.0,36.0,36.0,876,2447.0,1128.0,3575.0,2471.0,959.0,145.0,246.0,752.0,875.0,0.0,4.0,119.0,14.0,15.0,29.0,26.0,3.0,0.0,8.0,12.0,10.0,0.0,0.0,10.0,2461,1143,3604,2497,962,145,254,764,885,0,4,129,2020-21,724.0,535.0,405000.0,11.0,632.0,660.0,577.7,466.0,540.0,385000.0,2020-21,13.0,8.0,336000.0,0.0,14.0,36.0,16.7,9.7,36.0,345333.0,737.0,543.0,11.0,696.0,0.7368,0.7517,1.0589,405000.0,3.0,46.0,1.0,1.0,2.0,4553865.0,17278212.0,2105698.0,41782782.0,291401819.0,60700916.0,7839888.0,71691693.0,357679978.0,7.0,3460267.0,101.0,325891.0,2.5,174.0,20.73,31.7,26.7,4.02,24.7,19892.0,99245.0,,,,,,,,,,,,,,,,,,,,,,,,,,,,,,,,,,,,,,,,,,,,,,,,,,,,,,,,,,,,,,,,,,,,,,,,,,,,,,,,,,,,,,
"P E S College of Engineering, Mandya",IR-E-C-1345,2022,Engineering,data/raw/pdf/2022/Engineering/IR-E-C-1345.pdf,820.0,820.0,102.0,102.0,922,1071.0,1703.0,2774.0,2536.0,238.0,0.0,506.0,2165.0,1984.0,0.0,87.0,600.0,25.0,57.0,82.0,82.0,0.0,0.0,16.0,56.0,45.0,0.0,16.0,11.0,1096,1760,2856,2618,238,0,522,2221,2029,0,103,611,2020-21,736.0,612.0,400000.0,64.0,645.0,670.0,718.7,584.7,636.7,372000.0,2019-20,65.0,48.0,320000.0,17.0,65.0,102.0,102.5,76.5,144.0,317500.0,801.0,660.0,81.0,772.0,0.824,0.9251,1.0376,400000.0,168.0,7.0,36.0,4.0,30.0,3804565.0,14823621.0,15234585.0,998396.0,283240443.0,93970950.0,0.0,41396488.0,371076990.0,14.0,5630333.0,83.0,1587493.0,2.5,258.0,11.72,61.6,8.3,0.0,74.6,14495.0,129929.0,,,,,,,,,,,,,,,,,,,,,,,,,,,,,,,,,,,,,,,,,,,,,,,,,,,,,,,,,,,,,,,,,,,,,,,,,,,,,,,,,,,,,,
Nitte Meenakshi Institute of Technology,IR-E-C-1352,2022,Engineering,data/raw/pdf/2022/Engineering/IR-E-C-1352.pdf,1080.0,1080.0,132.0,114.0,1212,3213.0,1057.0,4270.0,2471.0,1595.0,204.0,423.0,1029.0,525.0,40.0,53.0,834.0,73.0,58.0,131.0,126.0,3.0,2.0,2.0,51.0,18.0,0.0,0.0,35.0,3286,1115,4401,2597,1598,206,425,1080,543,40,53,869,2020-21,921.0,737.0,600000.0,48.0,876.0,1080.0,957.7,696.3,1060.0,466667.0,2020-21,49.0,11.0,700000.0,2.0,56.0,114.0,58.0,32.3,126.0,533333.0,970.0,748.0,50.0,1194.0,0.7711,0.8227,0.8124,600000.0,15.0,50.0,3.0,6.0,10.3,5764360.0,19050629.0,24170786.0,21939927.0,320040013.0,197637395.0,12598094.0,61946515.0,578541714.0,60.0,10152003.0,89.0,4732605.0,2.5,271.0,16.3,25.3,36.3,4.68,14.5,14076.0,131457.0,,,,,,,,,,,,,,,,,,,,,,,,,,,,,,,,,,,,,,,,,,,,,,,,,,,,,,,,,,,,,,,,,,,,,,,,,,,,,,,,,,,,,,
New Horizon College of Engineering,IR-E-C-1371,2022,Engineering,data/raw/pdf/2022/Engineering/IR-E-C-1371.pdf,1200.0,1200.0,54.0,54.0,1254,3445.0,1478.0,4923.0,2929.0,1884.0,110.0,334.0,1640.0,1077.0,97.0,0.0,800.0,24.0,20.0,44.0,39.0,5.0,0.0,15.0,23.0,8.0,2.0,0.0,28.0,3469,1498,4967,2968,1889,110,349,1663,1085,99,0,828,2020-21,1121.0,950.0,650000.0,104.0,1020.0,1020.0,1117.3,942.0,1020.0,647000.0,2019-20,14.0,11.0,625000.0,2.0,14.0,36.0,16.0,13.5,39.0,612500.0,1135.0,961.0,106.0,1056.0,0.8467,0.9401,1.0748,650000.0,5.0,76.0,1.0,6.0,10.0,2332218.0,23481581.0,6817281.0,65080054.0,375416175.0,159012929.0,7156187.0,103424941.0,506243588.0,161.0,49533810.0,378.0,11328635.0,2.5,363.0,13.7,30.2,38.0,2.21,23.8,20822.0,101921.0,,,,,,,,,,,,,,,,,,,,,,,,,,,,,,,,,,,,,,,,,,,,,,,,,,,,,,,,,,,,,,,,,,,,,,,,,,,,,,,,,,,,,,
NMAM Institute of Technology,IR-E-C-1400,2022,Engineering,data/raw/pdf/2022/Engineering/IR-E-C-1400.pdf,1140.0,1020.0,164.0,218.0,1304,2997.0,1451.0,4448.0,4034.0,414.0,0.0,700.0,956.0,716.0,57.0,0.0,883.0,70.0,67.0,137.0,133.0,4.0,0.0,5.0,61.0,2.0,0.0,0.0,64.0,3067,1518,4585,4167,418,0,705,1017,718,57,0,947,2020-21,1003.0,549.0,525000.0,136.0,984.0,900.0,965.7,548.7,880.0,475000.0,2019-20,73.0,7.0,750000.0,0.0,79.0,218.0,77.5,20.0,218.0,550000.0,1076.0,556.0,136.0,1118.0,0.5167,0.6431,0.9624,525000.0,7.0,55.0,1.0,5.0,3.7,8059394.0,16238145.0,1452325.0,633120.0,315232930.0,188385704.0,491399.0,41075281.0,541775283.0,69.0,6764851.0,3474.0,3747468.0,2.5,301.0,15.26,33.1,9.1,0.0,16.9,8959.0,118163.0,,,,,,,,,,,,,,,,,,,,,,,,,,,,,,,,,,,,,,,,,,,,,,,,,,,,,,,,,,,,,,,,,,,,,,,,,,,,,,,,,,,,,,
C M R Institute of Technology,IR-E-C-1406,2022,Engineering,data/raw/pdf/2022/Engineering/IR-E-C-1406.pdf,960.0,960.0,48.0,48.0,1008,2493.0,1207.0,3700.0,2766.0,827.0,107.0,444.0,1613.0,367.0,193.0,0.0,1497.0,16.0,12.0,28.0,23.0,5.0,0.0,3.0,14.0,5.0,0.0,0.0,12.0,2509,1219,3728,2789,832,107,447,1627,372,193,0,1509,2020-21,904.0,726.0,500000.0,52.0,809.0,960.0,848.3,657.3,980.0,441000.0,2020-21,7.0,7.0,650000.0,0.0,7.0,48.0,9.7,7.7,66.0,603333.0,911.0,733.0,52.0,1008.0,0.8046,0.8617,0.9038,500000.0,8.0,85.0,0.0,3.0,3.3,4267615.0,59916397.0,718368.0,0.0,187809796.0,162290361.0,6862279.0,69163885.0,381080356.0,73.0,11349787.0,46.0,1419867.0,2.5,275.0,13.59,32.7,22.3,2.87,15.2,18553.0,102221.0,,,,,,,,,,,,,,,,,,,,,,,,,,,,,,,,,,,,,,,,,,,,,,,,,,,,,,,,,,,,,,,,,,,,,,,,,,,,,,,,,,,,,,
JSS Science and Technology University,IR-E-C-1412,2022,Engineering,data/raw/pdf/2022/Engineering/IR-E-C-1412.pdf,1060.0,1060.0,241.0,259.0,1301,2657.0,1381.0,4038.0,3742.0,294.0,2.0,1230.0,1491.0,2121.0,34.0,91.0,475.0,156.0,202.0,358.0,344.0,14.0,0.0,110.0,138.0,230.0,4.0,0.0,14.0,2813,1583,4396,4086,308,2,1340,1629,2351,38,91,489,2020-21,947.0,690.0,600000.0,151.0,897.0,970.0,868.3,597.0,890.0,541667.0,2019-20,198.0,136.0,600000.0,5.0,208.0,331.0,175.5,127.5,331.0,579000.0,1145.0,826.0,156.0,1301.0,0.7214,0.8576,0.8801,600000.0,40.0,124.0,9.0,17.0,37.0,10614426.0,16891804.0,786898.0,66545488.0,483256116.0,150789778.0,8868087.0,67407359.0,606997917.0,46.0,23274851.0,102.0,6252832.0,2.5,281.0,15.79,36.0,7.0,0.05,56.4,15334.0,138080.0,,,,,,,,,,,,,,,,,,,,,,,,,,,,,,,,,,,,,,,,,,,,,,,,,,,,,,,,,,,,,,,,,,,,,,,,,,,,,,,,,,,,,,
Sri Venkateswara College of Engineering and Technology,IR-E-C-16504,2022,Engineering,data/raw/pdf/2022/Engineering/IR-E-C-16504.pdf,900.0,780.0,108.0,90.0,1008,1978.0,1244.0,3222.0,2475.0,391.0,356.0,1567.0,1655.0,2789.0,308.0,85.0,40.0,88.0,21.0,109.0,98.0,8.0,3.0,49.0,60.0,0.0,97.0,5.0,7.0,2066,1265,3331,2573,399,359,1616,1715,2789,405,90,47,2020-21,883.0,791.0,484000.0,92.0,760.0,840.0,905.3,803.3,960.0,480333.0,2019-20,56.0,55.0,480000.0,1.0,59.0,102.0,56.5,55.0,102.0,477500.0,939.0,846.0,93.0,942.0,0.901,1.0,0.9968,484000.0,23.0,23.0,3.0,2.0,3.0,7119458.0,29606456.0,1756408.0,16356589.0,182740456.0,78562458.0,2950457.0,58261618.0,254839835.0,18.0,5951067.0,58.0,2701000.0,2.5,292.0,11.49,38.0,12.0,10.78,98.6,17491.0,76506.0,,,,,,,,,,,,,,,,,,,,,,,,,,,,,,,,,,,,,,,,,,,,,,,,,,,,,,,,,,,,,,,,,,,,,,,,,,,,,,,,,,,,,,
Sri Sairam Engineering College,IR-E-C-16547,2022,Engineering,data/raw/pdf/2022/Engineering/IR-E-C-16547.pdf,1290.0,1170.0,108.0,126.0,1398,2577.0,1892.0,4469.0,3828.0,632.0,9.0,0.0,2671.0,219.0,211.0,0.0,2241.0,61.0,82.0,143.0,107.0,36.0,0.0,0.0,66.0,14.0,0.0,0.0,52.0,2638,1974,4612,3935,668,9,0,2737,233,211,0,2293,2020-21,989.0,579.0,420000.0,96.0,1010.0,1230.0,1088.3,467.3,1250.0,385333.0,2019-20,52.0,40.0,385000.0,2.0,56.0,126.0,57.0,37.5,126.0,377500.0,1041.0,619.0,98.0,1356.0,0.5946,0.6888,0.7677,420000.0,21.0,152.0,16.0,44.0,45.7,4536700.0,44504800.0,13540000.0,71125600.0,376508000.0,193507000.0,17577434.0,77461906.0,524036016.0,418.0,17234043.0,602.0,15354117.0,2.5,379.0,12.22,42.8,14.5,0.2,9.6,16796.0,113624.0,,,,,,,,,,,,,,,,,,,,,,,,,,,,,,,,,,,,,,,,,,,,,,,,,,,,,,,,,,,,,,,,,,,,,,,,,,,,,,,,,,,,,,
Easwari Engineering College,IR-E-C-16560,2022,Engineering,data/raw/pdf/2022/Engineering/IR-E-C-16560.pdf,1080.0,1080.0,90.0,90.0,1170,2491.0,1006.0,3497.0,3457.0,40.0,0.0,550.0,2947.0,934.0,155.0,1712.0,696.0,26.0,30.0,56.0,54.0,2.0,0.0,9.0,47.0,0.0,19.0,28.0,9.0,2517,1036,3553,3511,42,0,559,2994,934,174,1740,705,2020-21,931.0,811.0,500000.0,120.0,917.0,1020.0,915.7,805.0,1020.0,483333.0,2020-21,24.0,24.0,300000.0,0.0,24.0,90.0,25.3,18.3,90.0,316667.0,955.0,835.0,120.0,1110.0,0.8743,1.0,0.8604,500000.0,9.0,120.0,0.0,18.0,12.7,2818590.0,11157434.0,11266751.0,11505147.0,190106557.0,252876095.0,4518156.0,34868433.0,430353244.0,65.0,12489659.0,524.0,3387861.0,2.5,323.0,11.03,29.2,1.2,0.0,80.2,9814.0,121124.0,,,,,,,,,,,,,,,,,,,,,,,,,,,,,,,,,,,,,,,,,,,,,,,,,,,,,,,,,,,,,,,,,,,,,,,,,,,,,,,,,,,,,,
Chennai Institute of Technology,IR-E-C-16576,2022,Engineering,data/raw/pdf/2022/Engineering/IR-E-C-16576.pdf,840.0,780.0,54.0,54.0,894,2026.0,752.0,2778.0,2165.0,613.0,0.0,0.0,1841.0,658.0,1128.0,33.0,22.0,23.0,14.0,37.0,37.0,0.0,0.0,0.0,37.0,2.0,35.0,0.0,0.0,2049,766,2815,2202,613,0,0,1878,660,1163,33,22,2020-21,578.0,349.0,360000.0,25.0,562.0,600.0,550.7,343.0,600.0,322000.0,2020-21,10.0,10.0,420000.0,0.0,10.0,54.0,11.3,11.3,54.0,364000.0,588.0,359.0,25.0,654.0,0.6105,0.6531,0.8991,360000.0,0.0,48.0,0.0,24.0,15.0,7667567.0,7507123.0,2426540.0,13624215.0,140591203.0,131044146.0,7185032.0,38035478.0,191915876.0,23.0,9349508.0,97.0,4156265.0,2.5,217.0,12.97,27.2,21.8,0.0,65.9,13512.0,68176.0,,,,,,,,,,,,,,,,,,,,,,,,,,,,,,,,,,,,,,,,,,,,,,,,,,,,,,,,,,,,,,,,,,,,,,,,,,,,,,,,,,,,,,
Sri Sivasubramaniya Nadar College of Engineering,IR-E-C-16604,2022,Engineering,data/raw/pdf/2022/Engineering/IR-E-C-16604.pdf,780.0,780.0,180.0,180.0,960,2548.0,1345.0,3893.0,3410.0,435.0,48.0,715.0,1195.0,363.0,620.0,161.0,766.0,41.0,54.0,95.0,90.0,5.0,0.0,55.0,27.0,15.0,5.0,2.0,60.0,2589,1399,3988,3500,440,48,770,1222,378,625,163,826,2020-21,1018.0,844.0,550000.0,77.0,952.0,900.0,836.0,688.3,833.0,496667.0,2020-21,44.0,30.0,460000.0,11.0,45.0,180.0,65.3,53.3,216.0,450000.0,1062.0,874.0,88.0,1080.0,0.823,0.9058,0.9833,550000.0,243.0,242.0,32.0,36.0,59.0,6447358.0,18006809.0,1631749.0,26938566.0,650544118.0,351211013.0,5299608.0,51311581.0,1016850619.0,91.0,62110928.0,97.0,13848704.0,2.5,268.0,15.79,35.1,11.0,1.2,29.2,12866.0,254978.0,,,,,,,,,,,,,,,,,,,,,,,,,,,,,,,,,,,,,,,,,,,,,,,,,,,,,,,,,,,,,,,,,,,,,,,,,,,,,,,,,,,,,,
R.M.K. Engineering College,IR-E-C-16614,2022,Engineering,data/raw/pdf/2022/Engineering/IR-E-C-16614.pdf,780.0,780.0,45.0,54.0,825,2037.0,958.0,2995.0,2250.0,745.0,0.0,862.0,1978.0,638.0,52.0,56.0,2094.0,1.0,7.0,8.0,6.0,2.0,0.0,3.0,5.0,0.0,1.0,0.0,7.0,2038,965,3003,2256,747,0,865,1983,638,53,56,2101,2020-21,794.0,559.0,500000.0,73.0,740.0,780.0,784.3,566.7,780.0,450000.0,2020-21,6.0,6.0,500000.0,0.0,6.0,54.0,6.0,4.3,54.0,416667.0,800.0,565.0,73.0,834.0,0.7063,0.7975,0.9592,500000.0,5.0,114.0,0.0,25.0,17.7,11073726.0,12100933.0,1956220.0,5663138.0,290010576.0,190212451.0,8870015.0,28276560.0,498359875.0,69.0,14644576.0,425.0,5503199.0,2.5,293.0,10.27,32.1,24.9,0.0,24.9,9416.0,165954.0,,,,,,,,,,,,,,,,,,,,,,,,,,,,,,,,,,,,,,,,,,,,,,,,,,,,,,,,,,,,,,,,,,,,,,,,,,,,,,,,,,,,,,
Rajalakshmi Engineering College,IR-E-C-16626,2022,Engineering,data/raw/pdf/2022/Engineering/IR-E-C-16626.pdf,1830.0,1860.0,120.0,120.0,1950,4109.0,2854.0,6963.0,5507.0,1402.0,54.0,690.0,3348.0,388.0,2533.0,364.0,753.0,101.0,130.0,231.0,190.0,41.0,0.0,42.0,183.0,58.0,97.0,9.0,61.0,4210,2984,7194,5697,1443,54,732,3531,446,2630,373,814,2020-21,1696.0,1347.0,300000.0,254.0,1646.0,1680.0,1623.0,1130.3,1660.0,365000.0,2019-20,103.0,97.0,400000.0,4.0,111.0,120.0,100.5,94.5,120.0,375000.0,1799.0,1444.0,258.0,1800.0,0.8027,0.9461,0.9994,300000.0,77.0,169.0,16.0,48.0,50.7,9547289.0,32896741.0,5963254.0,173658330.0,564789560.0,233221288.0,19671393.0,233884077.0,775091774.0,50.0,61666833.0,97.0,28242283.0,2.5,492.0,14.78,41.5,20.1,0.75,47.9,32511.0,107741.0,,,,,,,,,,,,,,,,,,,,,,,,,,,,,,,,,,,,,,,,,,,,,,,,,,,,,,,,,,,,,,,,,,,,,,,,,,,,,,,,,,,,,,
GMR Institute of Technology,IR-E-C-17958,2022,Engineering,data/raw/pdf/2022/Engineering/IR-E-C-17958.pdf,930.0,930.0,72.0,78.0,1002,2742.0,940.0,3682.0,3410.0,272.0,0.0,833.0,2849.0,2013.0,68.0,18.0,1583.0,24.0,4.0,28.0,26.0,2.0,0.0,6.0,22.0,12.0,2.0,0.0,14.0,2766,944,3710,3436,274,0,839,2871,2025,70,18,1597,2020-21,756.0,400.0,360000.0,68.0,812.0,870.0,793.7,368.7,870.0,390000.0,2020-21,14.0,9.0,460000.0,4.0,21.0,78.0,30.0,13.0,110.0,463333.0,770.0,409.0,72.0,948.0,0.5312,0.6247,0.8122,360000.0,0.0,0.0,0.0,0.0,0.0,1622707.0,9461475.0,13133253.0,2736991.0,307731914.0,170764806.0,2464000.0,78912253.0,525837999.0,19.0,20993333.0,353.0,12591730.0,2.5,244.0,15.2,25.4,7.4,0.0,57.0,21270.0,141735.0,,,,,,,,,,,,,,,,,,,,,,,,,,,,,,,,,,,,,,,,,,,,,,,,,,,,,,,,,,,,,,,,,,,,,,,,,,,,,,,,,,,,,,
Velagapudi Ramakrishna Siddhartha Engineering College,IR-E-C-18010,2022,Engineering,data/raw/pdf/2022/Engineering/IR-E-C-18010.pdf,1140.0,1140.0,162.0,162.0,1302,2915.0,2048.0,4963.0,4932.0,31.0,0.0,919.0,2802.0,2893.0,0.0,3.0,825.0,77.0,80.0,157.0,156.0,1.0,0.0,23.0,96.0,71.0,0.0,0.0,48.0,2992,2128,5120,5088,32,0,942,2898,2964,0,3,873,2020-21,1144.0,806.0,400000.0,97.0,1127.0,1140.0,1115.7,726.3,1140.0,387333.0,2019-20,103.0,26.0,250000.0,0.0,120.0,180.0,108.0,31.0,189.0,250000.0,1247.0,832.0,97.0,1320.0,0.6672,0.745,0.9447,400000.0,0.0,77.0,0.0,9.0,5.3,2316999.0,17319660.0,241961.0,56300749.0,315718914.0,32728178.0,4853030.0,95329269.0,361410186.0,44.0,5864829.0,6276.0,22808171.0,2.5,351.0,14.59,41.6,0.6,0.0,57.9,18619.0,70588.0,,,,,,,,,,,,,,,,,,,,,,,,,,,,,,,,,,,,,,,,,,,,,,,,,,,,,,,,,,,,,,,,,,,,,,,,,,,,,,,,,,,,,,
Yeshwantrao Chavan College of Engineering,IR-E-C-18254,2022,Engineering,data/raw/pdf/2022/Engineering/IR-E-C-18254.pdf,1200.0,1020.0,115.0,133.0,1315,3375.0,1642.0,5017.0,4895.0,122.0,0.0,563.0,2659.0,3042.0,95.0,10.0,75.0,48.0,51.0,99.0,98.0,1.0,0.0,2.0,65.0,21.0,30.0,0.0,16.0,3423,1693,5116,4993,123,0,565,2724,3063,125,10,91,2020-21,1166.0,982.0,450000.0,170.0,1066.0,1020.0,1088.7,881.3,1020.0,423333.0,2020-21,42.0,42.0,400000.0,0.0,45.0,133.0,51.0,47.0,175.7,386667.0,1208.0,1024.0,170.0,1153.0,0.8477,0.9884,1.0477,450000.0,1.0,43.0,0.0,24.0,21.7,2839421.0,13245497.0,218326.0,1703499.0,456252355.0,123169396.0,3043690.0,19762448.0,580972615.0,30.0,12391101.0,113.0,8021662.0,2.5,274.0,18.68,33.1,2.4,0.0,62.5,3863.0,113560.0,,,,,,,,,,,,,,,,,,,,,,,,,,,,,,,,,,,,,,,,,,,,,,,,,,,,,,,,,,,,,,,,,,,,,,,,,,,,,,,,,,,,,,
"G. H. Raisoni College of Engineering, Nagpur",IR-E-C-18817,2022,Engineering,data/raw/pdf/2022/Engineering/IR-E-C-18817.pdf,960.0,900.0,138.0,138.0,1098,2418.0,1302.0,3720.0,3128.0,572.0,20.0,521.0,1794.0,1861.0,192.0,23.0,239.0,81.0,83.0,164.0,134.0,29.0,1.0,0.0,15.0,15.0,0.0,0.0,0.0,2499,1385,3884,3262,601,21,521,1809,1876,192,23,239,2020-21,1168.0,925.0,380000.0,53.0,900.0,900.0,1221.3,751.7,900.0,360000.0,2019-20,96.0,96.0,420000.0,0.0,124.0,234.0,106.0,105.5,234.0,420000.0,1264.0,1021.0,53.0,1134.0,0.8078,0.8497,1.1146,380000.0,0.0,46.0,0.0,17.0,28.7,15634696.0,37623704.0,44834.0,43953858.0,288775334.0,57708226.0,4056967.0,102534035.0,365248307.0,89.0,995689.0,146.0,16298075.0,2.5,295.0,13.17,35.7,15.5,0.54,53.8,26399.0,94039.0,,,,,,,,,,,,,,,,,,,,,,,,,,,,,,,,,,,,,,,,,,,,,,,,,,,,,,,,,,,,,,,,,,,,,,,,,,,,,,,,,,,,,,
Shri Ramdeobaba College of Engineering and Management,IR-E-C-18886,2022,Engineering,data/raw/pdf/2022/Engineering/IR-E-C-18886.pdf,870.0,810.0,96.0,126.0,966,2358.0,1193.0,3551.0,2879.0,628.0,44.0,1230.0,881.0,173.0,112.0,0.0,1826.0,65.0,56.0,121.0,109.0,12.0,0.0,0.0,63.0,10.0,0.0,0.0,53.0,2423,1249,3672,2988,640,44,1230,944,183,112,0,1879,2020-21,893.0,784.0,460000.0,60.0,828.0,810.0,870.3,759.3,810.0,428333.0,2020-21,53.0,39.0,370000.0,1.0,63.0,126.0,64.7,47.0,126.0,345000.0,946.0,823.0,61.0,936.0,0.87,0.9345,1.0107,460000.0,5.0,24.0,1.0,9.0,8.7,3392122.0,16712182.0,15340.0,1162643.0,428670852.0,88542905.0,111587.0,36564896.0,495536109.0,7.0,1254146.0,56.0,1745335.0,2.5,236.0,15.58,34.0,17.4,1.2,8.0,9958.0,134950.0,,,,,,,,,,,,,,,,,,,,,,,,,,,,,,,,,,,,,,,,,,,,,,,,,,,,,,,,,,,,,,,,,,,,,,,,,,,,,,,,,,,,,,
Goka Raju Ranga Raju Institute of Engineering & Technology,IR-E-C-19534,2022,Engineering,data/raw/pdf/2022/Engineering/IR-E-C-19534.pdf,1200.0,1200.0,120.0,102.0,1320,3511.0,1748.0,5259.0,5024.0,235.0,0.0,479.0,2647.0,2455.0,9.0,66.0,596.0,97.0,71.0,168.0,160.0,8.0,0.0,4.0,121.0,56.0,0.0,0.0,69.0,3608,1819,5427,5184,243,0,483,2768,2511,9,66,665,2020-21,1169.0,982.0,401988.0,187.0,1196.0,1200.0,1100.3,923.0,1140.0,387329.0,2019-20,131.0,34.0,354000.0,0.0,147.0,246.0,133.5,37.5,246.0,354000.0,1300.0,1016.0,187.0,1446.0,0.7815,0.9254,0.899,401988.0,0.0,0.0,0.0,0.0,0.0,5423380.0,16570594.0,4446059.0,76890459.0,334685096.0,119560212.0,8657386.0,87303294.0,474942515.0,24.0,4992949.0,32.0,6757500.0,2.5,421.0,12.89,33.5,4.5,0.0,47.7,16087.0,87515.0,,,,,,,,,,,,,,,,,,,,,,,,,,,,,,,,,,,,,,,,,,,,,,,,,,,,,,,,,,,,,,,,,,,,,,,,,,,,,,,,,,,,,,
Vidya Jyothi Institute of Technology,IR-E-C-19582,2022,Engineering,data/raw/pdf/2022/Engineering/IR-E-C-19582.pdf,1200.0,1200.0,138.0,138.0,1338,2259.0,2024.0,4283.0,3378.0,905.0,0.0,545.0,1837.0,1452.0,74.0,12.0,844.0,81.0,51.0,132.0,102.0,30.0,0.0,26.0,81.0,40.0,8.0,2.0,57.0,2340,2075,4415,3480,935,0,571,1918,1492,82,14,901,2020-21,905.0,552.0,381000.0,185.0,964.0,1020.0,882.7,533.0,1020.0,333667.0,2019-20,81.0,62.0,300000.0,3.0,99.0,175.0,93.5,69.0,198.5,325000.0,986.0,614.0,188.0,1195.0,0.6227,0.8134,0.8251,381000.0,1.0,2.0,0.0,5.0,1.7,2373261.0,4017298.0,95250.0,2211241.0,275430747.0,141396660.0,6108235.0,10318468.0,416756934.0,22.0,1413633.0,15.0,1868333.0,2.5,396.0,11.15,47.0,21.2,0.0,36.0,2337.0,94396.0,,,,,,,,,,,,,,,,,,,,,,,,,,,,,,,,,,,,,,,,,,,,,,,,,,,,,,,,,,,,,,,,,,,,,,,,,,,,,,,,,,,,,,
CVR College of Engineering,IR-E-C-19607,2022,Engineering,data/raw/pdf/2022/Engineering/IR-E-C-19607.pdf,1200.0,1200.0,120.0,120.0,1320,3111.0,1664.0,4775.0,3691.0,1084.0,0.0,449.0,2648.0,1512.0,51.0,12.0,1522.0,73.0,97.0,170.0,127.0,43.0,0.0,23.0,116.0,56.0,0.0,0.0,83.0,3184,1761,4945,3818,1127,0,472,2764,1568,51,12,1605,2020-21,1032.0,574.0,450000.0,241.0,1200.0,1200.0,1050.0,527.0,1200.0,426667.0,2020-21,54.0,19.0,420000.0,0.0,86.0,120.0,66.0,19.5,135.0,385000.0,1086.0,593.0,241.0,1320.0,0.546,0.768,0.8227,450000.0,2.0,14.0,0.0,0.0,0.0,7998787.0,33601937.0,2036782.0,11150134.0,369955828.0,137028979.0,8223413.0,51001755.0,488852772.0,40.0,9773698.0,13.0,844667.0,2.5,455.0,10.87,35.6,22.8,0.0,33.0,10314.0,98858.0,,,,,,,,,,,,,,,,,,,,,,,,,,,,,,,,,,,,,,,,,,,,,,,,,,,,,,,,,,,,,,,,,,,,,,,,,,,,,,,,,,,,,,
Vardhaman College of Engineering,IR-E-C-19650,2022,Engineering,data/raw/pdf/2022/Engineering/IR-E-C-19650.pdf,900.0,900.0,90.0,108.0,990,2615.0,1208.0,3823.0,3654.0,164.0,5.0,420.0,2205.0,1107.0,9.0,2.0,1507.0,59.0,30.0,89.0,85.0,4.0,0.0,1.0,65.0,59.0,1.0,0.0,6.0,2674,1238,3912,3739,168,5,421,2270,1166,10,2,1513,2020-21,846.0,609.0,500000.0,145.0,898.0,900.0,844.3,604.7,900.0,408333.0,2019-20,47.0,21.0,259000.0,3.0,58.0,108.0,46.5,23.5,99.0,279500.0,893.0,630.0,148.0,1008.0,0.7055,0.8712,0.8859,500000.0,2.0,0.0,0.0,0.0,0.0,2094831.0,14198353.0,1072426.0,17894304.0,271530593.0,100817470.0,1414752.0,27747158.0,341918507.0,41.0,13107521.0,37.0,2078690.0,2.5,385.0,10.17,31.6,4.3,0.13,30.1,7093.0,87402.0,,,,,,,,,,,,,,,,,,,,,,,,,,,,,,,,,,,,,,,,,,,,,,,,,,,,,,,,,,,,,,,,,,,,,,,,,,,,,,,,,,,,,,
Vallurupalli Nageswara Rao Vignana Jyothi Institute of Engineering and Technology,IR-E-C-19667,2022,Engineering,data/raw/pdf/2022/Engineering/IR-E-C-19667.pdf,1500.0,1260.0,234.0,234.0,1734,3520.0,2057.0,5577.0,5210.0,353.0,14.0,532.0,3107.0,1876.0,14.0,0.0,1749.0,162.0,108.0,270.0,247.0,23.0,0.0,5.0,198.0,71.0,2.0,0.0,130.0,3682,2165,5847,5457,376,14,537,3305,1947,16,0,1879,2020-21,1231.0,948.0,401000.0,173.0,1194.0,1200.0,1073.3,801.0,1060.0,384000.0,2020-21,93.0,52.0,350000.0,0.0,138.0,234.0,91.0,65.5,234.0,341500.0,1324.0,1000.0,173.0,1434.0,0.7553,0.886,0.9233,401000.0,9.0,0.0,0.0,0.0,0.0,4419432.0,4704935.0,11445251.0,13932501.0,442554919.0,85024539.0,2561555.0,36283226.0,559625710.0,79.0,7338085.0,94.0,29788902.0,2.5,392.0,14.94,37.0,6.4,0.24,33.6,6205.0,95712.0,,,,,,,,,,,,,,,,,,,,,,,,,,,,,,,,,,,,,,,,,,,,,,,,,,,,,,,,,,,,,,,,,,,,,,,,,,,,,,,,,,,,,,
Anurag University,IR-E-C-19747,2022,Engineering,data/raw/pdf/2022/Engineering/IR-E-C-19747.pdf,1440.0,1320.0,138.0,138.0,1578,2938.0,2712.0,5650.0,4046.0,1604.0,0.0,1031.0,1910.0,2210.0,252.0,51.0,428.0,112.0,132.0,244.0,146.0,98.0,0.0,24.0,98.0,102.0,15.0,3.0,2.0,3050,2844,5894,4192,1702,0,1055,2008,2312,267,54,430,2020-21,1152.0,865.0,375000.0,136.0,1114.0,1200.0,1164.7,867.7,1180.0,368333.0,2019-20,94.0,76.0,325000.0,0.0,101.0,108.0,105.0,82.0,123.0,315000.0,1246.0,941.0,136.0,1308.0,0.7552,0.8644,0.9526,375000.0,2.0,50.0,0.0,8.0,2.7,2854233.0,9730672.0,5057838.0,67104844.0,411141606.0,126940571.0,6737425.0,89986267.0,498450930.0,19.0,4718349.0,15.0,5308030.0,2.5,454.0,12.99,48.3,28.9,0.0,44.7,15267.0,84569.0,,,,,,,,,,,,,,,,,,,,,,,,,,,,,,,,,,,,,,,,,,,,,,,,,,,,,,,,,,,,,,,,,,,,,,,,,,,,,,,,,,,,,,
SR University,IR-E-C-19754,2022,Engineering,data/raw/pdf/2022/Engineering/IR-E-C-19754.pdf,1080.0,720.0,150.0,126.0,1230,1653.0,1586.0,3239.0,2392.0,842.0,5.0,551.0,2137.0,1571.0,413.0,32.0,672.0,116.0,115.0,231.0,174.0,57.0,0.0,42.0,92.0,82.0,17.0,3.0,32.0,1769,1701,3470,2566,899,5,593,2229,1653,430,35,704,2020-21,615.0,443.0,450000.0,83.0,720.0,720.0,628.3,292.0,720.0,374667.0,2019-20,106.0,56.0,340000.0,6.0,124.0,126.0,85.0,50.5,114.0,367500.0,721.0,499.0,89.0,846.0,0.6921,0.8155,0.8522,450000.0,31.0,34.0,0.0,7.0,7.7,2938647.0,44164523.0,19362358.0,15461867.0,274768995.0,130136762.0,4274397.0,69561460.0,373851719.0,60.0,6816796.0,32.0,658753.0,2.5,239.0,14.65,49.0,25.9,0.14,61.0,20047.0,107738.0,,,,,,,,,,,,,,,,,,,,,,,,,,,,,,,,,,,,,,,,,,,,,,,,,,,,,,,,,,,,,,,,,,,,,,,,,,,,,,,,,,,,,,
AU College of Engineering (A),IR-E-C-24004,2022,Engineering,data/raw/pdf/2022/Engineering/IR-E-C-24004.pdf,530.0,754.0,510.0,510.0,1040,1062.0,942.0,2004.0,1773.0,121.0,110.0,312.0,1528.0,1082.0,11.0,38.0,709.0,554.0,466.0,1020.0,970.0,4.0,46.0,112.0,734.0,645.0,0.0,10.0,191.0,1616,1408,3024,2743,125,156,424,2262,1727,11,48,900,2020-21,360.0,330.0,550000.0,30.0,360.0,360.0,361.7,299.7,363.3,450000.0,2020-21,510.0,93.0,650000.0,67.0,510.0,510.0,510.0,86.7,510.0,568333.0,870.0,423.0,97.0,870.0,0.4862,0.5977,1.0,550000.0,101.0,112.0,63.0,83.0,129.0,15875691.0,607248453.0,72954654.0,74581431.0,542843543.0,145454736.0,6232376.0,662031620.0,590430325.0,31.0,45154522.0,554.0,53265962.0,2.5,189.0,16.53,46.6,4.1,5.16,59.1,218926.0,195248.0,,,,,,,,,,,,,,,,,,,,,,,,,,,,,,,,,,,,,,,,,,,,,,,,,,,,,,,,,,,,,,,,,,,,,,,,,,,,,,,,,,,,,,
Chaitanya Bharathi Institute of Technology,IR-E-C-25622,2022,Engineering,data/raw/pdf/2022/Engineering/IR-E-C-25622.pdf,1200.0,1080.0,176.0,176.0,1376,2964.0,1602.0,4566.0,4080.0,389.0,97.0,335.0,1701.0,1582.0,241.0,10.0,203.0,125.0,88.0,213.0,200.0,13.0,0.0,5.0,160.0,59.0,41.0,0.0,65.0,3089,1690,4779,4280,402,97,340,1861,1641,282,10,268,2020-21,1107.0,719.0,500000.0,198.0,994.0,1020.0,1075.7,736.0,1020.0,453333.0,2020-21,89.0,8.0,430000.0,0.0,98.0,176.0,87.0,14.0,182.0,396667.0,1196.0,727.0,198.0,1196.0,0.6079,0.7734,1.0,500000.0,0.0,0.0,0.0,0.0,0.0,4603639.0,4484345.0,1605980.0,16902299.0,593578340.0,171569208.0,4793656.0,45109379.0,741936749.0,31.0,5042818.0,19.0,919754.0,2.5,346.0,13.81,35.4,8.4,2.03,40.4,9439.0,155249.0,,,,,,,,,,,,,,,,,,,,,,,,,,,,,,,,,,,,,,,,,,,,,,,,,,,,,,,,,,,,,,,,,,,,,,,,,,,,,,,,,,,,,,
Thiagarajar College of Engineering,IR-E-C-26794,2022,Engineering,data/raw/pdf/2022/Engineering/IR-E-C-26794.pdf,840.0,780.0,136.0,154.0,976,2305.0,1193.0,3498.0,3428.0,70.0,0.0,988.0,2168.0,745.0,133.0,29.0,2249.0,84.0,123.0,207.0,207.0,0.0,0.0,15.0,177.0,0.0,0.0,0.0,192.0,2389,1316,3705,3635,70,0,1003,2345,745,133,29,2441,2020-21,890.0,632.0,450000.0,58.0,742.0,780.0,832.7,649.3,780.0,416667.0,2020-21,101.0,30.0,400000.0,5.0,107.0,154.0,136.3,43.7,218.7,386667.0,991.0,662.0,63.0,934.0,0.668,0.7316,1.061,450000.0,97.0,130.0,19.0,38.0,49.3,4132607.0,56806348.0,10611119.0,3446449.0,346621356.0,48698656.0,9099428.0,73692111.0,457031275.0,73.0,78470949.0,323.0,12728700.0,2.5,346.0,10.99,35.5,1.9,0.0,24.5,19890.0,123355.0,,,,,,,,,,,,,,,,,,,,,,,,,,,,,,,,,,,,,,,,,,,,,,,,,,,,,,,,,,,,,,,,,,,,,,,,,,,,,,,,,,,,,,
Sree Vidyanikethan Engineering College,IR-E-C-26929,2022,Engineering,data/raw/pdf/2022/Engineering/IR-E-C-26929.pdf,1470.0,1380.0,96.0,192.0,1566,3672.0,2054.0,5726.0,5559.0,39.0,128.0,1263.0,3135.0,3288.0,3.0,0.0,1107.0,12.0,14.0,26.0,26.0,0.0,0.0,7.0,5.0,12.0,0.0,0.0,0.0,3684,2068,5752,5585,39,128,1270,3140,3300,3,0,1107,2020-21,1329.0,959.0,450000.0,18.0,1231.0,1380.0,1332.7,1001.7,1380.0,416667.0,2020-21,21.0,12.0,310000.0,1.0,22.0,192.0,39.5,22.5,192.0,320000.0,1350.0,971.0,19.0,1572.0,0.7193,0.7333,0.8588,450000.0,15.0,64.0,0.0,2.0,2.3,506124.0,18714480.0,143454.0,12742405.0,283191459.0,201958481.0,2386635.0,40888901.0,525651812.0,11.0,9585061.0,5.0,126667.0,2.5,485.0,11.89,36.0,0.7,2.23,57.4,7109.0,91386.0,,,,,,,,,,,,,,,,,,,,,,,,,,,,,,,,,,,,,,,,,,,,,,,,,,,,,,,,,,,,,,,,,,,,,,,,,,,,,,,,,,,,,,
Mepco Schlenk Engineering College,IR-E-C-27058,2022,Engineering,data/raw/pdf/2022/Engineering/IR-E-C-27058.pdf,1020.0,900.0,161.0,170.0,1181,2167.0,1378.0,3545.0,3510.0,35.0,0.0,1094.0,2451.0,789.0,518.0,26.0,2212.0,55.0,39.0,94.0,92.0,2.0,0.0,7.0,87.0,8.0,28.0,0.0,58.0,2222,1417,3639,3602,37,0,1101,2538,797,546,26,2270,2020-21,798.0,387.0,400000.0,87.0,776.0,840.0,805.0,457.0,816.0,383333.0,2019-20,81.0,52.0,400000.0,3.0,93.0,170.0,90.0,55.0,194.0,375000.0,879.0,439.0,90.0,1010.0,0.4994,0.6018,0.8703,400000.0,32.0,156.0,6.0,24.0,27.0,3846829.0,18365655.0,281737.0,36528557.0,259627827.0,37928947.0,2521558.0,43892259.0,363166677.0,65.0,8059104.0,174.0,460728.0,2.5,270.0,13.6,38.9,1.0,0.0,37.6,12062.0,99798.0,,,,,,,,,,,,,,,,,,,,,,,,,,,,,,,,,,,,,,,,,,,,,,,,,,,,,,,,,,,,,,,,,,,,,,,,,,,,,,,,,,,,,,
National Engineering College,IR-E-C-27089,2022,Engineering,data/raw/pdf/2022/Engineering/IR-E-C-27089.pdf,540.0,540.0,88.0,88.0,628,1671.0,846.0,2517.0,2509.0,8.0,0.0,204.0,2289.0,646.0,25.0,16.0,1806.0,9.0,39.0,48.0,48.0,0.0,0.0,2.0,46.0,0.0,48.0,0.0,0.0,1680,885,2565,2557,8,0,206,2335,646,73,16,1806,2020-21,688.0,551.0,360000.0,51.0,649.0,660.0,634.0,450.7,660.0,300000.0,2020-21,21.0,15.0,320000.0,1.0,24.0,88.0,23.0,7.7,97.0,314667.0,709.0,566.0,52.0,748.0,0.7983,0.8717,0.9479,360000.0,15.0,40.0,1.0,23.0,20.7,1849114.0,8145864.0,328471.0,304572.0,139670706.0,25483625.0,7724033.0,15105175.0,207109870.0,8.0,584667.0,96.0,1062317.0,2.5,212.0,12.17,34.5,0.3,0.0,28.7,5889.0,80745.0,,,,,,,,,,,,,,,,,,,,,,,,,,,,,,,,,,,,,,,,,,,,,,,,,,,,,,,,,,,,,,,,,,,,,,,,,,,,,,,,,,,,,,
University College of Engineering,IR-E-C-27616,2022,Engineering,data/raw/pdf/2022/Engineering/IR-E-C-27616.pdf,320.0,320.0,319.0,319.0,639,649.0,680.0,1329.0,877.0,350.0,102.0,897.0,215.0,1098.0,0.0,0.0,14.0,334.0,340.0,674.0,554.0,100.0,20.0,408.0,235.0,643.0,0.0,0.0,0.0,983,1020,2003,1431,450,122,1305,450,1741,0,0,14,2020-21,310.0,280.0,660000.0,30.0,278.0,320.0,310.7,223.0,320.0,553333.0,2020-21,180.0,133.0,710000.0,15.0,319.0,319.0,168.7,129.3,316.3,720333.0,490.0,413.0,45.0,639.0,0.8429,0.9347,0.7668,660000.0,76.0,236.0,1.0,14.0,20.7,5732000.0,30244000.0,1066142.0,5084668.0,483284322.0,52575000.0,5439000.0,49205959.0,523618838.0,110.0,153299167.0,598.0,92444683.0,2.0,136.0,15.29,50.9,22.5,6.09,86.9,24566.0,261417.0,,,,,,,,,,,,,,,,,,,,,,,,,,,,,,,,,,,,,,,,,,,,,,,,,,,,,,,,,,,,,,,,,,,,,,,,,,,,,,,,,,,,,,
"C.V. Raman Global University, Odisha",IR-E-C-30045,2022,Engineering,data/raw/pdf/2022/Engineering/IR-E-C-30045.pdf,1320.0,1080.0,132.0,203.0,1452,2940.0,1313.0,4253.0,1534.0,2576.0,143.0,2667.0,1329.0,721.0,802.0,583.0,1890.0,204.0,111.0,315.0,77.0,195.0,43.0,162.0,37.0,36.0,68.0,34.0,61.0,3144,1424,4568,1611,2771,186,2829,1366,757,870,617,1951,2020-21,1089.0,961.0,470000.0,84.0,973.0,1200.0,1003.0,844.0,1080.0,441667.0,2019-20,182.0,114.0,345000.0,68.0,187.0,210.0,129.5,86.0,159.0,342500.0,1271.0,1075.0,152.0,1410.0,0.8458,0.9654,0.9014,470000.0,52.0,75.0,0.0,0.0,0.0,4436518.0,32585265.0,25963488.0,228614378.0,322843562.0,439864637.0,11745326.0,240623808.0,695263957.0,9.0,25959433.0,13.0,3201300.0,2.5,398.0,11.61,31.2,60.7,4.07,49.1,52676.0,152203.0,,,,,,,,,,,,,,,,,,,,,,,,,,,,,,,,,,,,,,,,,,,,,,,,,,,,,,,,,,,,,,,,,,,,,,,,,,,,,,,,,,,,,,
"Silicon Institute of Technology (SIT), Bhubaneswar",IR-E-C-30153,2022,Engineering,data/raw/pdf/2022/Engineering/IR-E-C-30153.pdf,720.0,540.0,27.0,36.0,747,1416.0,886.0,2302.0,1124.0,1178.0,0.0,1120.0,690.0,271.0,177.0,201.0,1161.0,4.0,3.0,7.0,2.0,5.0,0.0,5.0,2.0,3.0,2.0,1.0,1.0,1420,889,2309,1126,1183,0,1125,692,274,179,202,1162,2020-21,541.0,425.0,376000.0,32.0,527.0,540.0,531.7,404.3,540.0,375333.0,2020-21,1.0,1.0,480000.0,0.0,1.0,36.0,1.3,1.3,42.0,320000.0,542.0,426.0,32.0,576.0,0.786,0.845,0.941,376000.0,0.0,0.0,0.0,0.0,0.0,2416788.0,7520016.0,0.0,30323655.0,174076433.0,99282466.0,1353549.0,29401362.0,237876422.0,2.0,670000.0,3.0,322133.0,2.5,162.0,14.25,38.5,51.2,0.0,28.4,12733.0,103021.0,,,,,,,,,,,,,,,,,,,,,,,,,,,,,,,,,,,,,,,,,,,,,,,,,,,,,,,,,,,,,,,,,,,,,,,,,,,,,,,,,,,,,,
"Veermata Jijabai Technological Institute (VJTI, Mumbai)",IR-E-C-33641,2022,Engineering,data/raw/pdf/2022/Engineering/IR-E-C-33641.pdf,540.0,540.0,365.0,392.0,905,1969.0,828.0,2797.0,2132.0,508.0,157.0,793.0,1226.0,1836.0,41.0,142.0,0.0,470.0,190.0,660.0,526.0,134.0,0.0,363.0,250.0,433.0,7.0,173.0,0.0,2439,1018,3457,2658,642,157,1156,1476,2269,48,315,0,2020-21,657.0,452.0,754000.0,98.0,577.0,540.0,644.7,482.3,540.0,740067.0,2020-21,324.0,146.0,700000.0,7.0,346.0,392.0,332.3,168.3,392.0,634000.0,981.0,598.0,105.0,932.0,0.6096,0.7166,1.0526,754000.0,69.0,115.0,11.0,13.0,24.3,8365229.0,47669438.0,4463432.0,27565671.0,422302783.0,98281160.0,32995215.0,121651538.0,625784219.0,43.0,57454013.0,3444.0,98462038.0,2.5,236.0,14.94,29.4,18.6,4.54,76.1,35190.0,181019.0,,,,,,,,,,,,,,,,,,,,,,,,,,,,,,,,,,,,,,,,,,,,,,,,,,,,,,,,,,,,,,,,,,,,,,,,,,,,,,,,,,,,,,
Bharatiya Vidya Bhavan`s Sardar Patel Institute of Technology,IR-E-C-33773,2022,Engineering,data/raw/pdf/2022/Engineering/IR-E-C-33773.pdf,240.0,240.0,36.0,36.0,276,820.0,384.0,1204.0,1182.0,22.0,0.0,89.0,277.0,199.0,0.0,0.0,167.0,20.0,13.0,33.0,33.0,0.0,0.0,0.0,3.0,0.0,0.0,0.0,3.0,840,397,1237,1215,22,0,89,280,199,0,0,170,2020-21,285.0,253.0,850000.0,24.0,256.0,240.0,293.0,218.3,240.0,748333.0,2020-21,17.0,8.0,750000.0,1.0,22.0,36.0,20.7,9.0,36.0,577333.0,302.0,261.0,25.0,276.0,0.8642,0.947,1.0942,850000.0,54.0,0.0,0.0,0.0,1.7,1058379.0,4356800.0,0.0,3750168.0,161434523.0,14097608.0,382295.0,12489022.0,177271749.0,26.0,176667.0,17.0,668500.0,2.5,71.0,18.18,32.1,1.8,0.0,16.1,10096.0,143308.0,,,,,,,,,,,,,,,,,,,,,,,,,,,,,,,,,,,,,,,,,,,,,,,,,,,,,,,,,,,,,,,,,,,,,,,,,,,,,,,,,,,,,,
Shri Vile Parle Kelavani Mandal`s Dwarkadas J. Sanghvi College of Engineering,IR-E-C-33777,2022,Engineering,data/raw/pdf/2022/Engineering/IR-E-C-33777.pdf,660.0,630.0,54.0,54.0,714,2276.0,664.0,2940.0,2898.0,42.0,0.0,440.0,73.0,146.0,6.0,17.0,344.0,18.0,7.0,25.0,20.0,5.0,0.0,0.0,0.0,0.0,0.0,0.0,0.0,2294,671,2965,2918,47,0,440,73,146,6,17,344,2020-21,768.0,386.0,600000.0,212.0,658.0,630.0,747.0,369.0,620.0,491667.0,2020-21,8.0,6.0,550000.0,0.0,14.0,54.0,8.0,5.0,54.0,437667.0,776.0,392.0,212.0,684.0,0.5052,0.7784,1.1345,600000.0,30.0,0.0,11.0,0.0,5.3,1645442.0,20961666.0,0.0,32660400.0,326385354.0,121874060.0,5451390.0,66138859.0,393601918.0,69.0,5735667.0,33.0,1444686.0,2.5,189.0,15.85,22.6,1.6,0.0,5.7,22307.0,132749.0,,,,,,,,,,,,,,,,,,,,,,,,,,,,,,,,,,,,,,,,,,,,,,,,,,,,,,,,,,,,,,,,,,,,,,,,,,,,,,,,,,,,,,
Bharati Vidyapeeth Deemed University College of Engineering,IR-E-C-35417,2022,Engineering,data/raw/pdf/2022/Engineering/IR-E-C-35417.pdf,900.0,900.0,144.0,144.0,1044,1942.0,1035.0,2977.0,552.0,2425.0,0.0,1592.0,502.0,487.0,571.0,45.0,991.0,124.0,155.0,279.0,202.0,77.0,0.0,193.0,52.0,32.0,49.0,5.0,159.0,2066,1190,3256,754,2502,0,1785,554,519,620,50,1150,2020-21,785.0,611.0,380000.0,118.0,745.0,750.0,783.7,643.3,750.0,350000.0,2020-21,113.0,89.0,600000.0,18.0,141.0,144.0,111.3,89.3,144.0,583333.0,898.0,700.0,136.0,894.0,0.7795,0.931,1.0045,380000.0,194.0,1.0,7.0,1.0,11.3,7903955.0,9757882.0,221510.0,7162814.0,284438728.0,99115727.0,1344016.0,90550335.0,330809195.0,18.0,5438698.0,22.0,3226493.0,2.5,233.0,14.81,36.5,76.8,0.0,36.5,27810.0,101600.0,,,,,,,,,,,,,,,,,,,,,,,,,,,,,,,,,,,,,,,,,,,,,,,,,,,,,,,,,,,,,,,,,,,,,,,,,,,,,,,,,,,,,,
Kumaraguru College of Technology,IR-E-C-36926,2022,Engineering,data/raw/pdf/2022/Engineering/IR-E-C-36926.pdf,1320.0,1260.0,210.0,234.0,1530,3586.0,1453.0,5039.0,4904.0,135.0,0.0,2491.0,2253.0,301.0,94.0,5.0,4344.0,107.0,129.0,236.0,229.0,7.0,0.0,72.0,148.0,13.0,50.0,0.0,157.0,3751,1610,5361,5216,145,0,2622,2426,314,144,5,4585,2020-21,1276.0,975.0,400000.0,190.0,1140.0,1200.0,1150.3,901.7,1200.0,379333.0,2019-20,122.0,32.0,300000.0,5.0,133.0,234.0,101.0,34.0,231.0,300000.0,1461.0,1061.0,197.0,1494.0,0.7262,0.8611,0.9779,400000.0,26.0,89.0,0.0,8.0,12.3,365937.0,18235141.0,8891703.0,565659.0,354914268.0,174851481.0,3959834.0,78806557.0,615104584.0,85.0,20834694.0,1578.0,45577840.0,2.5,375.0,14.37,30.0,2.7,0.0,8.6,14700.0,114737.0,,,,,,,,,,,,,,,,,,,,,,,,,,0.0,60.0,58.0,28.0,86.0,83.0,3.0,0.0,59.0,25.0,0.0,0.0,0.0,84.0,2020-21,63.0,54.0,290000.0,2.0,23.0,60.0,61.3,46.7,60.0,313333.0,,,,,,,,,,,,,,,,,,,,,,,,,,,,,,,,,,,,
Coimbatore Institute of Technology,IR-E-C-36969,2022,Engineering,data/raw/pdf/2022/Engineering/IR-E-C-36969.pdf,720.0,720.0,180.0,180.0,900,2043.0,852.0,2895.0,2849.0,46.0,0.0,88.0,2691.0,1653.0,94.0,83.0,949.0,55.0,46.0,101.0,101.0,0.0,0.0,3.0,91.0,9.0,0.0,0.0,85.0,2098,898,2996,2950,46,0,91,2782,1662,94,83,1034,2020-21,640.0,490.0,450000.0,72.0,595.0,700.0,636.3,488.0,700.0,403333.0,2020-21,60.0,25.0,450000.0,5.0,65.0,180.0,65.7,23.0,180.0,420000.0,700.0,515.0,77.0,880.0,0.7357,0.8457,0.7955,450000.0,56.0,139.0,4.0,35.0,34.0,1750000.0,15550000.0,1745000.0,4815500.0,364193450.0,82754670.0,29512500.0,24009926.0,464247665.0,38.0,33879638.0,90.0,10583996.0,2.5,247.0,12.36,30.0,1.5,0.0,61.4,8014.0,154956.0,,,,,,,,,,,,,,,,,,,,,,,,,,,,,,,,,,,,,,,,,,,,,,,,,,,,,,,,,,,,,,,,,,,,,,,,,,,,,,,,,,,,,,
Government College of Technology,IR-E-C-36975,2022,Engineering,data/raw/pdf/2022/Engineering/IR-E-C-36975.pdf,720.0,720.0,198.0,198.0,918,1719.0,1047.0,2766.0,2743.0,23.0,0.0,42.0,2637.0,641.0,0.0,348.0,1690.0,167.0,132.0,299.0,295.0,4.0,0.0,2.0,290.0,253.0,0.0,0.0,39.0,1886,1179,3065,3038,27,0,44,2927,894,0,348,1729,2020-21,695.0,541.0,600000.0,12.0,598.0,700.0,607.3,512.7,700.0,725000.0,2020-21,149.0,35.0,600000.0,2.0,150.0,198.0,151.0,50.0,198.0,516667.0,844.0,576.0,14.0,898.0,0.6825,0.6991,0.9399,600000.0,39.0,101.0,15.0,28.0,32.3,213341.0,4232287.0,2195354.0,14840613.0,327637838.0,29009340.0,4327045.0,58956463.0,290336142.0,7.0,256784.0,333.0,12162066.0,2.5,166.0,18.7,38.5,0.9,0.0,40.5,19235.0,94726.0,,,,,,,,,,,,,,,,,,,,,,,,,,,,,,,,,,,,,,,,,,,,,,,,,,,,,,,,,,,,,,,,,,,,,,,,,,,,,,,,,,,,,,
Sri Krishna College of Engineering and Technology,IR-E-C-36995,2022,Engineering,data/raw/pdf/2022/Engineering/IR-E-C-36995.pdf,1140.0,1140.0,78.0,78.0,1278,2910.0,1604.0,4514.0,4351.0,148.0,15.0,1591.0,2794.0,665.0,343.0,245.0,3132.0,49.0,75.0,124.0,92.0,32.0,0.0,18.0,72.0,8.0,9.0,24.0,49.0,3026,1694,4720,4513,192,15,1620,2913,678,356,284,3215,2020-21,1172.0,985.0,500000.0,187.0,1041.0,1080.0,1167.3,986.7,1080.0,480667.0,2020-21,69.0,64.0,500000.0,5.0,69.0,78.0,59.0,55.7,78.0,480667.0,1241.0,1049.0,192.0,1158.0,0.8453,1.0,1.0717,500000.0,16.0,158.0,4.0,35.0,38.7,9731962.0,48511906.0,16526907.0,199748635.0,415275760.0,472519556.0,19253923.0,262242370.0,841854022.0,140.0,6780443.0,76.0,17243713.0,2.5,373.0,12.7,35.9,4.1,0.32,27.9,55560.0,178359.0,60.0,60.0,67.0,15.0,82.0,70.0,12.0,0.0,11.0,47.0,5.0,4.0,15.0,34.0,2019-20,0.0,0.0,0.0,0.0,0.0,0.0,0.0,0.0,0.0,0.0,,,,,,,,,,,,,,,,,,,,,,,,,,,,,,,,,,,,,,,,,,,,,,,,,,,,,,,,,,,,,
PSG College of Technology,IR-E-C-37013,2022,Engineering,data/raw/pdf/2022/Engineering/IR-E-C-37013.pdf,1140.0,1140.0,475.0,475.0,1795,3133.0,1645.0,4778.0,4483.0,285.0,10.0,101.0,4182.0,1168.0,141.0,34.0,2940.0,282.0,212.0,494.0,476.0,18.0,0.0,67.0,427.0,0.0,0.0,0.0,494.0,4160,1971,6131,5794,327,10,184,5399,1309,156,73,4045,2020-21,1240.0,771.0,500000.0,141.0,1090.0,1140.0,1146.0,688.0,1140.0,446667.0,2020-21,292.0,128.0,500000.0,4.0,306.0,475.0,279.3,109.3,479.7,456913.0,1720.0,993.0,156.0,1795.0,0.5773,0.668,0.9582,500000.0,148.0,269.0,20.0,41.0,59.7,6925000.0,61123000.0,0.0,26685000.0,549242000.0,504819000.0,9664000.0,151655667.0,961332333.0,101.0,64516381.0,388.0,6993403.0,2.5,448.0,14.02,32.1,5.3,0.16,25.1,24736.0,156799.0,180.0,180.0,745.0,114.0,859.0,835.0,24.0,0.0,16.0,790.0,141.0,15.0,39.0,611.0,2020-21,188.0,94.0,460000.0,11.0,162.0,180.0,185.5,97.0,180.0,430000.0,,,,,,,,,,,,,,,,,,,,,,,,,,,,,,,,,,,,,,,,,,,,,,,,,,,,,,,,,,,,,
Sona College of Technology,IR-E-C-37028,2022,Engineering,data/raw/pdf/2022/Engineering/IR-E-C-37028.pdf,1110.0,1110.0,216.0,216.0,1326,2608.0,1300.0,3908.0,3743.0,123.0,42.0,257.0,3651.0,809.0,424.0,228.0,2447.0,117.0,50.0,167.0,146.0,15.0,6.0,21.0,146.0,16.0,59.0,44.0,48.0,2725,1350,4075,3889,138,48,278,3797,825,483,272,2495,2020-21,967.0,903.0,450000.0,49.0,860.0,1020.0,915.0,769.3,1020.0,330000.0,2020-21,90.0,78.0,450000.0,4.0,92.0,216.0,103.0,88.3,226.0,433333.0,1057.0,981.0,53.0,1236.0,0.9281,0.9782,0.8552,450000.0,34.0,173.0,13.0,36.0,34.3,3792172.0,14921723.0,2277902.0,42769957.0,400230199.0,200743382.0,16117938.0,51618222.0,504349572.0,21.0,11544566.0,1427.0,22123914.0,2.5,342.0,12.01,33.1,3.4,1.18,38.8,12667.0,123767.0,,,,,,,,,,,,,,,,,,,,,,,,,,,,,,,,,,,,,,,,,,,,,,,,,,,,,,,,,,,,,,,,,,,,,,,,,,,,,,,,,,,,,,
Sri Krishna College of Technology,IR-E-C-37064,2022,Engineering,data/raw/pdf/2022/Engineering/IR-E-C-37064.pdf,900.0,960.0,66.0,108.0,966,2362.0,840.0,3202.0,2909.0,293.0,0.0,638.0,2476.0,813.0,278.0,64.0,1959.0,21.0,17.0,38.0,34.0,4.0,0.0,7.0,30.0,12.0,5.0,4.0,16.0,2383,857,3240,2943,297,0,645,2506,825,283,68,1975,2020-21,899.0,868.0,530000.0,31.0,867.0,960.0,908.0,848.7,960.0,463333.0,2020-21,25.0,25.0,480000.0,0.0,26.0,108.0,30.0,27.5,108.0,430000.0,924.0,893.0,31.0,1068.0,0.9665,1.0,0.8652,530000.0,5.0,115.0,1.0,10.0,9.3,9854778.0,35319775.0,9755572.0,45337882.0,297837962.0,328189624.0,31257953.0,98210632.0,597479731.0,65.0,13745058.0,187.0,6967010.0,2.5,348.0,9.32,26.5,9.2,0.0,36.3,30312.0,184407.0,,,,,,,,,,,,,,,,,,,,,,,,,,,,,,,,,,,,,,,,,,,,,,,,,,,,,,,,,,,,,,,,,,,,,,,,,,,,,,,,,,,,,,
Kongu Engineering College,IR-E-C-37065,2022,Engineering,data/raw/pdf/2022/Engineering/IR-E-C-37065.pdf,1680.0,1680.0,102.0,309.0,1782,4683.0,1592.0,6275.0,6218.0,57.0,0.0,188.0,5478.0,279.0,265.0,20.0,5102.0,44.0,81.0,125.0,116.0,9.0,0.0,3.0,110.0,3.0,5.0,0.0,105.0,4727,1673,6400,6334,66,0,191,5588,282,270,20,5207,2020-21,1652.0,1256.0,400000.0,78.0,1584.0,1680.0,1587.0,1220.0,1680.0,360000.0,2020-21,60.0,32.0,410000.0,2.0,77.0,309.0,76.3,47.3,309.0,369000.0,1712.0,1288.0,80.0,1989.0,0.7523,0.7991,0.8607,400000.0,18.0,180.0,6.0,24.0,22.0,10630614.0,19740421.0,5856936.0,20975107.0,391300862.0,599511560.0,883597.0,45614620.0,870138467.0,140.0,18358010.0,1384.0,3981113.0,2.5,549.0,11.69,26.1,1.0,0.0,8.9,7127.0,135959.0,,,,,,,,,,,,,,,,,,,,,,,,,,,,,,,,,,,,,,,,,,,,,,,,,,,,,,,,,,,,,,,,,,,,,,,,,,,,,,,,,,,,,,
"College of Engineering, Pune",IR-E-C-41593,2022,Engineering,data/raw/pdf/2022/Engineering/IR-E-C-41593.pdf,570.0,570.0,462.0,444.0,1032,2077.0,912.0,2989.0,2668.0,128.0,193.0,251.0,1510.0,1272.0,222.0,159.0,108.0,626.0,226.0,852.0,820.0,28.0,4.0,0.0,414.0,315.0,19.0,0.0,80.0,2703,1138,3841,3488,156,197,251,1924,1587,241,159,188,2020-21,734.0,527.0,812000.0,145.0,661.0,570.0,716.0,514.0,570.0,766333.0,2020-21,371.0,220.0,600000.0,14.0,421.0,444.0,383.0,211.0,444.0,547000.0,1105.0,747.0,159.0,1014.0,0.676,0.8199,1.0897,812000.0,61.0,166.0,10.0,23.0,23.7,16072001.0,49774707.0,44111262.0,73309065.0,603399112.0,477176773.0,1564043.0,108404276.0,963308694.0,132.0,65718333.0,1462.0,96755349.0,2.5,275.0,14.19,29.6,4.1,5.13,51.7,28223.0,250796.0,,,,,,,,,,,,,,,,,,,,,,,,,,,,,,,,,,,,,,,,,,,,,,,,,,,,,,,,,,,,,,,,,,,,,,,,,,,,,,,,,,,,,,
Army Institute of Technology,IR-E-C-42054,2022,Engineering,data/raw/pdf/2022/Engineering/IR-E-C-42054.pdf,360.0,300.0,18.0,18.0,378,1168.0,133.0,1301.0,34.0,1267.0,0.0,559.0,339.0,90.0,0.0,21.0,787.0,10.0,0.0,10.0,9.0,1.0,0.0,0.0,4.0,0.0,0.0,0.0,4.0,1178,133,1311,43,1268,0,559,343,90,0,21,791,2020-21,287.0,260.0,760000.0,10.0,300.0,300.0,311.3,272.7,320.0,683333.0,2020-21,1.0,1.0,600000.0,0.0,6.0,18.0,3.3,3.3,18.0,493333.0,288.0,261.0,10.0,318.0,0.9062,0.941,0.9057,760000.0,0.0,0.0,0.0,0.0,0.0,3819295.0,14464599.0,4123352.0,20281601.0,179464790.0,27145860.0,3924805.0,51625257.0,195551399.0,14.0,2666240.0,8.0,47102.0,1.5,85.0,15.42,10.1,96.7,0.0,8.5,39379.0,149162.0,,,,,,,,,,,,,,,,,,,,,,,,,,,,,,,,,,,,,,,,,,,,,,,,,,,,,,,,,,,,,,,,,,,,,,,,,,,,,,,,,,,,,,
Dr. D. Y. Patil Institute of Technology,IR-E-C-42227,2022,Engineering,data/raw/pdf/2022/Engineering/IR-E-C-42227.pdf,1080.0,960.0,132.0,132.0,1212,2824.0,1354.0,4178.0,3285.0,881.0,12.0,978.0,1864.0,955.0,2.0,0.0,1885.0,101.0,72.0,173.0,172.0,1.0,0.0,16.0,58.0,23.0,0.0,0.0,51.0,2925,1426,4351,3457,882,12,994,1922,978,2,0,1936,2020-21,719.0,640.0,550000.0,42.0,663.0,720.0,710.7,647.7,720.0,553333.0,2020-21,68.0,57.0,430000.0,0.0,80.0,132.0,75.3,66.7,132.0,440000.0,787.0,697.0,42.0,852.0,0.8856,0.939,0.9237,550000.0,54.0,0.0,9.0,0.0,11.3,2237287.0,16991636.0,5836746.0,50053160.0,216347348.0,86704384.0,456856.0,60184507.0,321869710.0,56.0,4645411.0,63.0,1265297.0,2.5,267.0,16.5,32.8,20.3,0.28,22.5,13832.0,73976.0,,,,,,,,,,,,,,,,,,,,,,,,,,,,,,,,,,,,,,,,,,,,,,,,,,,,,,,,,,,,,,,,,,,,,,,,,,,,,,,,,,,,,,
"National Institute of Advanced Manufacturing Technology, Ranchi",IR-E-C-43264,2022,Engineering,data/raw/pdf/2022/Engineering/IR-E-C-43264.pdf,120.0,120.0,116.0,116.0,236,480.0,38.0,518.0,87.0,431.0,0.0,38.0,291.0,115.0,38.0,0.0,176.0,103.0,5.0,108.0,35.0,73.0,0.0,4.0,44.0,0.0,0.0,0.0,48.0,583,43,626,122,504,0,42,335,115,38,0,224,2020-21,76.0,75.0,505000.0,1.0,77.0,120.0,85.3,80.0,132.7,453333.0,2020-21,40.0,25.0,425000.0,9.0,66.0,116.0,65.7,18.0,116.0,400000.0,116.0,100.0,10.0,236.0,0.8621,0.9483,0.4915,505000.0,13.0,20.0,0.0,0.0,5.0,23184437.0,18067611.0,1035350.0,14989727.0,154290869.0,138024474.0,553628.0,37132356.0,299610919.0,14.0,2833348.0,5.0,708897.0,2.5,50.0,12.78,6.9,80.5,0.0,24.4,59317.0,478612.0,,,,,,,,,,,,,,,,,,,,,,,,,,,,,,,,,,,,,,,,,,,,,,,,,,,,,,,,,,,,,,,,,,,,,,,,,,,,,,,,,,,,,,
"College of Engineering, Trivandrum",IR-E-C-43708,2022,Engineering,data/raw/pdf/2022/Engineering/IR-E-C-43708.pdf,660.0,600.0,432.0,414.0,1092,1904.0,869.0,2773.0,2704.0,69.0,0.0,452.0,1445.0,1176.0,357.0,51.0,313.0,335.0,475.0,810.0,803.0,7.0,0.0,178.0,469.0,460.0,1.0,2.0,184.0,2239,1344,3583,3507,76,0,630,1914,1636,358,53,497,2020-21,604.0,469.0,575000.0,51.0,623.0,641.0,557.3,415.0,641.0,508333.0,2020-21,366.0,232.0,525000.0,7.0,402.0,414.0,366.7,189.7,414.0,475000.0,970.0,701.0,58.0,1055.0,0.7227,0.7825,0.9194,575000.0,113.0,87.0,6.0,7.0,12.3,7513324.0,28132791.0,1041137.0,7822191.0,564906485.0,58817292.0,351050.0,45321118.0,609615176.0,84.0,28331779.0,1779.0,33250756.0,2.5,267.0,13.84,37.5,2.1,0.0,57.1,12649.0,170141.0,,,,,,,,,,,,,,,,,,,,,,,,,,,,,,,,,,,,,,,,,,,,,,,,,,,,,,,,,,,,,,,,,,,,,,,,,,,,,,,,,,,,,,
"National Institute of Food Technology, Entrepreneurship and Management - Thanjavur (NIFTEM - Thanjavur)",IR-E-C-45375,2022,Engineering,data/raw/pdf/2022/Engineering/IR-E-C-45375.pdf,75.0,75.0,36.0,36.0,111,143.0,95.0,238.0,179.0,59.0,0.0,13.0,193.0,26.0,28.0,0.0,152.0,24.0,40.0,64.0,21.0,43.0,0.0,5.0,38.0,4.0,3.0,0.0,36.0,167,135,302,200,102,0,18,231,30,31,0,188,2020-21,18.0,6.0,330000.0,12.0,56.0,60.0,33.0,12.0,55.0,307667.0,2019-20,35.0,19.0,350000.0,14.0,36.0,40.0,36.0,18.5,40.0,341435.0,53.0,25.0,26.0,100.0,0.4717,0.9623,0.53,330000.0,50.0,0.0,6.0,0.0,3.7,1530826.0,37797418.0,6974303.0,8093495.0,129831897.0,52022946.0,2120821.0,61127555.0,177245958.0,95.0,42301734.0,126.0,9711648.0,2.5,45.0,7.82,44.7,33.8,0.0,20.2,202409.0,586907.0,,,,,,,,,,,,,,,,,,,,,,,,,,,,,,,,,,,,,,,,,,,,,,,,,,,,,,,,,,,,,,,,,,,,,,,,,,,,,,,,,,,,,,
KIET Group of Institutions,IR-E-C-46111,2022,Engineering,data/raw/pdf/2022/Engineering/IR-E-C-46111.pdf,1320.0,1320.0,72.0,63.0,1392,4021.0,962.0,4983.0,4466.0,517.0,0.0,1159.0,1032.0,1266.0,224.0,0.0,701.0,6.0,12.0,18.0,13.0,5.0,0.0,4.0,1.0,1.0,0.0,0.0,4.0,4027,974,5001,4479,522,0,1163,1033,1267,224,0,705,2020-21,972.0,812.0,420000.0,4.0,967.0,1020.0,1019.3,793.7,1020.0,412000.0,2020-21,2.0,2.0,300000.0,0.0,5.0,63.0,1.3,1.3,69.0,616667.0,974.0,814.0,4.0,1083.0,0.8357,0.8398,0.8994,420000.0,5.0,20.0,0.0,2.0,1.3,5320000.0,19009000.0,248000.0,7763000.0,328736000.0,98864000.0,776355.0,60727667.0,462453785.0,28.0,17344852.0,15.0,3596038.0,2.5,368.0,13.6,19.5,10.4,0.0,29.8,12143.0,92472.0,,,,,,,,,,,,,,,,,,,,,,,,,,,,,,,,,,,,,,,,,,,,,,,,,,,,,,,,,,,,,,,,,,,,,,,,,,,,,,,,,,,,,,
G. L. Bajaj Institute of Technology and Management,IR-E-C-46239,2022,Engineering,data/raw/pdf/2022/Engineering/IR-E-C-46239.pdf,1200.0,1080.0,,,1200,3263.0,666.0,3929.0,2943.0,986.0,0.0,464.0,982.0,813.0,198.0,6.0,429.0,,,,,,,,,,,,,3263,666,3929,2943,986,0,464,982,813,198,6,429,2020-21,957.0,607.0,401000.0,24.0,972.0,1020.0,977.0,588.3,1020.0,383667.0,,,,,,,,,,,,957.0,607.0,24.0,1020.0,0.6343,0.6594,0.9382,401000.0,0.0,0.0,0.0,0.0,0.0,2431069.0,8413458.0,7251634.0,3061489.0,261172238.0,85733790.0,2174560.0,54398836.0,337269883.0,56.0,3645218.0,19.0,9292353.0,2.5,406.0,9.68,17.0,25.1,0.0,25.9,13845.0,85841.0,,,,,,,,,,,,,,,,,,,,,,,,,,,,,,,,,,,,,,,,,,,,,,,,,,,,,,,,,,,,,,,,,,,,,,,,,,,,,,,,,,,,,,
PSG Institute of Technology and Applied Research,IR-E-C-50605,2022,Engineering,data/raw/pdf/2022/Engineering/IR-E-C-50605.pdf,300.0,300.0,,,300,833.0,411.0,1244.0,1188.0,52.0,4.0,538.0,554.0,467.0,23.0,40.0,562.0,,,,,,,,,,,,,833,411,1244,1188,52,4,538,554,467,23,40,562,2020-21,349.0,213.0,550000.0,17.0,292.0,300.0,330.3,215.0,300.0,523333.0,,,,,,,,,,,,349.0,213.0,17.0,300.0,0.6103,0.659,1.1633,550000.0,5.0,2.0,0.0,0.0,0.0,3481582.0,7901583.0,0.0,22166029.0,85635925.0,39160038.0,9318874.0,36037310.0,138212682.0,15.0,2508142.0,74.0,747425.0,2.5,93.0,13.43,33.0,4.2,0.32,42.6,28969.0,111103.0,,,,,,,,,,,,,,,,,,,,,,,,,,,,,,,,,,,,,,,,,,,,,,,,,,,,,,,,,,,,,,,,,,,,,,,,,,,,,,,,,,,,,,
Netaji Subhas University of Technology (NSUT),IR-E-C-6379,2022,Engineering,data/raw/pdf/2022/Engineering/IR-E-C-6379.pdf,1876.0,1304.0,286.0,198.0,2162,4580.0,467.0,5047.0,4124.0,763.0,160.0,253.0,2331.0,557.0,113.0,0.0,1914.0,236.0,110.0,346.0,164.0,180.0,2.0,11.0,101.0,0.0,0.0,0.0,112.0,4816,577,5393,4288,943,162,264,2432,557,113,0,2026,2020-21,864.0,632.0,1300000.0,120.0,949.0,956.0,859.0,666.3,943.0,1200000.0,2019-20,107.0,87.0,900000.0,14.0,107.0,159.0,95.5,65.5,159.0,805000.0,971.0,719.0,134.0,1115.0,0.7405,0.8785,0.8709,1300000.0,214.0,0.0,22.0,0.0,19.7,6849000.0,87126000.0,791000.0,89593000.0,519599000.0,285570000.0,7213000.0,101075046.0,759684000.0,15.0,30521083.0,1.0,2142072.0,2.5,317.0,17.69,10.7,17.5,3.0,12.4,18742.0,140865.0,,,,,,,,,,,,,,,,,,,,,,,,,,,,,,,,,,,,,,,,,,,,,,,,,,,,,,,,,,,,,,,,,,,,,,,,,,,,,,,,,,,,,,
Pondicherry Engineering College,IR-E-C-6581,2022,Engineering,data/raw/pdf/2022/Engineering/IR-E-C-6581.pdf,780.0,720.0,285.0,241.0,1065,1798.0,691.0,2489.0,2075.0,411.0,3.0,462.0,1326.0,920.0,861.0,7.0,0.0,140.0,146.0,286.0,257.0,29.0,0.0,14.0,65.0,0.0,0.0,4.0,75.0,1938,837,2775,2332,440,3,476,1391,920,861,11,75,2020-21,490.0,349.0,500000.0,81.0,445.0,480.0,433.0,362.0,470.0,493333.0,2020-21,109.0,30.0,450000.0,27.0,109.0,241.0,118.3,76.3,241.0,396667.0,599.0,379.0,108.0,721.0,0.6327,0.813,0.8308,500000.0,44.0,30.0,16.0,23.0,48.0,3711507.0,41666991.0,3024097.0,14243608.0,499683554.0,35346932.0,4189176.0,25742734.0,482886986.0,36.0,100630077.0,109.0,11822349.0,2.5,161.0,17.51,30.2,15.9,0.11,64.6,9277.0,174013.0,,,,,,,,,,,,,,,,,,,,,,,,,,,,,,,,,,,,,,,,,,,,,,,,,,,,,,,,,,,,,,,,,,,,,,,,,,,,,,,,,,,,,,
Manipal Institute of Technology,IR-E-C-7252,2022,Engineering,data/raw/pdf/2022/Engineering/IR-E-C-7252.pdf,2040.0,1860.0,661.0,613.0,2701,6526.0,1747.0,8273.0,1723.0,6395.0,155.0,711.0,227.0,260.0,671.0,7.0,0.0,724.0,348.0,1072.0,679.0,393.0,0.0,212.0,26.0,206.0,24.0,8.0,0.0,7250,2095,9345,2402,6788,155,923,253,466,695,15,0,2020-21,2001.0,974.0,650000.0,186.0,2297.0,1860.0,1807.7,745.7,1793.3,640000.0,2020-21,390.0,214.0,750000.0,7.0,529.0,613.0,382.7,197.3,561.0,683333.0,2391.0,1188.0,193.0,2473.0,0.4969,0.5776,0.9668,650000.0,182.0,7.0,19.0,2.0,18.7,37857586.0,30223280.0,29146.0,27930653.0,917638929.0,424855295.0,3195.0,154461867.0,1437238828.0,266.0,32473439.0,3918.0,2639034.0,2.5,652.0,14.61,22.4,72.6,1.66,12.6,16529.0,153798.0,,,,,,,,,,,,,,,,,,,,,,,,,,,,,,,,,,,,,,,,,,,,,,,,,,,,,,,,,,,,,,,,,,,,,,,,,,,,,,,,,,,,,,
Vishwakarma Institute of Technology,IR-E-I-1015,2022,Engineering,data/raw/pdf/2022/Engineering/IR-E-I-1015.pdf,1200.0,1200.0,96.0,140.0,1296,3836.0,1570.0,5406.0,4389.0,806.0,211.0,832.0,1193.0,1310.0,28.0,0.0,687.0,90.0,45.0,135.0,107.0,24.0,4.0,0.0,45.0,0.0,0.0,0.0,45.0,3926,1615,5541,4496,830,215,832,1238,1310,28,0,732,2020-21,1108.0,867.0,450000.0,124.0,969.0,900.0,966.7,712.7,793.3,478333.0,2020-21,69.0,55.0,620000.0,1.0,82.0,140.0,84.3,63.0,144.7,536667.0,1177.0,922.0,125.0,1040.0,0.7833,0.8895,1.1317,450000.0,69.0,0.0,5.0,0.0,4.0,81363388.0,3900166.0,0.0,908135.0,441141274.0,198810401.0,1994226.0,90933851.0,561098253.0,63.0,22935393.0,205.0,18398126.0,2.5,317.0,17.7,29.1,15.0,3.88,24.1,16411.0,101263.0,,,,,,,,,,,,,,,,,,,,,,,,,,,,,,,,,,,,,,,,,,,,,,,,,,,,,,,,,,,,,,,,,,,,,,,,,,,,,,,,,,,,,,
"Indian Institute of Technology, Delhi",IR-E-I-1074,2022,Engineering,data/raw/pdf/2022/Engineering/IR-E-I-1074.pdf,1071.0,938.0,1576.0,1169.0,2773,3177.0,594.0,3771.0,342.0,3429.0,0.0,162.0,1914.0,112.0,1755.0,114.0,95.0,2162.0,457.0,2619.0,198.0,2337.0,84.0,138.0,1000.0,76.0,391.0,0.0,671.0,5872,1152,7024,580,6360,84,321,3241,189,2398,126,849,2020-21,672.0,541.0,1760000.0,101.0,750.0,749.0,645.7,515.7,749.0,1626667.0,2020-21,867.0,379.0,1500000.0,240.0,1181.0,1169.0,718.3,314.7,1155.3,1200000.0,1633.0,997.0,347.0,2020.0,0.6105,0.823,0.8084,1760000.0,2826.0,506.0,224.0,64.0,293.3,165806523.0,1599172098.0,3399314.0,875256347.0,3395121711.0,3637475618.0,5348744.0,2704355731.0,6720971129.0,1772.0,2312714704.0,1104.0,379284864.0,2.5,826.0,11.92,16.4,90.5,1.2,38.6,385016.0,956858.0,126.0,123.0,533.0,101.0,634.0,40.0,594.0,0.0,21.0,327.0,1.0,252.0,12.0,83.0,2020-21,94.0,77.0,2200000.0,6.0,109.0,102.0,93.0,84.5,102.0,1890000.0,,,,,,,,,,,,,,,,,,,,,,,,,,,,,,,,,,,,,,,,,,,,,,,,,,,,,,,,,,,,,
Indian Institute of Technology Kanpur,IR-E-I-1075,2022,Engineering,data/raw/pdf/2022/Engineering/IR-E-I-1075.pdf,927.0,907.0,910.0,910.0,1837,3061.0,581.0,3642.0,462.0,3180.0,0.0,347.0,1809.0,582.0,1501.0,0.0,73.0,1582.0,274.0,1856.0,433.0,1419.0,4.0,244.0,909.0,92.0,953.0,0.0,108.0,4643,855,5498,895,4599,4,591,2718,674,2454,0,181,2020-21,773.0,437.0,1915000.0,299.0,826.0,827.0,777.3,445.7,827.0,1705000.0,2020-21,736.0,356.0,1769000.0,294.0,870.0,910.0,727.7,433.7,878.7,1509000.0,1509.0,793.0,593.0,1737.0,0.5255,0.9185,0.8687,1915000.0,1936.0,29.0,208.0,6.0,217.7,169500000.0,870400000.0,102500000.0,103500000.0,3072408000.0,3972820000.0,52100000.0,1063418333.0,6762012667.0,2477.0,2325645667.0,936.0,274233567.0,2.5,524.0,14.19,15.6,83.6,0.07,56.9,193419.0,1229904.0,,,,,,,,,,,,,,,,,,,,,,,,,,,,,,,,,,,,,,,,,,,,,,,,,,,,,,,,,,,,,,,,,,,,,,,,,,,,,,,,,,,,,,
Noida Institute of Engineering & Technology,IR-E-I-1093,2022,Engineering,data/raw/pdf/2022/Engineering/IR-E-I-1093.pdf,1440.0,1200.0,105.0,105.0,1545,3449.0,895.0,4344.0,2328.0,2016.0,0.0,1026.0,1602.0,951.0,233.0,1.0,1443.0,67.0,61.0,128.0,65.0,63.0,0.0,21.0,27.0,21.0,2.0,0.0,25.0,3516,956,4472,2393,2079,0,1047,1629,972,235,1,1468,2020-21,1190.0,1116.0,452000.0,39.0,1106.0,1380.0,1266.7,1116.3,1380.0,418033.0,2020-21,32.0,32.0,404000.0,0.0,32.0,105.0,17.5,17.5,85.5,387000.0,1222.0,1148.0,39.0,1485.0,0.9394,0.9714,0.8229,452000.0,0.0,0.0,0.0,0.0,0.0,5258235.0,24067696.0,18825525.0,2726687.0,347714295.0,102388129.0,15790077.0,53939213.0,517559501.0,31.0,26540119.0,35.0,8095787.0,2.5,419.0,10.67,21.4,46.5,0.0,27.0,12062.0,115733.0,,,,,,,,,,,,,,,,,,,,,,,,,,,,,,,,,,,,,,,,,,,,,,,,,,,,,,,,,,,,,,,,,,,,,,,,,,,,,,,,,,,,,,
Rabindranath Tagore University,IR-E-I-1356,2022,Engineering,data/raw/pdf/2022/Engineering/IR-E-I-1356.pdf,330.0,330.0,162.0,162.0,492,943.0,218.0,1161.0,235.0,916.0,10.0,16.0,399.0,361.0,33.0,19.0,2.0,231.0,86.0,317.0,122.0,193.0,2.0,14.0,22.0,21.0,9.0,3.0,3.0,1174,304,1478,357,1109,12,30,421,382,42,22,5,2020-21,287.0,11.0,480000.0,182.0,278.0,300.0,268.0,37.7,300.0,436667.0,2020-21,149.0,41.0,504000.0,96.0,157.0,162.0,147.3,76.3,162.0,523000.0,436.0,52.0,278.0,462.0,0.1193,0.7569,0.9437,480000.0,162.0,0.0,39.0,0.0,23.7,1700500.0,10935077.0,0.0,1351966.0,44608000.0,32099152.0,7419000.0,12040948.0,106823891.0,6.0,1592000.0,13.0,3422217.0,2.5,144.0,11.39,20.6,75.0,0.81,30.2,8147.0,72276.0,,,,,,,,,,,,,,,,,,,,,,,,,,,,,,,,,,,,,,,,,,,,,,,,,,,,,,,,,,,,,,,,,,,,,,,,,,,,,,,,,,,,,,
Saveetha Institute of Medical and Technical Sciences,IR-E-I-1441,2022,Engineering,data/raw/pdf/2022/Engineering/IR-E-I-1441.pdf,1320.0,1320.0,30.0,30.0,1350,4256.0,1024.0,5280.0,1158.0,4122.0,0.0,1563.0,2616.0,0.0,1549.0,1.0,2629.0,46.0,14.0,60.0,45.0,15.0,0.0,9.0,44.0,0.0,0.0,0.0,53.0,4302,1038,5340,1203,4137,0,1572,2660,0,1549,1,2682,2020-21,1080.0,272.0,350000.0,20.0,1320.0,1320.0,915.0,251.3,1100.0,364000.0,2020-21,28.0,25.0,450000.0,1.0,30.0,30.0,28.3,24.0,30.0,450000.0,1108.0,297.0,21.0,1350.0,0.2681,0.287,0.8207,350000.0,51.0,238.0,3.0,10.0,9.3,8720063.0,38131706.0,39951878.0,90729527.0,303198039.0,650362387.0,4421264.0,165519230.0,638201318.0,0.0,0.0,201.0,24723360.0,2.5,381.0,14.15,19.4,77.5,0.0,29.0,30996.0,119513.0,,,,,,,,,,,,,,,,,,,,,,,,,,,,,,,,,,,,,,,,,,,,,,,,,,,,,,,,,,,,,,,,,,,,,,,,,,,,,,,,,,,,,,
Thapar Institute of Engineering and Technology,IR-E-I-1480,2022,Engineering,data/raw/pdf/2022/Engineering/IR-E-I-1480.pdf,2395.0,2265.0,408.0,390.0,2803,6028.0,1792.0,7820.0,3288.0,4420.0,112.0,60.0,464.0,20.0,384.0,7.0,113.0,268.0,204.0,472.0,130.0,338.0,4.0,165.0,18.0,0.0,180.0,0.0,3.0,6296,1996,8292,3418,4758,116,225,482,20,564,7,116,2020-21,1626.0,1176.0,800000.0,190.0,1540.0,1625.0,1481.7,1105.7,1458.3,746667.0,2020-21,176.0,48.0,740000.0,76.0,186.0,390.0,193.7,67.0,390.0,780000.0,1802.0,1224.0,266.0,2015.0,0.6792,0.8269,0.8943,800000.0,556.0,127.0,69.0,22.0,95.3,23010000.0,93324000.0,82478243.0,164432447.0,1383596014.0,1048668109.0,18197000.0,351862997.0,2257259185.0,196.0,89620333.0,188.0,22501055.0,2.5,523.0,16.92,24.1,57.4,1.4,7.1,42434.0,272221.0,,,,,,,,,,,,,,,,,,,,,,,,,,,,,,,,,,,,,,,,,,,,,,,,,,,,,,,,,,,,,,,,,,,,,,,,,,,,,,,,,,,,,,
SVKM`s Narsee Monjee Institute of Management Studies,IR-E-N-10,2022,Engineering,data/raw/pdf/2022/Engineering/IR-E-N-10.pdf,360.0,420.0,55.0,35.0,415,1007.0,641.0,1648.0,915.0,728.0,5.0,64.0,477.0,0.0,0.0,0.0,541.0,37.0,15.0,52.0,37.0,15.0,0.0,9.0,22.0,0.0,0.0,0.0,31.0,1044,656,1700,952,743,5,73,499,0,0,0,572,2020-21,402.0,257.0,450000.0,145.0,394.0,480.0,385.3,244.7,440.0,466667.0,2020-21,221.0,185.0,800000.0,36.0,302.0,310.0,138.0,112.6,180.0,750000.0,623.0,442.0,181.0,790.0,0.7095,1.0,0.7886,450000.0,95.0,0.0,5.0,0.0,6.3,7501144.0,560500.0,7730491.0,109904318.0,403521101.0,132308278.0,2747209.0,43307482.0,434986816.0,5.0,1049168.0,21.0,977271.0,2.5,248.0,7.24,38.6,43.7,0.29,0.0,25475.0,255875.0,,,,,,,,,,,,,,,,,,,,,,,,,,,,,,,,,,,,,,,,,,,,,,,,,,,,,,,,,,,,,,,,,,,,,,,,,,,,,,,,,,,,,,
Galgotias College of Engineering & Technology,IR-E-N-13,2022,Engineering,data/raw/pdf/2022/Engineering/IR-E-N-13.pdf,960.0,960.0,,,960,3045.0,765.0,3810.0,2847.0,952.0,11.0,550.0,1601.0,99.0,176.0,3.0,1873.0,,,,,,,,,,,,,3045,765,3810,2847,952,11,550,1601,99,176,3,1873,2020-21,843.0,611.0,360000.0,46.0,870.0,960.0,879.7,679.3,960.0,332000.0,,,,,,,,,,,,843.0,611.0,46.0,960.0,0.7248,0.7794,0.8781,360000.0,0.0,0.0,0.0,0.0,0.0,4711890.0,4749492.0,5403151.0,1878553.0,197384719.0,68930031.0,2395539.0,15753116.0,296861462.0,8.0,850000.0,8.0,1736667.0,2.5,253.0,15.06,20.1,25.0,0.29,7.3,4135.0,77916.0,,,,,,,,,,,,,,,,,,,,,,,,,,,,,,,,,,,,,,,,,,,,,,,,,,,,,,,,,,,,,,,,,,,,,,,,,,,,,,,,,,,,,,
"National Institute of Food Technology, Enterprenurship & Management",IR-E-S-8898,2022,Engineering,data/raw/pdf/2022/Engineering/IR-E-S-8898.pdf,180.0,169.0,90.0,80.0,270,428.0,174.0,602.0,71.0,531.0,0.0,31.0,274.0,38.0,30.0,0.0,237.0,98.0,53.0,151.0,28.0,123.0,0.0,9.0,75.0,13.0,16.0,0.0,55.0,526,227,753,99,654,0,40,349,51,46,0,292,2020-21,132.0,71.0,1002500.0,39.0,132.0,180.0,136.3,75.3,180.0,681167.0,2020-21,62.0,33.0,525000.0,12.0,70.0,80.0,69.5,52.5,85.0,523500.0,194.0,104.0,51.0,260.0,0.5361,0.799,0.7462,1002500.0,102.0,7.0,4.0,0.0,8.3,28832821.0,28184553.0,0.0,51037025.0,150159788.0,22019211.0,50111272.0,152745967.0,267327720.0,39.0,22964157.0,12.0,1438098.0,2.5,51.0,16.76,30.1,86.9,0.0,12.9,202850.0,355017.0,,,,,,,,,,,,,,,,,,,,,,,,,,,,,,,,,,,,,,,,,,,,,,,,,,,,,,,,,,,,,,,,,,,,,,,,,,,,,,,,,,,,,,
Gandhi Institute of Technology and Management,IR-E-U-0011,2022,Engineering,data/raw/pdf/2022/Engineering/IR-E-U-0011.pdf,4620.0,4800.0,324.0,456.0,4944,10077.0,3860.0,13937.0,8482.0,5422.0,33.0,0.0,6184.0,0.0,28.0,0.0,6156.0,126.0,59.0,185.0,100.0,74.0,11.0,0.0,98.0,0.0,5.0,0.0,93.0,10203,3919,14122,8582,5496,44,0,6282,0,33,0,6249,2020-21,4035.0,3842.0,396000.0,119.0,4198.0,4320.0,3419.7,3239.7,3616.7,380667.0,2019-20,81.0,72.0,440000.0,4.0,84.0,108.0,81.5,72.5,109.0,410000.0,4116.0,3914.0,123.0,4428.0,0.9509,0.9808,0.9295,396000.0,85.0,755.0,14.0,59.0,51.7,83306274.0,42590085.0,13679605.0,160152300.0,925167201.0,363782988.0,623654.0,324937751.0,1413904384.0,116.0,21247485.0,32.0,1259521.0,2.5,996.0,14.26,27.8,38.9,0.31,0.2,23009.0,100121.0,,,,,,,,,,,,,,,,,,,,,,,,,,,,,,,,,,,,,,,,,,,,,,,,,,,,,,,,,,,,,,,,,,,,,,,,,,,,,,,,,,,,,,
Indian Institute of Technology Hyderabad,IR-E-U-0013,2022,Engineering,data/raw/pdf/2022/Engineering/IR-E-U-0013.pdf,425.0,317.0,296.0,186.0,757,1075.0,251.0,1326.0,525.0,786.0,15.0,55.0,668.0,326.0,91.0,0.0,306.0,343.0,93.0,436.0,72.0,355.0,9.0,0.0,167.0,56.0,0.0,0.0,111.0,1510,366,1876,618,1234,24,55,867,386,91,0,445,2020-21,273.0,185.0,1625000.0,12.0,288.0,285.0,227.7,151.0,248.3,1508333.0,2020-21,151.0,74.0,1945000.0,7.0,186.0,186.0,137.0,75.0,173.5,1510000.0,455.0,285.0,19.0,512.0,0.6264,0.6681,0.8887,1625000.0,541.0,141.0,59.0,9.0,52.7,36056910.0,382919465.0,218597.0,75066897.0,792195187.0,75086090.0,3929974.0,657153251.0,1019312949.0,338.0,596121213.0,421.0,59396633.0,2.5,227.0,10.65,19.5,65.8,1.28,25.4,350295.0,543344.0,,,,,,,,,,,,,,,,,,,,,,,,,,36.0,52.0,92.0,22.0,114.0,21.0,93.0,0.0,0.0,32.0,4.0,0.0,0.0,28.0,2020-21,31.0,26.0,2526000.0,0.0,41.0,41.0,21.3,17.0,28.3,2087333.0,,,,,,,,,,,,,,,,,,,,,,,,,,,,,,,,,,,,
International Institute of Information Technology Hyderabad,IR-E-U-0014,2022,Engineering,data/raw/pdf/2022/Engineering/IR-E-U-0014.pdf,205.0,205.0,180.0,180.0,490,541.0,111.0,652.0,131.0,430.0,91.0,0.0,53.0,9.0,40.0,0.0,4.0,285.0,97.0,382.0,62.0,320.0,0.0,0.0,49.0,0.0,13.0,0.0,36.0,1253,284,1537,263,1164,110,0,134,9,55,0,70,2020-21,120.0,112.0,2953000.0,8.0,131.0,185.0,122.7,110.7,185.0,2351000.0,2020-21,143.0,138.0,1870000.0,5.0,183.0,180.0,132.3,125.3,173.3,1790000.0,346.0,309.0,37.0,525.0,0.8931,1.0,0.659,2953000.0,108.0,60.0,14.0,4.0,15.3,11129682.0,55311993.0,1611121.0,16842249.0,351479161.0,207505804.0,2236669.0,76837081.0,499327767.0,358.0,123653400.0,22.0,2700496.0,2.5,111.0,14.82,18.5,75.7,7.16,4.2,49992.0,324872.0,105.0,121.0,427.0,76.0,503.0,70.0,414.0,19.0,0.0,32.0,0.0,2.0,0.0,30.0,2020-21,83.0,59.0,2400000.0,24.0,103.0,160.0,75.0,62.5,167.5,2300000.0,,,,,,,,,,,,,,,,,,,,,,,,,,,,,,,,,,,,,,,,,,,,,,,,,,,,,,,,,,,,,
Jawaharlal Nehru Technological University,IR-E-U-0015,2022,Engineering,data/raw/pdf/2022/Engineering/IR-E-U-0015.pdf,730.0,730.0,551.0,515.0,1306,1501.0,1239.0,2740.0,2584.0,156.0,0.0,311.0,2172.0,1222.0,0.0,15.0,1246.0,462.0,352.0,814.0,807.0,7.0,0.0,93.0,517.0,576.0,0.0,0.0,34.0,2053,1626,3679,3516,163,0,404,2710,1798,0,15,1301,2020-21,651.0,398.0,400000.0,23.0,565.0,610.0,673.0,374.3,657.7,378333.0,2020-21,317.0,177.0,350000.0,0.0,424.0,515.0,419.7,131.3,608.0,378000.0,988.0,585.0,32.0,1150.0,0.5921,0.6245,0.8591,400000.0,38.0,255.0,8.0,92.0,96.7,505609.0,17616989.0,187147.0,2830134.0,305195681.0,1868701.0,1545000.0,80602986.0,332354259.0,18.0,8576665.0,1102.0,7347259.0,2.0,270.0,13.77,44.2,4.4,0.0,49.3,21909.0,90338.0,25.0,25.0,90.0,35.0,125.0,125.0,0.0,0.0,0.0,21.0,0.0,0.0,0.0,21.0,2020-21,20.0,10.0,355000.0,9.0,34.0,25.0,25.0,10.0,32.5,353500.0,,,,,,,,,,,,,,,,,,,,,,,,,,,,,,,,,,,,,,,,,,,,,,,,,,,,,,,,,,,,,
Jawaharlal Nehru Technological University,IR-E-U-0017,2022,Engineering,data/raw/pdf/2022/Engineering/IR-E-U-0017.pdf,1307.0,1244.0,763.0,768.0,2070,2589.0,2024.0,4613.0,4254.0,198.0,161.0,393.0,3587.0,2842.0,0.0,89.0,1049.0,759.0,684.0,1443.0,1338.0,68.0,37.0,250.0,853.0,967.0,0.0,23.0,113.0,3348,2708,6056,5592,266,198,643,4440,3809,0,112,1162,2020-21,1072.0,549.0,405000.0,302.0,1118.0,1244.0,1044.0,454.7,1244.0,381667.0,2019-20,283.0,111.0,397500.0,56.0,680.0,772.0,344.5,121.5,730.0,451250.0,1355.0,660.0,358.0,2016.0,0.4871,0.7513,0.6721,405000.0,116.0,1849.0,18.0,271.0,296.7,29146861.0,136642262.0,19543421.0,515436613.0,1395428732.0,1062128026.0,17693039.0,742646421.0,2177759007.0,165.0,218316962.0,307.0,195625708.0,2.5,390.0,15.83,44.7,4.4,3.27,64.7,122630.0,359604.0,,,,,,,,,,,,,,,,,,,,,,,,,,,,,,,,,,,,,,,,,,,,,,,,,,,,,,,,,,,,,,,,,,,,,,,,,,,,,,,,,,,,,,
Koneru Lakshmaiah Education Foundation University (K L College of Engineering),IR-E-U-0020,2022,Engineering,data/raw/pdf/2022/Engineering/IR-E-U-0020.pdf,3180.0,3480.0,324.0,540.0,3504,8020.0,4603.0,12623.0,7340.0,5009.0,274.0,51.0,781.0,0.0,215.0,0.0,617.0,421.0,276.0,697.0,396.0,286.0,15.0,6.0,241.0,5.0,57.0,0.0,185.0,8441,4879,13320,7736,5295,289,57,1022,5,272,0,802,2020-21,2644.0,1717.0,500000.0,379.0,3180.0,3180.0,2784.7,1405.0,3326.7,428333.0,2020-21,392.0,153.0,450000.0,63.0,401.0,540.0,316.7,125.3,396.7,450000.0,3036.0,1870.0,442.0,3720.0,0.6159,0.7615,0.8161,500000.0,223.0,493.0,48.0,80.0,102.7,27503769.0,28808653.0,4615440.0,31791848.0,1034501194.0,396179060.0,7399633.0,176696896.0,1526563112.0,332.0,68665514.0,411.0,14253957.0,2.5,978.0,13.85,36.6,39.8,2.17,2.1,13266.0,114607.0,,,,,,,,,,,,,,,,,,,,,,,,,,,,,,,,,,,,,,,,,,,,,,,,,,,,,,,,,,,,,,,,,,,,,,,,,,,,,,,,,,,,,,
National Institute of Technology Warangal,IR-E-U-0025,2022,Engineering,data/raw/pdf/2022/Engineering/IR-E-U-0025.pdf,945.0,1004.0,688.0,688.0,1633,3095.0,797.0,3892.0,1777.0,1776.0,339.0,194.0,1697.0,700.0,681.0,3.0,507.0,1049.0,238.0,1287.0,244.0,1038.0,5.0,120.0,595.0,263.0,0.0,0.0,452.0,4144,1035,5179,2021,2814,344,314,2292,963,681,3,959,2020-21,771.0,618.0,1000000.0,74.0,795.0,800.0,747.7,611.3,800.0,933775.0,2019-20,416.0,143.0,809000.0,46.0,471.0,550.0,398.5,174.5,550.0,777186.0,1187.0,761.0,120.0,1350.0,0.6411,0.7422,0.8793,1000000.0,457.0,220.0,71.0,14.0,85.7,25882054.0,130562905.0,12523121.0,805648056.0,1012579478.0,883407457.0,14842449.0,400142468.0,1830993932.0,248.0,249993662.0,592.0,18732958.0,2.5,378.0,14.91,20.0,54.3,6.64,31.8,77262.0,353542.0,,,,,,,,,,,,,,,,,,,,,,,,,,,,,,,,,,,,,,,,,,,,,,,,,,,,,,,,,,,,,,,,,,,,,,,,,,,,,,,,,,,,,,
"Vignan's Foundation for Science, Technology and Research",IR-E-U-0043,2022,Engineering,data/raw/pdf/2022/Engineering/IR-E-U-0043.pdf,1830.0,2040.0,180.0,198.0,2010,3339.0,2898.0,6237.0,4357.0,1836.0,44.0,2928.0,1985.0,152.0,1284.0,407.0,3070.0,98.0,98.0,196.0,184.0,7.0,5.0,67.0,100.0,4.0,62.0,18.0,83.0,3437,2996,6433,4541,1843,49,2995,2085,156,1346,425,3153,2020-21,1405.0,606.0,460000.0,87.0,1598.0,1620.0,1324.3,669.7,1500.0,452000.0,2019-20,63.0,61.0,470000.0,1.0,70.0,198.0,75.5,72.5,171.0,455000.0,1468.0,667.0,88.0,1818.0,0.4544,0.5143,0.8075,460000.0,240.0,439.0,17.0,35.0,27.3,9243628.0,7192459.0,3352637.0,13803489.0,355466074.0,131984143.0,4598854.0,58539325.0,502719124.0,446.0,31325600.0,322.0,10703617.0,2.5,545.0,12.24,46.6,28.6,0.76,30.0,9100.0,78147.0,,,,,,,,,,,,,,,,,,,,,,,,,,,,,,,,,,,,,,,,,,,,,,,,,,,,,,,,,,,,,,,,,,,,,,,,,,,,,,,,,,,,,,
Indian Institute of Technology Guwahati,IR-E-U-0053,2022,Engineering,data/raw/pdf/2022/Engineering/IR-E-U-0053.pdf,978.0,851.0,825.0,789.0,1803,2664.0,501.0,3165.0,81.0,3082.0,2.0,319.0,975.0,0.0,310.0,81.0,903.0,1265.0,257.0,1522.0,137.0,1377.0,8.0,108.0,708.0,0.0,322.0,20.0,474.0,3929,758,4687,218,4459,10,427,1683,0,632,101,1377,2020-21,597.0,453.0,1870000.0,73.0,681.0,690.0,590.7,474.0,670.0,1723333.0,2020-21,659.0,258.0,1250000.0,242.0,747.0,789.0,574.7,209.7,685.0,1116667.0,1256.0,711.0,315.0,1479.0,0.5661,0.8169,0.8492,1870000.0,1648.0,154.0,161.0,18.0,236.0,112824572.0,470677594.0,15072578.0,80984767.0,1725760314.0,1457938450.0,11794148.0,533960941.0,2985376702.0,961.0,1185700000.0,484.0,89766667.0,2.5,475.0,13.34,16.2,95.1,0.21,15.6,113924.0,636948.0,,,,,,,,,,,,,,,,,,,,,,,,,,,,,,,,,,,,,,,,,,,,,,,,,,,,,,,,,,,,,,,,,,,,,,,,,,,,,,,,,,,,,,
"National Institute of Technology, Silchar",IR-E-U-0055,2022,Engineering,data/raw/pdf/2022/Engineering/IR-E-U-0055.pdf,825.0,825.0,308.0,308.0,1133,2516.0,520.0,3036.0,1467.0,1503.0,66.0,412.0,1542.0,55.0,1355.0,4.0,540.0,381.0,98.0,479.0,81.0,392.0,6.0,4.0,151.0,6.0,85.0,0.0,64.0,2897,618,3515,1548,1895,72,416,1693,61,1440,4,604,2020-21,588.0,474.0,750000.0,28.0,618.0,632.0,563.0,456.0,632.0,683333.0,2019-20,188.0,75.0,530000.0,76.0,216.0,270.0,186.5,89.0,260.0,527500.0,776.0,549.0,104.0,902.0,0.7075,0.8415,0.8603,750000.0,501.0,140.0,52.0,16.0,62.7,57246829.0,65280658.0,32404662.0,64697317.0,677312911.0,365492327.0,17840827.0,209218015.0,920950712.0,118.0,54623982.0,637.0,10461978.0,2.5,210.0,19.12,17.6,53.9,2.05,42.8,59521.0,262006.0,,,,,,,,,,,,,,,,,,,,,,,,,,,,,,,,,,,,,,,,,,,,,,,,,,,,,,,,,,,,,,,,,,,,,,,,,,,,,,,,,,,,,,
Tezpur University,IR-E-U-0056,2022,Engineering,data/raw/pdf/2022/Engineering/IR-E-U-0056.pdf,366.0,361.0,255.0,145.0,621,1000.0,199.0,1199.0,856.0,339.0,4.0,195.0,584.0,133.0,0.0,0.0,646.0,228.0,115.0,343.0,269.0,72.0,2.0,61.0,151.0,55.0,0.0,0.0,157.0,1293,330,1623,1184,433,6,270,777,202,0,0,845,2020-21,248.0,71.0,425000.0,23.0,270.0,286.0,242.0,89.7,272.7,378000.0,2020-21,120.0,17.0,445000.0,30.0,141.0,145.0,111.5,29.5,140.0,408500.0,396.0,104.0,53.0,476.0,0.2626,0.3965,0.8319,425000.0,194.0,40.0,11.0,5.0,18.0,1467843.0,14288546.0,6815043.0,9860056.0,182174508.0,90450777.0,825179.0,21851237.0,282481966.0,105.0,46547122.0,32.0,1235650.0,2.5,94.0,19.33,20.3,26.7,0.37,12.4,13463.0,174049.0,,,,,,,,,,,,,,,,,,,,,,,,,,0.0,45.0,65.0,16.0,81.0,59.0,22.0,0.0,14.0,42.0,14.0,0.0,0.0,42.0,2020-21,28.0,16.0,323000.0,0.0,44.0,45.0,32.7,15.7,45.0,283667.0,,,,,,,,,,,,,,,,,,,,,,,,,,,,,,,,,,,,
"Indian Institute of Technology, Patna",IR-E-U-0064,2022,Engineering,data/raw/pdf/2022/Engineering/IR-E-U-0064.pdf,427.0,361.0,196.0,172.0,623,1027.0,167.0,1194.0,271.0,923.0,0.0,159.0,579.0,0.0,412.0,0.0,326.0,204.0,34.0,238.0,102.0,135.0,1.0,31.0,117.0,0.0,45.0,0.0,103.0,1231,201,1432,373,1058,1,190,696,0,457,0,429,2020-21,155.0,140.0,1180000.0,5.0,200.0,225.0,163.3,124.0,208.3,1193333.0,2020-21,90.0,42.0,1150000.0,7.0,108.0,172.0,86.0,37.7,180.7,1033333.0,245.0,182.0,12.0,397.0,0.7429,0.7918,0.6171,1180000.0,509.0,68.0,38.0,8.0,46.7,38265100.0,61176637.0,3843327.0,2732016.0,414367796.0,371028370.0,3826616.0,332606045.0,784004426.0,132.0,99747797.0,97.0,21179955.0,2.5,126.0,15.4,14.0,73.9,0.07,31.9,232267.0,547489.0,,,,,,,,,,,,,,,,,,,,,,,,,,,,,,,,,,,,,,,,,,,,,,,,,,,,,,,,,,,,,,,,,,,,,,,,,,,,,,,,,,,,,,
"National Institute of Technology, Patna",IR-E-U-0072,2022,Engineering,data/raw/pdf/2022/Engineering/IR-E-U-0072.pdf,766.0,646.0,316.0,351.0,1082,2107.0,385.0,2492.0,1308.0,1178.0,6.0,693.0,1412.0,186.0,0.0,9.0,1910.0,394.0,76.0,470.0,403.0,67.0,0.0,0.0,322.0,0.0,0.0,0.0,322.0,2501,461,2962,1711,1245,6,693,1734,186,0,9,2232,2020-21,445.0,359.0,680000.0,74.0,489.0,489.0,452.0,400.3,532.3,643333.0,2020-21,200.0,14.0,675000.0,67.0,218.0,351.0,190.7,14.0,308.3,465000.0,645.0,373.0,141.0,840.0,0.5783,0.7969,0.7679,680000.0,301.0,653.0,31.0,4.0,32.3,74748814.0,14594648.0,0.0,122923617.0,534092760.0,325481052.0,28276806.0,139266680.0,849164579.0,206.0,71098159.0,3152.0,66679647.0,2.5,184.0,17.73,15.6,42.0,0.2,6.6,47018.0,286686.0,,,,,,,,,,,,,,,,,,,,,,,,,,,,,,,,,,,,,,,,,,,,,,,,,,,,,,,,,,,,,,,,,,,,,,,,,,,,,,,,,,,,,,
Panjab University,IR-E-U-0078,2022,Engineering,data/raw/pdf/2022/Engineering/IR-E-U-0078.pdf,698.0,905.0,250.0,449.0,984,2164.0,618.0,2782.0,590.0,2192.0,0.0,111.0,674.0,105.0,342.0,0.0,338.0,176.0,150.0,326.0,39.0,287.0,0.0,0.0,70.0,0.0,0.0,0.0,70.0,2439,824,3263,658,2605,0,123,767,119,342,0,429,2020-21,490.0,280.0,500000.0,88.0,706.0,836.0,588.3,315.0,825.7,560000.0,2020-21,37.0,4.0,420000.0,2.0,163.0,449.0,75.0,12.7,380.0,398000.0,558.0,299.0,90.0,1335.0,0.5358,0.6971,0.418,500000.0,197.0,0.0,16.0,0.0,15.3,657519.0,27402911.0,25000.0,3451464.0,310477177.0,13926414.0,1249746.0,60665918.0,347482592.0,97.0,149670711.0,73.0,19099441.0,1.0,180.0,19.22,25.3,79.8,0.0,14.1,18592.0,106492.0,36.0,55.0,99.0,56.0,155.0,29.0,126.0,0.0,12.0,23.0,14.0,0.0,0.0,21.0,2019-20,31.0,15.0,650000.0,0.0,37.0,50.0,22.0,14.0,50.0,622500.0,,,,,,,,,,,,,,,,,,,,,,,,,,,,,,,,,,,,,,,,,,,,,,,,,,,,,,,,,,,,,
"Punjab Engineering College (Deemed to be University), Chandigarh",IR-E-U-0080,2022,Engineering,data/raw/pdf/2022/Engineering/IR-E-U-0080.pdf,771.0,730.0,269.0,269.0,1040,2328.0,401.0,2729.0,1298.0,1358.0,73.0,153.0,453.0,89.0,205.0,45.0,267.0,287.0,92.0,379.0,98.0,281.0,0.0,22.0,64.0,0.0,0.0,0.0,86.0,2615,493,3108,1396,1639,73,175,517,89,205,45,353,2020-21,636.0,495.0,900000.0,26.0,688.0,687.0,587.7,482.3,647.7,823667.0,2020-21,145.0,70.0,1070000.0,6.0,192.0,269.0,168.3,88.0,281.0,748333.0,781.0,565.0,32.0,956.0,0.7234,0.7644,0.8169,900000.0,140.0,50.0,15.0,12.0,28.3,25946000.0,59637874.0,598000.0,32704000.0,534326040.0,278585426.0,2433465.0,219134346.0,859687390.0,121.0,36813667.0,785.0,21793561.0,2.5,165.0,19.68,15.9,52.7,2.35,10.9,70507.0,276605.0,,,,,,,,,,,,,,,,,,,,,,,,,,,,,,,,,,,,,,,,,,,,,,,,,,,,,,,,,,,,,,,,,,,,,,,,,,,,,,,,,,,,,,
"National Institute of Technology, Raipur",IR-E-U-0092,2022,Engineering,data/raw/pdf/2022/Engineering/IR-E-U-0092.pdf,1118.0,1015.0,200.0,185.0,1337,2940.0,705.0,3645.0,1847.0,1789.0,9.0,586.0,1991.0,486.0,1948.0,0.0,143.0,182.0,77.0,259.0,110.0,149.0,0.0,48.0,145.0,17.0,27.0,0.0,149.0,3150,803,3953,1961,1983,9,642,2163,506,1979,0,320,2020-21,796.0,448.0,760000.0,110.0,866.0,893.0,767.7,471.3,893.0,740333.0,2020-21,114.0,24.0,600000.0,20.0,130.0,185.0,114.5,23.0,176.5,573750.0,924.0,475.0,134.0,1093.0,0.5141,0.6591,0.8454,760000.0,369.0,209.0,46.0,29.0,54.3,39910793.0,51971669.0,84469.0,44697920.0,509702950.0,359265739.0,1789349.0,148879253.0,831784820.0,288.0,27655578.0,336.0,21056946.0,2.5,276.0,15.66,20.3,50.2,0.23,62.9,37662.0,210419.0,,,,,,,,,,,,,,,,,,,,,,,,,,19.0,17.0,28.0,21.0,49.0,4.0,45.0,0.0,8.0,27.0,3.0,4.0,0.0,28.0,2020-21,14.0,3.0,575000.0,4.0,14.0,15.0,13.0,1.0,15.0,191667.0,,,,,,,,,,,,,,,,,,,,,,,,,,,,,,,,,,,,
Delhi Technological University,IR-E-U-0098,2022,Engineering,data/raw/pdf/2022/Engineering/IR-E-U-0098.pdf,2529.0,2360.0,418.0,418.0,2947,7409.0,1450.0,8859.0,3699.0,4584.0,576.0,108.0,4015.0,988.0,644.0,47.0,2444.0,475.0,183.0,658.0,184.0,427.0,47.0,25.0,204.0,201.0,27.0,1.0,0.0,7884,1633,9517,3883,5011,623,133,4219,1189,671,48,2444,2020-21,2041.0,1807.0,1100000.0,234.0,1996.0,2210.0,1754.0,1547.0,1916.0,1033333.0,2020-21,274.0,209.0,1000000.0,65.0,300.0,418.0,252.0,202.0,421.7,1000000.0,2315.0,2016.0,299.0,2628.0,0.8708,1.0,0.8809,1100000.0,705.0,601.0,33.0,20.0,60.3,65233769.0,89562408.0,95140259.0,8851921.0,1185403517.0,734653789.0,203837208.0,292734610.0,1933767952.0,531.0,81701450.0,69.0,103855052.0,2.5,862.0,11.86,17.2,52.7,6.55,20.0,30759.0,203191.0,,,,,,,,,,,,,,,,,,,,,,,,,,,,,,,,,,,,,,,,,,,,,,,,,,,,,,,,,,,,,,,,,,,,,,,,,,,,,,,,,,,,,,
Guru Gobind Singh Indraprastha University,IR-E-U-0099,2022,Engineering,data/raw/pdf/2022/Engineering/IR-E-U-0099.pdf,367.0,180.0,146.0,79.0,581,976.0,274.0,1250.0,976.0,239.0,35.0,28.0,344.0,173.0,12.0,0.0,187.0,56.0,77.0,133.0,94.0,38.0,1.0,1.0,26.0,0.0,0.0,0.0,27.0,1143,393,1536,1198,301,37,44,400,173,27,0,244,2020-21,260.0,127.0,700000.0,74.0,321.0,180.0,194.3,99.3,180.0,616667.0,2020-21,56.0,12.0,488000.0,13.0,56.0,79.0,60.5,14.5,79.0,419000.0,361.0,169.0,96.0,319.0,0.4681,0.7341,1.1317,700000.0,194.0,183.0,26.0,24.0,21.3,48661000.0,2211264.0,951239.0,1574322.0,225608402.0,10416039.0,937841.0,25484954.0,150595450.0,24.0,8790961.0,0.0,0.0,2.0,94.0,18.4,25.6,19.6,2.41,13.0,16592.0,98044.0,,,,,,,,,,,,,,,,,,,,,,,,,,68.0,60.0,111.0,42.0,153.0,128.0,24.0,1.0,15.0,30.0,0.0,15.0,0.0,30.0,2020-21,45.0,30.0,700000.0,9.0,56.0,60.0,43.7,29.0,60.0,500000.0,,,,,,,,,,,,,,,,,,,,,,,,,,,,,,,,,,,,
Indraprastha Institute of Information Technology Delhi,IR-E-U-0105,2022,Engineering,data/raw/pdf/2022/Engineering/IR-E-U-0105.pdf,525.0,495.0,249.0,229.0,774,1472.0,264.0,1736.0,1191.0,440.0,105.0,203.0,519.0,80.0,19.0,5.0,618.0,268.0,154.0,422.0,76.0,346.0,0.0,32.0,53.0,0.0,0.0,0.0,85.0,1740,418,2158,1267,786,105,235,572,80,19,5,703,2020-21,326.0,274.0,1500000.0,26.0,370.0,382.0,235.0,197.0,285.0,1433333.0,2020-21,193.0,187.0,1400000.0,2.0,221.0,229.0,171.0,159.3,212.7,1433333.0,519.0,461.0,28.0,611.0,0.8882,0.9422,0.8494,1500000.0,242.0,0.0,24.0,0.0,15.3,17891981.0,22905591.0,52310289.0,44326391.0,396148478.0,308786439.0,34855612.0,276926139.0,662998206.0,241.0,148267359.0,42.0,7077383.0,2.5,111.0,21.62,19.4,36.4,4.87,4.8,128325.0,307228.0,,,,,,,,,,,,,,,,,,,,,,,,,,,,,,,,,,,,,,,,,,,,,,,,,,,,,,,,,,,,,,,,,,,,,,,,,,,,,,,,,,,,,,
"Jamia Millia Islamia, New Delhi",IR-E-U-0108,2022,Engineering,data/raw/pdf/2022/Engineering/IR-E-U-0108.pdf,350.0,350.0,155.0,158.0,505,1229.0,237.0,1466.0,193.0,1158.0,115.0,1174.0,163.0,974.0,160.0,176.0,27.0,198.0,116.0,314.0,81.0,223.0,10.0,239.0,43.0,136.0,92.0,49.0,5.0,1427,353,1780,274,1381,125,1413,206,1110,252,225,32,2020-21,358.0,237.0,840000.0,97.0,364.0,350.0,349.0,238.7,350.0,740000.0,2020-21,158.0,98.0,660000.0,49.0,158.0,158.0,134.0,82.3,136.0,653333.0,516.0,335.0,146.0,508.0,0.6492,0.9322,1.0157,840000.0,348.0,0.0,53.0,0.0,44.7,1573399.0,8616000.0,0.0,0.0,427508505.0,42760072.0,673393.0,12896907.0,429453834.0,95.0,72299290.0,716.0,56777979.0,2.5,131.0,16.24,19.8,77.6,7.02,89.2,7245.0,241266.0,,,,,,,,,,,,,,,,,,,,,,,,,,,,,,,,,,,,,,,,,,,,,,,,,,,,,,,,,,,,,,,,,,,,,,,,,,,,,,,,,,,,,,
Dhirubhai Ambani Institute of Information and Communication Technology,IR-E-U-0130,2022,Engineering,data/raw/pdf/2022/Engineering/IR-E-U-0130.pdf,390.0,360.0,282.0,222.0,672,1213.0,185.0,1398.0,1164.0,188.0,46.0,281.0,449.0,476.0,93.0,0.0,161.0,300.0,161.0,461.0,328.0,133.0,0.0,125.0,43.0,14.0,134.0,0.0,20.0,1513,346,1859,1492,321,46,406,492,490,227,0,181,2020-21,307.0,258.0,1227000.0,49.0,336.0,330.0,292.3,234.3,310.0,1225667.0,2020-21,171.0,162.0,700000.0,9.0,208.0,222.0,178.7,153.0,220.7,666667.0,478.0,420.0,58.0,552.0,0.8787,1.0,0.8659,1227000.0,50.0,12.0,9.0,2.0,8.3,12949546.0,1475229.0,0.0,4826250.0,181090942.0,108765002.0,0.0,31397250.0,302895995.0,39.0,9842395.0,7.0,1832463.0,2.5,117.0,16.32,18.6,17.3,2.47,38.6,16889.0,162935.0,,,,,,,,,,,,,,,,,,,,,,,,,,,,,,,,,,,,,,,,,,,,,,,,,,,,,,,,,,,,,,,,,,,,,,,,,,,,,,,,,,,,,,
"Indian Institute of Technology, Gandhinagar",IR-E-U-0139,2022,Engineering,data/raw/pdf/2022/Engineering/IR-E-U-0139.pdf,225.0,193.0,60.0,160.0,285,694.0,126.0,820.0,166.0,654.0,0.0,43.0,409.0,197.0,123.0,9.0,123.0,155.0,61.0,216.0,28.0,183.0,5.0,12.0,71.0,11.0,31.0,0.0,41.0,849,187,1036,194,837,5,55,480,208,154,9,164,2020-21,158.0,109.0,900000.0,20.0,174.0,180.0,144.7,88.0,170.0,831000.0,2020-21,130.0,76.0,849500.0,33.0,157.0,160.0,108.3,66.0,177.3,759833.0,288.0,185.0,53.0,340.0,0.6424,0.8264,0.8471,900000.0,501.0,4.0,84.0,1.0,50.7,35908286.0,309598036.0,1881337.0,10102405.0,538962040.0,551639610.0,3355981.0,364257457.0,1100766346.0,681.0,330491267.0,186.0,44383379.0,2.5,107.0,14.36,18.1,80.8,0.48,35.8,351600.0,1062516.0,0.0,0.0,0.0,0.0,0.0,0.0,0.0,0.0,0.0,0.0,0.0,0.0,0.0,0.0,2020-21,0.0,0.0,0.0,0.0,0.0,0.0,0.0,0.0,0.0,0.0,0.0,0.0,0.0,0.0,0.0,0.0,0.0,0.0,0.0,0.0,0.0,0.0,0.0,0.0,2020-21,0.0,0.0,0.0,0.0,0.0,0.0,0.0,0.0,0.0,0.0,0.0,0.0,0.0,0.0,0.0,0.0,0.0,0.0,0.0,0.0,0.0,0.0,0.0,0.0,2020-21,0.0,0.0,0.0,0.0,0.0,0.0,0.0,0.0,0.0,0.0,,,,,,,,,,,
Maharaja Sayajirao University of Baroda,IR-E-U-0143,2022,Engineering,data/raw/pdf/2022/Engineering/IR-E-U-0143.pdf,716.0,716.0,415.0,415.0,1171,2593.0,509.0,3102.0,3051.0,51.0,0.0,76.0,1576.0,1362.0,281.0,9.0,0.0,710.0,386.0,1096.0,1033.0,61.0,2.0,105.0,482.0,246.0,4.0,8.0,329.0,3367,1003,4370,4246,122,2,236,2136,1634,322,17,399,2020-21,730.0,360.0,373000.0,185.0,700.0,700.0,648.0,431.0,700.0,331000.0,2020-21,395.0,150.0,320000.0,130.0,415.0,415.0,391.3,159.0,415.0,326667.0,1163.0,540.0,323.0,1155.0,0.4643,0.742,1.0069,373000.0,215.0,0.0,18.0,0.0,16.0,1686097.0,16389670.0,0.0,2546030.0,369335507.0,70423389.0,15000.0,28147445.0,445071539.0,21.0,60056528.0,94.0,13643184.0,2.5,250.0,18.34,23.0,2.8,0.05,45.1,6441.0,101847.0,40.0,40.0,64.0,108.0,172.0,162.0,10.0,0.0,55.0,78.0,26.0,37.0,0.0,70.0,2020-21,38.0,30.0,270000.0,8.0,40.0,40.0,35.5,25.0,40.0,265000.0,,,,,,,,,,,,,,,,,,,,,,,,,,,,,,,,,,,,,,,,,,,,,,,,,,,,,,,,,,,,,
Nirma University,IR-E-U-0146,2022,Engineering,data/raw/pdf/2022/Engineering/IR-E-U-0146.pdf,946.0,946.0,162.0,162.0,1108,3436.0,573.0,4009.0,3520.0,440.0,49.0,954.0,736.0,1055.0,258.0,0.0,377.0,231.0,84.0,315.0,290.0,25.0,0.0,52.0,54.0,10.0,61.0,0.0,35.0,3761,695,4456,3936,471,49,1045,822,1075,319,0,473,2020-21,951.0,623.0,450000.0,73.0,841.0,840.0,920.3,670.0,820.0,479000.0,2020-21,160.0,123.0,617000.0,4.0,162.0,162.0,180.0,151.5,189.0,518500.0,1179.0,795.0,77.0,1062.0,0.6743,0.7396,1.1102,450000.0,30.0,99.0,0.0,9.0,13.3,16746738.0,15196722.0,0.0,54966881.0,464963991.0,289067942.0,898044.0,118963551.0,706525018.0,84.0,9865412.0,215.0,5555746.0,2.5,257.0,17.46,15.6,10.6,1.1,31.3,26697.0,158556.0,,,,,,,,,,,,,,,,,,,,,,,,,,0.0,71.0,94.0,38.0,132.0,126.0,6.0,0.0,39.0,32.0,10.0,0.0,0.0,61.0,2020-21,68.0,49.0,300000.0,0.0,44.0,60.0,66.7,55.0,60.0,343333.0,,,,,,,,,,,,,,,,,,,,,,,,,,,,,,,,,,,,
Pandit Deendayal Energy University,IR-E-U-0147,2022,Engineering,data/raw/pdf/2022/Engineering/IR-E-U-0147.pdf,1080.0,780.0,270.0,216.0,1350,3055.0,489.0,3544.0,3202.0,218.0,124.0,417.0,527.0,479.0,68.0,0.0,397.0,285.0,72.0,357.0,283.0,34.0,40.0,0.0,72.0,0.0,0.0,0.0,72.0,3340,561,3901,3485,252,164,417,599,479,68,0,469,2020-21,619.0,218.0,410000.0,211.0,625.0,660.0,664.7,297.7,660.0,390000.0,2020-21,169.0,29.0,360000.0,3.0,178.0,216.0,134.3,44.7,168.0,360000.0,788.0,247.0,214.0,876.0,0.3135,0.585,0.8995,410000.0,80.0,93.0,9.0,23.0,26.7,12210085.0,66081848.0,0.0,118127031.0,507986314.0,256466117.0,567499.0,203495630.0,753274532.0,130.0,49309719.0,89.0,25376674.0,2.5,235.0,16.94,14.4,6.5,4.2,14.0,52165.0,193098.0,,,,,,,,,,,,,,,,,,,,,,,,,,,,,,,,,,,,,,,,,,,,,,,,,,,,,,,,,,,,,,,,,,,,,,,,,,,,,,,,,,,,,,
Sardar Vallabhbhai National Institute of Technology,IR-E-U-0149,2022,Engineering,data/raw/pdf/2022/Engineering/IR-E-U-0149.pdf,991.0,910.0,570.0,466.0,1561,2662.0,562.0,3224.0,1499.0,1504.0,221.0,404.0,1499.0,744.0,358.0,0.0,801.0,653.0,97.0,750.0,216.0,532.0,2.0,0.0,345.0,150.0,0.0,0.0,195.0,3315,659,3974,1715,2036,223,404,1844,894,358,0,996,2020-21,708.0,479.0,690000.0,136.0,778.0,818.0,718.3,492.7,818.0,702333.0,2020-21,299.0,80.0,690000.0,56.0,354.0,466.0,272.7,91.7,438.7,608667.0,1007.0,559.0,192.0,1284.0,0.5551,0.7458,0.7843,690000.0,534.0,324.0,43.0,38.0,83.0,38581637.0,40061966.0,4459985.0,23252207.0,726042936.0,555893710.0,9698584.0,111713241.0,1234332965.0,198.0,36318252.0,1035.0,97259146.0,2.5,295.0,15.28,16.6,51.2,5.61,31.5,28111.0,310602.0,,,,,,,,,,,,,,,,,,,,,,,,,,,,,,,,,,,,,,,,,,,,,,,,,,,,,,,,,,,,,,,,,,,,,,,,,,,,,,,,,,,,,,
"Amity University Haryana, Gurgaon",IR-E-U-0155,2022,Engineering,data/raw/pdf/2022/Engineering/IR-E-U-0155.pdf,110.0,115.0,175.0,190.0,285,429.0,94.0,523.0,259.0,252.0,12.0,0.0,138.0,2.0,24.0,0.0,112.0,139.0,215.0,354.0,227.0,122.0,5.0,0.0,154.0,1.0,24.0,0.0,129.0,568,309,877,486,374,17,0,292,3,48,0,241,2020-21,143.0,61.0,400000.0,21.0,141.0,150.0,181.0,74.7,205.0,361000.0,2020-21,6.0,5.0,400000.0,1.0,7.0,10.0,78.8,48.2,91.0,355600.0,149.0,66.0,22.0,160.0,0.443,0.5906,0.9313,400000.0,121.0,131.0,8.0,19.0,17.7,549815.0,359190.0,0.0,5089291.0,148990987.0,25436775.0,68164.0,17369048.0,176883292.0,68.0,25404363.0,10.0,1184497.0,2.5,152.0,6.57,35.2,42.6,1.94,5.8,19805.0,201691.0,,,,,,,,,,,,,,,,,,,,,,,,,,,,,,,,,,,,,,,,,,,,,,,,,,,,,,,,,,,,,,,,,,,,,,,,,,,,,,,,,,,,,,
The Northcap University,IR-E-U-0163,2022,Engineering,data/raw/pdf/2022/Engineering/IR-E-U-0163.pdf,390.0,420.0,30.0,36.0,420,1043.0,286.0,1329.0,798.0,528.0,3.0,187.0,114.0,9.0,111.0,0.0,181.0,30.0,13.0,43.0,26.0,17.0,0.0,8.0,3.0,0.0,5.0,0.0,6.0,1073,299,1372,824,545,3,195,117,9,116,0,187,2020-21,243.0,210.0,400000.0,21.0,256.0,300.0,414.7,311.3,496.7,381667.0,2019-20,9.0,1.0,500000.0,6.0,12.0,36.0,10.5,3.5,36.0,462500.0,252.0,211.0,27.0,336.0,0.8373,0.9444,0.75,400000.0,50.0,44.0,3.0,6.0,7.3,9457590.0,7002250.0,9718954.0,6936060.0,234502893.0,155612500.0,4137520.0,29457089.0,414237453.0,8.0,759000.0,19.0,981731.0,2.5,107.0,13.29,21.8,39.7,0.22,9.1,21470.0,301922.0,,,,,,,,,,,,,,,,,,,,,,,,,,,,,,,,,,,,,,,,,,,,,,,,,,,,,,,,,,,,,,,,,,,,,,,,,,,,,,,,,,,,,,
Maharishi Markandeshwar,IR-E-U-0168,2022,Engineering,data/raw/pdf/2022/Engineering/IR-E-U-0168.pdf,390.0,510.0,24.0,45.0,414,1148.0,175.0,1323.0,454.0,680.0,189.0,22.0,420.0,202.0,16.0,0.0,224.0,15.0,5.0,20.0,15.0,2.0,3.0,0.0,3.0,0.0,0.0,0.0,3.0,1163,180,1343,469,682,192,22,423,202,16,0,227,2020-21,288.0,248.0,380000.0,11.0,320.0,540.0,287.3,245.7,620.0,401667.0,2020-21,4.0,3.0,600000.0,0.0,10.0,45.0,4.7,3.7,69.0,533333.0,292.0,251.0,11.0,585.0,0.8596,0.8973,0.4991,380000.0,113.0,148.0,11.0,5.0,13.7,374242.0,9935005.0,894480.0,3974886.0,164286184.0,61590217.0,1321995.0,19476945.0,211253644.0,4.0,382933.0,220.0,4800155.0,2.5,150.0,9.71,13.4,50.8,14.3,16.2,14503.0,157300.0,,,,,,,,,,,,,,,,,,,,,,,,,,,,,,,,,,,,,,,,,,,,,,,,,,,,,,,,,,,,,,,,,,,,,,,,,,,,,,,,,,,,,,
Manav Rachna International Institute of Research & Studies,IR-E-U-0169,2022,Engineering,data/raw/pdf/2022/Engineering/IR-E-U-0169.pdf,600.0,540.0,60.0,48.0,660,1388.0,531.0,1919.0,733.0,1177.0,9.0,161.0,298.0,76.0,168.0,0.0,215.0,46.0,40.0,86.0,32.0,51.0,3.0,12.0,9.0,6.0,10.0,0.0,5.0,1434,571,2005,765,1228,12,173,307,82,178,0,220,2020-21,493.0,425.0,425000.0,56.0,496.0,510.0,576.3,486.7,620.0,450000.0,2019-20,55.0,46.0,420000.0,1.0,56.0,114.0,46.5,38.5,90.0,435000.0,548.0,471.0,57.0,624.0,0.8595,0.9635,0.8782,425000.0,55.0,96.0,11.0,18.0,19.0,823400.0,1508019.0,2036226.0,1562582.0,176213712.0,43989332.0,2737897.0,14079002.0,298570758.0,207.0,12351667.0,52.0,5207226.0,2.5,161.0,12.8,28.5,61.2,0.6,13.0,7022.0,148913.0,,,,,,,,,,,,,,,,,,,,,,,,,,,,,,,,,,,,,,,,,,,,,,,,,,,,,,,,,,,,,,,,,,,,,,,,,,,,,,,,,,,,,,
National Institute of Technology Kurukshetra,IR-E-U-0172,2022,Engineering,data/raw/pdf/2022/Engineering/IR-E-U-0172.pdf,1158.0,965.0,498.0,523.0,1656,3189.0,604.0,3793.0,1763.0,1952.0,78.0,306.0,1922.0,1622.0,0.0,35.0,571.0,740.0,159.0,899.0,113.0,786.0,0.0,106.0,497.0,183.0,0.0,0.0,420.0,3929,763,4692,1876,2738,78,412,2419,1805,0,35,991,2020-21,768.0,422.0,900000.0,80.0,789.0,832.0,732.0,481.0,832.0,781667.0,2019-20,294.0,92.0,650000.0,75.0,362.0,458.0,300.5,115.5,458.0,587500.0,1062.0,514.0,155.0,1290.0,0.484,0.6299,0.8233,900000.0,221.0,216.0,28.0,30.0,58.0,33357150.0,258022215.0,6196213.0,2373315.0,911214000.0,364160000.0,2261000.0,194884290.0,1313770000.0,120.0,14375900.0,5524.0,70300630.0,2.5,226.0,21.74,16.3,58.4,1.66,39.2,41535.0,280002.0,,,,,,,,,,,,,,,,,,,,,,,,,,,,,,,,,,,,,,,,,,,,,,,,,,,,,,,,,,,,,,,,,,,,,,,,,,,,,,,,,,,,,,
"J. C. Bose University of Science and Technology, YMCA",IR-E-U-0175,2022,Engineering,data/raw/pdf/2022/Engineering/IR-E-U-0175.pdf,660.0,600.0,126.0,162.0,786,2124.0,551.0,2675.0,2009.0,664.0,2.0,121.0,882.0,321.0,222.0,61.0,399.0,111.0,75.0,186.0,152.0,34.0,0.0,5.0,28.0,14.0,7.0,0.0,12.0,2235,626,2861,2161,698,2,126,910,335,229,61,411,2020-21,503.0,463.0,450000.0,17.0,451.0,420.0,455.0,395.0,420.0,383333.0,2020-21,93.0,59.0,450000.0,3.0,102.0,162.0,97.3,54.0,150.0,463333.0,596.0,522.0,20.0,582.0,0.8758,0.9094,1.0241,450000.0,45.0,79.0,5.0,0.0,14.7,6100544.0,9071076.0,192137.0,156415356.0,326080875.0,56128000.0,1870017.0,222252575.0,422764630.0,23.0,6501988.0,26.0,2094031.0,2.5,185.0,15.71,21.9,24.4,0.07,21.8,77684.0,147768.0,,,,,,,,,,,,,,,,,,,,,,,,,,,,,,,,,,,,,,,,,,,,,,,,,,,,,,,,,,,,,,,,,,,,,,,,,,,,,,,,,,,,,,
"Indian Institute of Technology, Mandi",IR-E-U-0184,2022,Engineering,data/raw/pdf/2022/Engineering/IR-E-U-0184.pdf,301.0,258.0,347.0,334.0,676,706.0,171.0,877.0,19.0,857.0,1.0,63.0,441.0,208.0,296.0,0.0,0.0,368.0,105.0,473.0,26.0,446.0,1.0,80.0,220.0,87.0,213.0,0.0,0.0,1102,284,1386,45,1339,2,146,676,301,521,0,0,2020-21,143.0,112.0,1800000.0,27.0,147.0,150.0,138.7,110.7,148.3,1433333.0,2020-21,235.0,109.0,650000.0,121.0,263.0,334.0,173.0,76.0,253.3,750000.0,378.0,221.0,148.0,484.0,0.5847,0.9762,0.781,1800000.0,286.0,19.0,52.0,7.0,46.3,46390582.0,82072090.0,23838737.0,33468379.0,376059112.0,427797064.0,490857.0,427719242.0,714883333.0,490.0,137830181.0,40.0,5595772.0,2.5,137.0,12.2,20.5,96.6,0.14,59.3,308600.0,515789.0,28.0,24.0,28.0,8.0,36.0,0.0,36.0,0.0,3.0,15.0,6.0,12.0,0.0,0.0,2019-20,0.0,0.0,0.0,0.0,0.0,0.0,0.0,0.0,0.0,0.0,,,,,,,,,,,,,,,,,,,,,,,,,,,,,,,,,,,,,,,,,,,,,,,,,,,,,,,,,,,,,
Jaypee University of Information Technology,IR-E-U-0186,2022,Engineering,data/raw/pdf/2022/Engineering/IR-E-U-0186.pdf,570.0,570.0,54.0,54.0,624,1267.0,385.0,1652.0,625.0,991.0,36.0,132.0,112.0,0.0,36.0,4.0,204.0,14.0,17.0,31.0,18.0,13.0,0.0,5.0,1.0,0.0,0.0,0.0,6.0,1281,402,1683,643,1004,36,137,113,0,36,4,210,2020-21,370.0,216.0,400000.0,153.0,421.0,510.0,417.0,251.0,510.0,390000.0,2020-21,3.0,1.0,360000.0,2.0,3.0,3.0,8.4,2.6,36.0,305000.0,373.0,217.0,155.0,513.0,0.5818,0.9973,0.7271,400000.0,52.0,49.0,16.0,9.0,26.0,3299278.0,7454611.0,0.0,2577362.0,256983216.0,40637513.0,209770.0,23735429.0,371435932.0,67.0,6399321.0,9.0,155815.0,2.5,110.0,15.77,23.9,59.7,2.14,2.4,14103.0,220699.0,,,,,,,,,,,,,,,,,,,,,,,,,,,,,,,,,,,,,,,,,,,,,,,,,,,,,,,,,,,,,,,,,,,,,,,,,,,,,,,,,,,,,,
"National Institute of Technology, Hamirpur",IR-E-U-0189,2022,Engineering,data/raw/pdf/2022/Engineering/IR-E-U-0189.pdf,830.0,716.0,342.0,304.0,1172,2129.0,461.0,2590.0,1295.0,1283.0,12.0,219.0,1326.0,641.0,0.0,0.0,904.0,403.0,85.0,488.0,88.0,400.0,0.0,0.0,225.0,101.0,0.0,0.0,124.0,2532,546,3078,1383,1683,12,219,1551,742,0,0,1028,2020-21,548.0,292.0,650000.0,35.0,548.0,552.0,495.3,297.7,532.0,642333.0,2020-21,100.0,78.0,769000.0,0.0,108.0,120.0,128.0,50.0,171.8,707600.0,648.0,370.0,35.0,672.0,0.571,0.625,0.9643,650000.0,235.0,32.0,12.0,16.0,23.3,19496274.0,15767311.0,2566514.0,15201765.0,403002128.0,408386614.0,1430526.0,53080894.0,695734082.0,117.0,11659219.0,1050.0,27519569.0,2.5,170.0,19.49,17.7,54.7,0.39,24.1,17245.0,226034.0,,,,,,,,,,,,,,,,,,,,,,,,,,,,,,,,,,,,,,,,,,,,,,,,,,,,,,,,,,,,,,,,,,,,,,,,,,,,,,,,,,,,,,
Shoolini University of Biotechnology and Management Sciences,IR-E-U-0190,2022,Engineering,data/raw/pdf/2022/Engineering/IR-E-U-0190.pdf,265.0,240.0,32.0,15.0,297,568.0,341.0,909.0,501.0,393.0,15.0,16.0,196.0,16.0,25.0,3.0,168.0,17.0,27.0,44.0,10.0,33.0,1.0,5.0,13.0,1.0,0.0,1.0,16.0,585,368,953,511,426,16,21,209,17,25,4,184,2020-21,171.0,72.0,428000.0,31.0,160.0,200.0,206.0,88.0,240.0,366000.0,2019-20,41.0,5.0,375000.0,15.0,45.0,50.0,33.5,3.0,40.0,362500.0,212.0,77.0,46.0,250.0,0.3632,0.5802,0.848,428000.0,108.0,0.0,19.0,0.0,11.3,1669000.0,1578000.0,457000.0,2788000.0,49499000.0,24415000.0,341000.0,13446667.0,85950000.0,11.0,1904793.0,7.0,1962876.0,2.5,71.0,14.94,38.6,44.7,1.68,4.8,14110.0,90189.0,,,,,,,,,,,,,,,,,,,,,,,,,,,,,,,,,,,,,,,,,,,,,,,,,,,,,,,,,,,,,,,,,,,,,,,,,,,,,,,,,,,,,,
National Institute of Technology Srinagar,IR-E-U-0197,2022,Engineering,data/raw/pdf/2022/Engineering/IR-E-U-0197.pdf,778.0,672.0,163.0,163.0,941,2019.0,643.0,2662.0,1283.0,1376.0,3.0,909.0,1266.0,263.0,1783.0,14.0,115.0,238.0,61.0,299.0,151.0,148.0,0.0,62.0,72.0,40.0,56.0,0.0,38.0,2257,704,2961,1434,1524,3,971,1338,303,1839,14,153,2020-21,568.0,343.0,625000.0,124.0,579.0,632.0,507.3,318.3,562.0,641000.0,2019-20,123.0,38.0,580000.0,31.0,133.0,163.0,123.5,47.0,163.0,555000.0,691.0,381.0,155.0,795.0,0.5514,0.7757,0.8692,625000.0,224.0,28.0,45.0,4.0,33.3,28786940.0,75914626.0,1565440.0,197556479.0,602950012.0,288115632.0,1552578.0,295604062.0,842691844.0,62.0,25348271.0,226.0,11691787.0,2.5,235.0,13.55,23.8,51.5,0.1,72.8,99833.0,284597.0,,,,,,,,,,,,,,,,,,,,,,,,,,,,,,,,,,,,,,,,,,,,,,,,,,,,,,,,,,,,,,,,,,,,,,,,,,,,,,,,,,,,,,
Shri Mata Vaishno Devi University,IR-E-U-0201,2022,Engineering,data/raw/pdf/2022/Engineering/IR-E-U-0201.pdf,380.0,380.0,72.0,72.0,452,962.0,188.0,1150.0,683.0,466.0,1.0,113.0,92.0,32.0,151.0,0.0,22.0,60.0,44.0,104.0,90.0,14.0,0.0,12.0,15.0,10.0,13.0,0.0,4.0,1022,232,1254,773,480,1,125,107,42,164,0,26,2020-21,135.0,108.0,360000.0,14.0,142.0,190.0,139.0,97.3,205.0,353333.0,2020-21,47.0,13.0,360000.0,4.0,48.0,72.0,54.7,12.7,72.0,440000.0,182.0,121.0,18.0,262.0,0.6648,0.7637,0.6947,360000.0,77.0,0.0,5.0,0.0,15.7,4286547.0,1403804.0,0.0,4626952.0,273161068.0,48105956.0,435561.0,36734289.0,362196002.0,73.0,16914497.0,31.0,2052967.0,2.5,96.0,13.86,18.5,38.3,0.08,16.4,29294.0,288833.0,,,,,,,,,,,,,,,,,,,,,,,,,,,,,,,,,,,,,,,,,,,,,,,,,,,,,,,,,,,,,,,,,,,,,,,,,,,,,,,,,,,,,,
Birla Institute of Technology,IR-E-U-0202,2022,Engineering,data/raw/pdf/2022/Engineering/IR-E-U-0202.pdf,780.0,780.0,323.0,341.0,1103,2460.0,333.0,2793.0,1405.0,1320.0,68.0,633.0,922.0,213.0,19.0,43.0,1280.0,180.0,122.0,302.0,60.0,242.0,0.0,18.0,45.0,15.0,2.0,3.0,43.0,2640,455,3095,1465,1562,68,651,967,228,21,46,1323,2020-21,631.0,393.0,810000.0,15.0,689.0,780.0,635.7,408.7,760.0,817667.0,2020-21,114.0,14.0,401986.0,5.0,132.0,341.0,133.0,22.0,335.0,450662.0,745.0,407.0,20.0,1121.0,0.5463,0.5732,0.6646,810000.0,300.0,47.0,27.0,24.0,50.3,15566200.0,64654920.0,5755605.0,198285535.0,699046165.0,135032354.0,331971.0,197421902.0,843757694.0,109.0,104354676.0,699.0,7991112.0,2.5,259.0,13.11,14.7,50.5,2.2,9.5,63787.0,272620.0,,,,,,,,,,,,,,,,,,,,,,,,,,,,,,,,,,,,,,,,,,,,,,,,,,,,,,,,,,,,,,,,,,,,,,,,,,,,,,,,,,,,,,
Indian Institute of Technology (Indian School of Mines),IR-E-U-0205,2022,Engineering,data/raw/pdf/2022/Engineering/IR-E-U-0205.pdf,1028.0,869.0,849.0,701.0,1974,2889.0,492.0,3381.0,280.0,3101.0,0.0,290.0,1716.0,7.0,1746.0,4.0,249.0,544.0,83.0,627.0,75.0,539.0,13.0,0.0,351.0,12.0,145.0,0.0,194.0,3813,632,4445,375,4042,28,319,2265,35,2102,4,443,2020-21,758.0,598.0,1100000.0,19.0,790.0,824.0,760.0,592.3,820.7,1013333.0,2020-21,275.0,141.0,700000.0,33.0,391.0,701.0,470.7,253.0,857.3,655000.0,1112.0,807.0,57.0,1613.0,0.7257,0.777,0.6894,1100000.0,502.0,391.0,76.0,37.0,124.7,42565586.0,432951532.0,8144629.0,117950230.0,1512006310.0,938983552.0,276014.0,400906451.0,2585827671.0,495.0,294686939.0,337.0,108294400.0,2.5,373.0,13.26,14.2,90.9,0.63,48.2,90193.0,581739.0,97.0,83.0,380.0,57.0,437.0,20.0,402.0,15.0,29.0,198.0,16.0,211.0,0.0,0.0,2020-21,79.0,68.0,1779500.0,5.0,85.0,88.0,93.0,74.5,104.5,1512250.0,,,,,,,,,,,,,,,,,,,,,,,,,,,,,,,,,,,,,,,,,,,,,,,,,,,,,,,,,,,,,
"National Institute of Technology, Jamshedpur",IR-E-U-0207,2022,Engineering,data/raw/pdf/2022/Engineering/IR-E-U-0207.pdf,751.0,667.0,432.0,346.0,1183,2230.0,432.0,2662.0,1313.0,1323.0,26.0,997.0,1451.0,1058.0,0.0,0.0,1390.0,382.0,142.0,524.0,84.0,440.0,0.0,37.0,278.0,96.0,0.0,0.0,219.0,2612,574,3186,1397,1763,26,1034,1729,1154,0,0,1609,2020-21,587.0,483.0,750000.0,76.0,594.0,601.0,571.7,471.0,601.0,693333.0,2020-21,217.0,45.0,700000.0,75.0,231.0,346.0,231.0,45.0,346.0,666667.0,804.0,528.0,151.0,947.0,0.6567,0.8445,0.849,750000.0,198.0,131.0,12.0,6.0,21.0,28778461.0,29185547.0,11489097.0,112747495.0,595768046.0,244984662.0,2855465.0,192230612.0,824580117.0,88.0,61499729.0,346.0,8823690.0,2.5,161.0,21.02,18.0,55.3,0.82,36.2,60336.0,258814.0,,,,,,,,,,,,,,,,,,,,,,,,,,,,,,,,,,,,,,,,,,,,,,,,,,,,,,,,,,,,,,,,,,,,,,,,,,,,,,,,,,,,,,
Christ University,IR-E-U-0217,2022,Engineering,data/raw/pdf/2022/Engineering/IR-E-U-0217.pdf,660.0,660.0,108.0,108.0,768,1546.0,372.0,1918.0,343.0,1561.0,14.0,548.0,191.0,6.0,52.0,1.0,680.0,43.0,18.0,61.0,18.0,43.0,0.0,36.0,6.0,0.0,5.0,0.0,37.0,1589,390,1979,361,1604,14,584,197,6,57,1,717,2020-21,467.0,293.0,455000.0,103.0,503.0,660.0,442.7,232.7,660.0,358333.0,2020-21,16.0,11.0,520000.0,2.0,17.0,108.0,26.0,14.0,108.0,556000.0,483.0,304.0,105.0,768.0,0.6294,0.8468,0.6289,455000.0,51.0,73.0,5.0,0.0,2.7,5727423.0,5234406.0,5780462.0,11337386.0,260305982.0,17272970.0,312685.0,17938688.0,269708441.0,16.0,4605251.0,9.0,1388412.0,2.5,163.0,12.45,19.7,81.1,0.71,3.2,9065.0,136285.0,,,,,,,,,,,,,,,,,,,,,,,,,,,,,,,,,,,,,,,,,,,,,,,,,,,,,,,,,,,,,,,,,,,,,,,,,,,,,,,,,,,,,,
International Institute of Information Technology Bangalore,IR-E-U-0221,2022,Engineering,data/raw/pdf/2022/Engineering/IR-E-U-0221.pdf,,,180.0,180.0,180,,,,,,,,,,,,,294.0,65.0,359.0,7.0,349.0,3.0,8.0,0.0,0.0,8.0,0.0,0.0,294,65,359,7,349,3,8,0,0,8,0,0,,,,,,,,,,,,2020-21,97.0,81.0,2010000.0,10.0,107.0,120.0,127.4,120.2,150.0,1875538.0,97.0,81.0,10.0,120.0,0.8351,0.9381,0.8083,,41.0,45.0,2.0,3.0,6.3,9035732.0,1560760.0,0.0,18366215.0,238739294.0,85230081.0,675440.0,55292561.0,312645162.0,267.0,156986353.0,23.0,4318860.0,2.5,63.0,6.35,18.1,97.2,0.84,2.2,154018.0,870878.0,,,,,,,,,,,,,,,,,,,,,,,,,,,,,,,,,,,,,,,,,,,,,,,,,,,,,,,,,,,,,,,,,,,,,,,,,,,,,,,,,,,,,,
"Jain University, Bangalore",IR-E-U-0223,2022,Engineering,data/raw/pdf/2022/Engineering/IR-E-U-0223.pdf,1260.0,1550.0,213.0,231.0,1473,2939.0,1209.0,4148.0,1049.0,2333.0,766.0,52.0,1171.0,782.0,62.0,2.0,377.0,116.0,85.0,201.0,56.0,95.0,50.0,32.0,43.0,52.0,8.0,1.0,14.0,3055,1294,4349,1105,2428,816,84,1214,834,70,3,391,2020-21,803.0,293.0,445000.0,176.0,827.0,860.0,574.3,220.0,686.7,421000.0,2019-20,66.0,40.0,625000.0,7.0,74.0,333.0,79.0,57.0,229.5,588500.0,869.0,333.0,183.0,1193.0,0.3832,0.5938,0.7284,445000.0,149.0,15.0,26.0,0.0,38.7,10159987.0,3073710.0,2957455.0,61073805.0,448059127.0,101187712.0,1785650.0,119331979.0,441974528.0,55.0,31475331.0,334.0,36270659.0,2.5,417.0,10.79,29.8,55.8,18.76,20.9,27439.0,101627.0,,,,,,,,,,,,,,,,,,,,,,,,,,,,,,,,,,,,,,,,,,,,,,,,,,,,,,,,,,,,,,,,,,,,,,,,,,,,,,,,,,,,,,
"National Institute of Technology Karnataka, Surathkal",IR-E-U-0237,2022,Engineering,data/raw/pdf/2022/Engineering/IR-E-U-0237.pdf,740.0,740.0,579.0,579.0,1319,3000.0,635.0,3635.0,1617.0,1986.0,32.0,935.0,1621.0,153.0,1811.0,473.0,119.0,992.0,317.0,1309.0,116.0,1182.0,11.0,549.0,561.0,78.0,266.0,60.0,706.0,3992,952,4944,1733,3168,43,1484,2182,231,2077,533,825,2020-21,782.0,642.0,1000000.0,32.0,834.0,740.0,775.0,651.7,825.3,928667.0,2020-21,578.0,436.0,935000.0,40.0,618.0,579.0,509.0,394.7,632.3,858333.0,1360.0,1078.0,72.0,1319.0,0.7926,0.8456,1.0311,1000000.0,711.0,223.0,104.0,16.0,123.0,54159018.0,408202147.0,72408151.0,476612955.0,1147002412.0,1212826609.0,7833901.0,579599397.0,2212343542.0,578.0,317354173.0,1202.0,83432304.0,2.5,329.0,17.19,19.3,64.1,0.87,57.5,117233.0,447480.0,,,,,,,,,,,,,,,,,,,,,,,,,,,,,,,,,,,,,,,,,,,,,,,,,,,,,,,,,,,,,,,,,,,,,,,,,,,,,,,,,,,,,,
Visvesvaraya Technological University,IR-E-U-0249,2022,Engineering,data/raw/pdf/2022/Engineering/IR-E-U-0249.pdf,90.0,0.0,441.0,475.0,531,25.0,30.0,55.0,55.0,0.0,0.0,15.0,27.0,32.0,0.0,0.0,10.0,388.0,396.0,784.0,709.0,75.0,0.0,469.0,216.0,495.0,190.0,0.0,0.0,413,426,839,764,75,0,484,243,527,190,0,10,2020-21,0.0,0.0,0.0,0.0,0.0,0.0,0.0,0.0,0.0,0.0,2020-21,395.0,222.0,375000.0,173.0,469.0,475.0,366.7,190.7,475.0,311667.0,395.0,222.0,173.0,475.0,0.562,1.0,0.8316,0.0,80.0,217.0,10.0,81.0,63.3,10326548.0,48603867.0,70230219.0,37861122.0,156623004.0,304981474.0,840766.0,205546188.0,667859005.0,21.0,897667.0,14.0,7197333.0,2.5,67.0,13.72,50.8,8.9,0.0,85.5,244989.0,796018.0,,,,,,,,,,,,,,,,,,,,,,,,,,,,,,,,,,,,,,,,,,,,,,,,,,,,,,,,,,,,,,,,,,,,,,,,,,,,,,,,,,,,,,
Indian Institute of Space Science and Technology,IR-E-U-0255,2022,Engineering,data/raw/pdf/2022/Engineering/IR-E-U-0255.pdf,132.0,132.0,150.0,150.0,304,454.0,33.0,487.0,51.0,436.0,0.0,28.0,232.0,0.0,124.0,0.0,136.0,154.0,53.0,207.0,37.0,170.0,0.0,23.0,142.0,154.0,11.0,0.0,0.0,696,95,791,100,691,0,57,423,154,169,0,157,2020-21,106.0,79.0,1063656.0,8.0,120.0,120.0,111.0,84.0,120.0,963664.0,2020-21,89.0,21.0,890000.0,21.0,91.0,150.0,75.7,19.7,150.0,830000.0,211.0,113.0,30.0,290.0,0.5355,0.6777,0.7276,1063656.0,176.0,54.0,12.0,1.0,13.0,20112752.0,34403325.0,218120.0,6312450.0,323663658.0,283650227.0,354352.0,118239110.0,679676883.0,137.0,20136274.0,24.0,10613900.0,2.5,103.0,9.39,12.0,87.4,0.0,40.8,149481.0,859263.0,22.0,22.0,88.0,9.0,97.0,12.0,85.0,0.0,6.0,49.0,0.0,34.0,0.0,21.0,2020-21,16.0,13.0,1063656.0,1.0,20.0,20.0,22.0,19.0,25.3,963664.0,,,,,,,,,,,,,,,,,,,,,,,,,,,,,,,,,,,,,,,,,,,,,,,,,,,,,,,,,,,,,
"National Institute of Technology, Calicut",IR-E-U-0263,2022,Engineering,data/raw/pdf/2022/Engineering/IR-E-U-0263.pdf,1185.0,1059.0,537.0,483.0,1722,3041.0,844.0,3885.0,1898.0,1957.0,30.0,774.0,1923.0,580.0,2034.0,23.0,60.0,653.0,201.0,854.0,246.0,605.0,3.0,90.0,422.0,9.0,503.0,0.0,0.0,3694,1045,4739,2144,2562,33,864,2345,589,2537,23,60,2020-21,850.0,722.0,910000.0,89.0,860.0,890.0,827.7,724.7,890.0,811667.0,2020-21,400.0,343.0,935000.0,52.0,451.0,483.0,382.3,312.3,447.7,928333.0,1250.0,1065.0,141.0,1373.0,0.852,0.9648,0.9104,910000.0,701.0,21.0,96.0,0.0,95.3,29662837.0,101447717.0,8581560.0,24627961.0,1143949408.0,459116576.0,20676728.0,233822875.0,1477103635.0,192.0,102079018.0,374.0,11209113.0,2.5,344.0,15.81,22.1,54.1,0.7,66.4,49340.0,311691.0,,,,,,,,,,,,,,,,,,,,,,,,,,,,,,,,,,,,,,,,,,,,,,,,,,,,,,,,,,,,,,,,,,,,,,,,,,,,,,,,,,,,,,
Atal Bihari Vajpayee Indian Institute of Information Technology and Management,IR-E-U-0267,2022,Engineering,data/raw/pdf/2022/Engineering/IR-E-U-0267.pdf,74.0,74.0,50.0,50.0,124,226.0,37.0,263.0,25.0,224.0,14.0,15.0,122.0,54.0,9.0,0.0,74.0,47.0,21.0,68.0,14.0,54.0,0.0,9.0,34.0,9.0,0.0,0.0,34.0,273,58,331,39,278,14,24,156,63,9,0,108,2020-21,40.0,36.0,1581000.0,4.0,40.0,41.0,13.3,12.0,13.7,527000.0,2020-21,102.0,96.0,1999000.0,6.0,102.0,115.0,89.4,73.2,120.8,1202200.0,142.0,132.0,10.0,156.0,0.9296,1.0,0.9103,1581000.0,44.0,6.0,5.0,0.0,7.7,15756025.0,4785419.0,1054970.0,1465816.0,171174119.0,84539035.0,685794.0,28696840.0,275202102.0,85.0,11862852.0,10.0,13444431.0,2.5,42.0,8.93,17.5,84.0,4.23,21.8,86697.0,831426.0,,,,,,,,,,,,,,,,,,,,,,,,,,,,,,,,,,,,,,,,,,,,,,,,,,,,,,,,,,,,,,,,,,,,,,,,,,,,,,,,,,,,,,
Indian Institute of Technology Indore,IR-E-U-0273,2022,Engineering,data/raw/pdf/2022/Engineering/IR-E-U-0273.pdf,360.0,294.0,235.0,188.0,595,970.0,191.0,1161.0,157.0,1004.0,0.0,210.0,590.0,26.0,219.0,3.0,552.0,121.0,27.0,148.0,44.0,101.0,3.0,0.0,69.0,0.0,0.0,0.0,69.0,1091,218,1309,201,1105,3,210,659,26,219,3,621,2020-21,235.0,151.0,1400000.0,10.0,249.0,260.0,187.7,120.3,213.3,1450000.0,2020-21,137.0,24.0,1000000.0,22.0,142.0,188.0,112.3,15.7,158.7,941667.0,372.0,175.0,32.0,448.0,0.4704,0.5565,0.8304,1400000.0,500.0,19.0,71.0,2.0,77.3,36437471.0,148993805.0,0.0,108118672.0,484268298.0,419015875.0,28332484.0,275674594.0,911463011.0,844.0,219241412.0,110.0,10302411.0,2.5,171.0,10.58,16.7,84.4,0.23,18.9,210599.0,696305.0,,,,,,,,,,,,,,,,,,,,,,,,,,,,,,,,,,,,,,,,,,,,,,,,,,,,,,,,,,,,,,,,,,,,,,,,,,,,,,,,,,,,,,
Maulana Azad National Institute of Technology,IR-E-U-0284,2022,Engineering,data/raw/pdf/2022/Engineering/IR-E-U-0284.pdf,1021.0,919.0,578.0,560.0,1599,2979.0,610.0,3589.0,1754.0,1740.0,95.0,941.0,1776.0,832.0,1577.0,8.0,300.0,602.0,205.0,807.0,327.0,480.0,0.0,196.0,402.0,0.0,153.0,0.0,445.0,3581,815,4396,2081,2220,95,1137,2178,832,1730,8,745,2020-21,786.0,536.0,800000.0,19.0,814.0,817.0,812.0,589.3,817.0,733333.0,2020-21,302.0,71.0,1200000.0,17.0,336.0,560.0,306.3,74.3,510.7,816667.0,1088.0,607.0,36.0,1377.0,0.5579,0.591,0.7901,800000.0,300.0,79.0,20.0,58.0,53.7,28834200.0,33255610.0,7055000.0,37140010.0,681761467.0,152144810.0,3649510.0,109850803.0,829185935.0,119.0,20272095.0,1176.0,51736700.0,2.5,465.0,10.1,18.5,50.5,2.16,58.5,24989.0,188623.0,,,,,,,,,,,,,,,,,,,,,,,,,,,,,,,,,,,,,,,,,,,,,,,,,,,,,,,,,,,,,,,,,,,,,,,,,,,,,,,,,,,,,,
"Pandit Dwarka Prasad Mishra Indian Institute of Information Technology, Design and Manufacturing (IIITDM) Jabalpur",IR-E-U-0286,2022,Engineering,data/raw/pdf/2022/Engineering/IR-E-U-0286.pdf,568.0,329.0,140.0,123.0,708,1318.0,175.0,1493.0,206.0,1276.0,11.0,366.0,787.0,393.0,502.0,0.0,258.0,130.0,41.0,171.0,42.0,128.0,1.0,35.0,81.0,0.0,29.0,0.0,87.0,1448,216,1664,248,1404,12,401,868,393,531,0,345,2020-21,296.0,186.0,800000.0,60.0,298.0,300.0,283.0,177.0,310.0,816667.0,2020-21,85.0,37.0,1000000.0,38.0,90.0,123.0,89.0,37.3,135.7,830000.0,381.0,223.0,98.0,423.0,0.5853,0.8425,0.9007,800000.0,201.0,3.0,28.0,0.0,24.0,21683323.0,10852342.0,429852.0,14611891.0,155299263.0,240579037.0,4370956.0,75178434.0,389299840.0,127.0,20709816.0,28.0,2518581.0,2.5,271.0,6.88,13.0,84.4,0.72,55.5,45179.0,233954.0,,,,,,,,,,,,,,,,,,,,,,,,,,,,,,,,,,,,,,,,,,,,,,,,,,,,,,,,,,,,,,,,,,,,,,,,,,,,,,,,,,,,,,
Defence Institute of Advanced Technology,IR-E-U-0297,2022,Engineering,data/raw/pdf/2022/Engineering/IR-E-U-0297.pdf,,,448.0,398.0,448,,,,,,,,,,,,,352.0,63.0,415.0,192.0,217.0,6.0,110.0,141.0,235.0,2.0,14.0,0.0,352,63,415,192,217,6,110,141,235,2,14,0,,,,,,,,,,,,2020-21,200.0,190.0,1700000.0,10.0,200.0,398.0,229.3,174.7,390.0,1300000.0,200.0,190.0,10.0,398.0,0.95,1.0,0.5025,,68.0,82.0,18.0,22.0,30.3,20788074.0,60392171.0,17800000.0,35600000.0,179952430.0,75042000.0,5021452.0,114662352.0,274394637.0,52.0,76670125.0,40.0,13413333.0,2.5,79.0,6.11,15.2,52.3,1.45,60.5,276295.0,661192.0,,,,,,,,,,,,,,,,,,,,,,,,,,,,,,,,,,,,,,,,,,,,,,,,,,,,,,,,,,,,,,,,,,,,,,,,,,,,,,,,,,,,,,
"Indian Institute of Technology, Bombay",IR-E-U-0306,2022,Engineering,data/raw/pdf/2022/Engineering/IR-E-U-0306.pdf,910.0,773.0,965.0,790.0,2086,3004.0,547.0,3551.0,971.0,2580.0,0.0,0.0,1858.0,878.0,471.0,161.0,348.0,1774.0,289.0,2063.0,445.0,1537.0,81.0,0.0,857.0,308.0,0.0,0.0,549.0,5624,993,6617,1817,4719,81,0,3229,1417,563,182,1067,2020-21,604.0,468.0,1500000.0,54.0,672.0,729.0,610.7,448.7,721.0,1326133.0,2020-21,569.0,406.0,1300000.0,17.0,862.0,790.0,510.0,372.7,765.3,1175569.0,1353.0,1006.0,86.0,1673.0,0.7435,0.8071,0.8087,1500000.0,2069.0,342.0,122.0,150.0,262.7,307774243.0,920663781.0,11352962.0,196296023.0,2454744132.0,1203810198.0,20859647.0,1558019674.0,3843902616.0,1706.0,2131544610.0,1985.0,1987433333.0,2.5,826.0,10.52,15.0,71.3,1.22,32.7,235457.0,580913.0,211.0,178.0,846.0,157.0,1003.0,401.0,602.0,0.0,0.0,514.0,231.0,92.0,21.0,170.0,2020-21,180.0,132.0,1638019.0,15.0,183.0,154.0,173.0,124.0,154.0,1467510.0,,,,,,,,,,,,,,,,,,,,,,,,,,,,,,,,,,,,,,,,,,,,,,,,,,,,,,,,,,,,,
Institute of Chemical Technology,IR-E-U-0308,2022,Engineering,data/raw/pdf/2022/Engineering/IR-E-U-0308.pdf,211.0,211.0,385.0,272.0,596,641.0,268.0,909.0,745.0,162.0,2.0,35.0,244.0,250.0,0.0,29.0,0.0,314.0,238.0,552.0,336.0,216.0,0.0,0.0,265.0,200.0,0.0,0.0,65.0,955,506,1461,1081,378,2,35,509,450,0,29,65,2020-21,229.0,103.0,655000.0,78.0,229.0,211.0,229.0,98.0,211.0,610000.0,2020-21,0.0,0.0,0.0,0.0,0.0,0.0,88.0,46.4,108.8,206000.0,229.0,103.0,78.0,211.0,0.4498,0.7904,1.0853,655000.0,278.0,40.0,111.0,9.0,94.0,46860057.0,134661333.0,6500000.0,114276314.0,481064380.0,298755060.0,7782428.0,542917128.0,923069157.0,433.0,270388252.0,495.0,44930055.0,2.5,173.0,10.05,34.6,25.9,0.14,32.8,371607.0,631806.0,,,,,,,,,,,,,,,,,,,,,,,,,,,,,,,,,,,,,,,,,,,,,,,,,,,,,,,,,,,,,,,,,,,,,,,,,,,,,,,,,,,,,,
"Visvesvaraya National Institute of Technology, Nagpur",IR-E-U-0334,2022,Engineering,data/raw/pdf/2022/Engineering/IR-E-U-0334.pdf,855.0,855.0,450.0,450.0,1305,2623.0,576.0,3199.0,1511.0,1605.0,83.0,186.0,1665.0,1058.0,0.0,186.0,607.0,541.0,154.0,695.0,264.0,431.0,0.0,71.0,387.0,132.0,0.0,0.0,326.0,3164,730,3894,1775,2036,83,257,2052,1190,0,186,933,2020-21,648.0,499.0,842000.0,146.0,684.0,684.0,665.7,478.0,684.0,765000.0,2020-21,256.0,104.0,789000.0,97.0,337.0,450.0,262.3,112.0,383.3,743000.0,904.0,603.0,243.0,1134.0,0.667,0.9358,0.7972,842000.0,459.0,35.0,45.0,4.0,70.0,15924808.0,197601000.0,21206000.0,244340046.0,992055714.0,252572985.0,4603000.0,370225877.0,1279467946.0,416.0,156687799.0,1853.0,180269092.0,2.5,240.0,18.14,18.7,52.3,2.13,35.3,95076.0,328574.0,,,,,,,,,,,,,,,,,,,,,,,,,,,,,,,,,,,,,,,,,,,,,,,,,,,,,,,,,,,,,,,,,,,,,,,,,,,,,,,,,,,,,,
Indian Institute of Technology Bhubaneswar,IR-E-U-0355,2022,Engineering,data/raw/pdf/2022/Engineering/IR-E-U-0355.pdf,325.0,290.0,246.0,246.0,683,973.0,185.0,1158.0,46.0,1112.0,0.0,239.0,586.0,265.0,360.0,0.0,200.0,348.0,64.0,412.0,80.0,330.0,2.0,107.0,180.0,56.0,0.0,0.0,231.0,1674,316,1990,140,1848,2,399,977,413,481,0,482,2020-21,242.0,198.0,1350000.0,17.0,255.0,260.0,195.0,157.3,220.0,1200000.0,2020-21,151.0,74.0,882000.0,20.0,192.0,246.0,132.3,67.7,191.0,894000.0,393.0,272.0,37.0,506.0,0.6921,0.7863,0.7767,1350000.0,288.0,0.0,35.0,0.0,34.0,58060861.0,59038353.0,61182268.0,16780854.0,402275030.0,477341905.0,10071070.0,223512537.0,829899547.0,415.0,136133357.0,186.0,39996235.0,2.5,141.0,16.16,15.9,92.9,0.1,44.9,112318.0,417035.0,112.0,99.0,353.0,67.0,420.0,14.0,406.0,0.0,53.0,211.0,92.0,121.0,0.0,51.0,2019-20,0.0,0.0,0.0,0.0,0.0,0.0,0.0,0.0,0.0,0.0,,,,,,,,,,,,,,,,,,,,,,,,,,,,,,,,,,,,,,,,,,,,,,,,,,,,,,,,,,,,,
Kalinga Institute of Industrial Technology,IR-E-U-0356,2022,Engineering,data/raw/pdf/2022/Engineering/IR-E-U-0356.pdf,3300.0,3450.0,212.0,212.0,3512,7203.0,6963.0,14166.0,172.0,12986.0,1008.0,25.0,2165.0,200.0,647.0,788.0,555.0,88.0,129.0,217.0,9.0,171.0,37.0,47.0,28.0,8.0,67.0,0.0,0.0,7291,7092,14383,181,13157,1045,72,2193,208,714,788,555,2020-21,3775.0,1953.0,649000.0,74.0,3683.0,3450.0,3739.7,1969.7,3450.0,499667.0,2020-21,106.0,98.0,800000.0,8.0,110.0,212.0,105.7,98.3,212.0,800000.0,3881.0,2051.0,82.0,3662.0,0.5285,0.5496,1.0598,649000.0,950.0,0.0,73.0,0.0,71.3,89915107.0,358473437.0,0.0,169095594.0,1411221095.0,1438441295.0,119544840.0,779300439.0,3649230426.0,225.0,94746780.0,97.0,36814450.0,2.5,1004.0,15.27,49.3,91.5,7.27,11.9,54182.0,253718.0,,,,,,,,,,,,,,,,,,,,,,,,,,,,,,,,,,,,,,,,,,,,,,,,,,,,,,,,,,,,,,,,,,,,,,,,,,,,,,,,,,,,,,
National Institute of Technology Rourkela,IR-E-U-0357,2022,Engineering,data/raw/pdf/2022/Engineering/IR-E-U-0357.pdf,1064.0,927.0,725.0,638.0,1809,3250.0,710.0,3960.0,1845.0,1828.0,287.0,560.0,1966.0,1441.0,873.0,0.0,212.0,945.0,244.0,1189.0,139.0,1040.0,10.0,183.0,554.0,33.0,562.0,0.0,142.0,4261,985,5246,2032,2917,297,754,2575,1514,1459,0,356,2020-21,655.0,478.0,685000.0,59.0,803.0,710.0,570.0,453.3,650.0,682000.0,2020-21,117.0,68.0,775000.0,11.0,132.0,140.0,263.3,125.2,356.3,662500.0,786.0,548.0,72.0,870.0,0.6972,0.7888,0.9034,685000.0,1069.0,233.0,90.0,0.0,110.0,47156494.0,63507893.0,48094151.0,69064945.0,1006015388.0,827582225.0,10547831.0,162182432.0,1823565017.0,521.0,152724526.0,172.0,38183098.0,2.5,369.0,17.11,18.8,55.6,5.66,56.7,30915.0,347611.0,20.0,25.0,66.0,31.0,97.0,48.0,49.0,0.0,11.0,55.0,40.0,24.0,0.0,2.0,2020-21,14.0,2.0,600000.0,2.0,17.0,20.0,18.3,4.7,23.3,600000.0,,,,,,,,,,,,,,,,,,,,,,,,,,,,,,,,,,,,,,,,,,,,,,,,,,,,,,,,,,,,,
Siksha `O` Anusandhan,IR-E-U-0363,2022,Engineering,data/raw/pdf/2022/Engineering/IR-E-U-0363.pdf,1860.0,2220.0,90.0,90.0,1950,2727.0,4281.0,7008.0,1904.0,5039.0,65.0,1286.0,1677.0,47.0,526.0,0.0,2390.0,54.0,105.0,159.0,29.0,99.0,31.0,24.0,31.0,4.0,9.0,0.0,42.0,2781,4386,7167,1933,5138,96,1310,1708,51,535,0,2432,2020-21,1027.0,884.0,400000.0,105.0,1043.0,1260.0,1545.3,1359.0,1640.0,370000.0,2020-21,73.0,54.0,400000.0,16.0,74.0,90.0,61.5,35.0,75.5,362500.0,1100.0,938.0,121.0,1350.0,0.8527,0.9627,0.8148,400000.0,704.0,115.0,63.0,5.0,67.0,30414563.0,443018021.0,103604822.0,78901252.0,1144703896.0,1297841571.0,18086996.0,575324127.0,2228329089.0,222.0,63149667.0,59.0,85298167.0,2.5,604.0,13.03,61.2,71.7,1.34,8.2,80274.0,310915.0,,,,,,,,,,,,,,,,,,,,,,,,,,,,,,,,,,,,,,,,,,,,,,,,,,,,,,,,,,,,,,,,,,,,,,,,,,,,,,,,,,,,,,
Veer Surendra Sai University of Technology,IR-E-U-0367,2022,Engineering,data/raw/pdf/2022/Engineering/IR-E-U-0367.pdf,924.0,924.0,315.0,324.0,1239,2692.0,1078.0,3770.0,3705.0,65.0,0.0,671.0,1441.0,1510.0,25.0,56.0,521.0,346.0,60.0,406.0,374.0,32.0,0.0,8.0,44.0,44.0,6.0,0.0,2.0,3038,1138,4176,4079,97,0,679,1485,1554,31,56,523,2020-21,967.0,440.0,450000.0,105.0,837.0,1036.0,959.0,415.7,1036.0,422000.0,2020-21,26.0,14.0,740000.0,10.0,26.0,36.0,81.2,50.4,144.0,519000.0,993.0,454.0,115.0,1072.0,0.4572,0.573,0.9263,450000.0,411.0,81.0,42.0,2.0,29.0,62500000.0,215800000.0,12400000.0,82600000.0,850000000.0,210000000.0,18000000.0,255610179.0,873333333.0,21.0,7143401.0,59.0,7709405.0,2.5,281.0,16.32,27.3,2.3,0.0,39.3,61209.0,209132.0,,,,,,,,,,,,,,,,,,,,,,,,,,,,,,,,,,,,,,,,,,,,,,,,,,,,,,,,,,,,,,,,,,,,,,,,,,,,,,,,,,,,,,
Chitkara University,IR-E-U-0373,2022,Engineering,data/raw/pdf/2022/Engineering/IR-E-U-0373.pdf,2040.0,1470.0,,,2058,4288.0,1531.0,5819.0,2152.0,3655.0,12.0,159.0,573.0,51.0,103.0,4.0,574.0,,,,,,,,,,,,,4323,1563,5886,2181,3693,12,206,584,57,150,4,579,2020-21,920.0,431.0,594000.0,122.0,932.0,1200.0,992.0,630.7,1200.0,491333.0,,,,,,,,,,,,943.0,454.0,122.0,1245.0,0.4814,0.6108,0.7574,594000.0,87.0,166.0,10.0,15.0,18.0,2250442.0,20018422.0,7899800.0,183939702.0,516711602.0,608076942.0,2171738.0,139564256.0,921514212.0,86.0,32813604.0,77.0,25517812.0,2.5,437.0,13.67,26.6,62.7,0.2,3.6,23711.0,156560.0,,,,,,,,,,,,,,,,,,,,,,,,,,18.0,45.0,35.0,32.0,67.0,29.0,38.0,0.0,47.0,11.0,6.0,47.0,0.0,5.0,2020-21,23.0,23.0,500000.0,0.0,30.0,45.0,17.7,15.7,51.0,416667.0,,,,,,,,,,,,,,,,,,,,,,,,,,,,,,,,,,,,
"Dr. B R Ambedkar National Institute of Technology, Jalandhar",IR-E-U-0374,2022,Engineering,data/raw/pdf/2022/Engineering/IR-E-U-0374.pdf,1117.0,1113.0,496.0,380.0,1613,2990.0,724.0,3714.0,1734.0,1962.0,18.0,1532.0,1862.0,0.0,1918.0,70.0,1406.0,558.0,214.0,772.0,82.0,690.0,0.0,156.0,350.0,0.0,267.0,0.0,239.0,3548,938,4486,1816,2652,18,1688,2212,0,2185,70,1645,2020-21,702.0,379.0,650000.0,58.0,756.0,786.0,689.3,435.7,786.0,626000.0,2020-21,311.0,60.0,650000.0,74.0,312.0,380.0,218.0,58.0,289.3,610000.0,1013.0,439.0,132.0,1166.0,0.4334,0.5637,0.8688,650000.0,298.0,141.0,48.0,13.0,46.7,18201402.0,86602916.0,137700.0,16271329.0,598019954.0,319213372.0,8705297.0,102607652.0,900621227.0,119.0,25378635.0,327.0,17038287.0,2.5,343.0,13.95,20.9,59.1,0.4,50.3,22873.0,200763.0,,,,,,,,,,,,,,,,,,,,,,,,,,,,,,,,,,,,,,,,,,,,,,,,,,,,,,,,,,,,,,,,,,,,,,,,,,,,,,,,,,,,,,
Indian Institute of Technology Ropar,IR-E-U-0378,2022,Engineering,data/raw/pdf/2022/Engineering/IR-E-U-0378.pdf,370.0,330.0,215.0,238.0,585,1002.0,182.0,1184.0,99.0,1085.0,0.0,371.0,600.0,11.0,457.0,0.0,503.0,385.0,100.0,485.0,35.0,443.0,7.0,45.0,245.0,0.0,31.0,0.0,259.0,1387,282,1669,134,1528,7,416,845,11,488,0,762,2020-21,237.0,176.0,1240000.0,9.0,245.0,260.0,156.3,118.0,175.0,1193333.0,2020-21,197.0,78.0,700000.0,42.0,231.0,238.0,142.3,53.0,175.0,641667.0,442.0,259.0,51.0,508.0,0.586,0.7014,0.8701,1240000.0,662.0,78.0,32.0,0.0,28.0,32264112.0,360488641.0,15026777.0,82638115.0,560033286.0,681211989.0,7914332.0,810509222.0,1040786143.0,326.0,236624599.0,157.0,24426355.0,2.5,174.0,13.4,16.9,91.6,0.42,29.9,485626.0,623599.0,,,,,,,,,,,,,,,,,,,,,,,,,,0.0,0.0,0.0,0.0,0.0,0.0,0.0,0.0,0.0,0.0,0.0,0.0,0.0,0.0,2020-21,8.0,5.0,689000.0,0.0,10.0,10.0,3.5,2.0,10.0,410667.0,,,,,,,,,,,,,,,,,,,,,,,,,,,,,,,,,,,,
Lovely Professional University,IR-E-U-0379,2022,Engineering,data/raw/pdf/2022/Engineering/IR-E-U-0379.pdf,4150.0,3900.0,141.0,120.0,4291,15351.0,2086.0,17437.0,849.0,16061.0,527.0,2872.0,4308.0,329.0,4483.0,6.0,2362.0,184.0,71.0,255.0,18.0,205.0,32.0,16.0,47.0,11.0,20.0,0.0,32.0,15535,2157,17692,867,16266,559,2888,4355,340,4503,6,2394,2020-21,5165.0,3668.0,620000.0,242.0,5119.0,5400.0,3871.0,2369.7,4175.0,470333.0,2020-21,52.0,44.0,600000.0,1.0,61.0,60.0,74.0,34.4,90.0,487601.0,5217.0,3712.0,243.0,5460.0,0.7115,0.7581,0.9555,620000.0,365.0,672.0,14.0,39.0,41.3,16326806.0,37729491.0,128880.0,151350122.0,835190134.0,456492350.0,696800.0,355379123.0,2127223241.0,99.0,23811689.0,138.0,18572433.0,2.5,1247.0,14.48,12.2,91.9,3.16,27.4,20087.0,120236.0,,,,,,,,,,,,,,,,,,,,,,,,,,,,,,,,,,,,,,,,,,,,,,,,,,,,,,,,,,,,,,,,,,,,,,,,,,,,,,,,,,,,,,
Sant Longowal Institute of Engineering & Technology,IR-E-U-0384,2022,Engineering,data/raw/pdf/2022/Engineering/IR-E-U-0384.pdf,570.0,570.0,110.0,110.0,680,1895.0,485.0,2380.0,332.0,2048.0,0.0,293.0,1141.0,671.0,120.0,0.0,643.0,46.0,37.0,83.0,12.0,71.0,0.0,25.0,38.0,30.0,0.0,0.0,33.0,1941,522,2463,344,2119,0,318,1179,701,120,0,676,2020-21,498.0,226.0,350000.0,41.0,116.0,570.0,513.7,197.3,570.0,330000.0,2020-21,39.0,12.0,350000.0,7.0,41.0,110.0,40.7,10.0,168.0,356667.0,537.0,238.0,48.0,680.0,0.4432,0.5326,0.7897,350000.0,87.0,40.0,13.0,13.0,25.3,16244026.0,41842075.0,2271500.0,9693460.0,493973561.0,313605291.0,2299495.0,54551853.0,788070270.0,41.0,9409582.0,7.0,158664.0,2.5,174.0,14.66,21.2,86.0,0.0,33.3,22149.0,319964.0,,,,,,,,,,,,,,,,,,,,,,,,,,,,,,,,,,,,,,,,,,,,,,,,,,,,,,,,,,,,,,,,,,,,,,,,,,,,,,,,,,,,,,
"Amity University, Jaipur",IR-E-U-0388,2022,Engineering,data/raw/pdf/2022/Engineering/IR-E-U-0388.pdf,240.0,210.0,,,240,648.0,212.0,860.0,442.0,417.0,1.0,26.0,179.0,2.0,89.0,0.0,114.0,,,,,,,,,,,,,648,212,860,442,417,1,26,179,2,89,0,114,2020-21,289.0,185.0,360000.0,82.0,304.0,270.0,293.0,178.3,316.7,330000.0,,,,,,,,,,,,289.0,185.0,82.0,270.0,0.6401,0.9239,1.0704,360000.0,64.0,167.0,5.0,12.0,16.0,712106.0,320000.0,460000.0,6900000.0,44734992.0,56480000.0,243000.0,15356502.0,123172084.0,22.0,6246983.0,2.0,1662031.0,2.5,58.0,15.93,24.7,48.5,0.12,10.6,17856.0,143223.0,,,,,,,,,,,,,,,,,,,,,,,,,,,,,,,,,,,,,,,,,,,,,,,,,,,,,,,,,,,,,,,,,,,,,,,,,,,,,,,,,,,,,,
Banasthali Vidyapith,IR-E-U-0389,2022,Engineering,data/raw/pdf/2022/Engineering/IR-E-U-0389.pdf,930.0,930.0,162.0,162.0,1092,0.0,3476.0,3476.0,309.0,3006.0,161.0,149.0,305.0,14.0,309.0,17.0,114.0,0.0,87.0,87.0,14.0,73.0,0.0,47.0,3.0,1.0,42.0,0.0,7.0,0,3563,3563,323,3079,161,196,308,15,351,17,121,2020-21,867.0,718.0,560000.0,77.0,889.0,750.0,766.7,611.0,710.0,520000.0,2020-21,42.0,15.0,450000.0,8.0,42.0,162.0,51.7,12.7,162.0,423333.0,909.0,733.0,85.0,912.0,0.8064,0.8999,0.9967,560000.0,259.0,0.0,59.0,0.0,62.0,9354512.0,79396345.0,19653390.0,15106803.0,459005580.0,184338372.0,31512.0,103911152.0,613049327.0,16.0,40107179.0,8.0,14933333.0,2.5,263.0,14.53,100.0,86.4,4.52,10.7,29164.0,172060.0,,,,,,,,,,,,,,,,,,,,,,,,,,,,,,,,,,,,,,,,,,,,,,,,,,,,,,,,,,,,,,,,,,,,,,,,,,,,,,,,,,,,,,
Birla Institute of Technology & Science - Pilani,IR-E-U-0391,2022,Engineering,data/raw/pdf/2022/Engineering/IR-E-U-0391.pdf,2806.0,2831.0,704.0,664.0,3510,9324.0,1225.0,10549.0,1503.0,8707.0,339.0,2771.0,580.0,1.0,35.0,2.0,3313.0,1047.0,323.0,1370.0,116.0,1254.0,0.0,431.0,153.0,0.0,0.0,0.0,584.0,10371,1548,11919,1619,9961,339,3202,733,1,35,2,3897,2020-21,2554.0,2250.0,1300000.0,118.0,2608.0,2608.0,2236.3,1968.0,2262.0,1316667.0,2020-21,659.0,564.0,1200000.0,22.0,664.0,664.0,571.0,463.0,577.0,3616667.0,3213.0,2814.0,140.0,3272.0,0.8758,0.9194,0.982,1300000.0,439.0,172.0,44.0,14.0,49.0,83154908.0,270208640.0,25565901.0,93996326.0,2049058001.0,892952551.0,986730.0,691191239.0,2781615635.0,307.0,136186934.0,39.0,8924718.0,2.5,612.0,20.19,13.0,83.6,2.84,0.3,57991.0,233377.0,,,,,,,,,,,,,,,,,,,,,,,,,,,,,,,,,,,,,,,,,,,,,,,,,,,,,,,,,,,,,,,,,,,,,,,,,,,,,,,,,,,,,,
Indian Institute of Technology Jodhpur,IR-E-U-0395,2022,Engineering,data/raw/pdf/2022/Engineering/IR-E-U-0395.pdf,490.0,352.0,176.0,154.0,726,1021.0,201.0,1222.0,264.0,958.0,0.0,222.0,605.0,0.0,454.0,0.0,373.0,239.0,91.0,330.0,55.0,270.0,5.0,82.0,136.0,0.0,48.0,0.0,170.0,1356,321,1677,334,1338,5,310,767,0,502,0,575,2020-21,171.0,128.0,1200000.0,41.0,178.0,180.0,129.7,98.0,140.0,1133000.0,2020-21,126.0,70.0,1000000.0,44.0,154.0,154.0,80.5,43.5,99.0,1075000.0,297.0,198.0,85.0,334.0,0.6667,0.9529,0.8892,1200000.0,486.0,23.0,25.0,2.0,28.7,71642098.0,234332902.0,16848635.0,304585844.0,435994123.0,884215876.0,490329.0,346044896.0,942080931.0,335.0,199282283.0,40.0,12249860.0,2.5,186.0,11.63,19.1,79.8,0.3,29.9,206348.0,561766.0,,,,,,,,,,,,,,,,,,,,,,,,,,60.0,65.0,96.0,29.0,125.0,15.0,110.0,0.0,6.0,26.0,0.0,0.0,0.0,32.0,2020-21,0.0,0.0,0.0,0.0,0.0,0.0,0.0,0.0,0.0,0.0,,,,,,,,,,,,,,,,,,,,,,,,,,,,,,,,,,,,
Malaviya National Institute of Technology,IR-E-U-0410,2022,Engineering,data/raw/pdf/2022/Engineering/IR-E-U-0410.pdf,811.0,900.0,802.0,1025.0,1613,2472.0,549.0,3021.0,1445.0,1564.0,12.0,636.0,1582.0,49.0,1369.0,0.0,800.0,838.0,413.0,1251.0,549.0,700.0,2.0,131.0,682.0,813.0,0.0,0.0,0.0,3310,962,4272,1994,2264,14,767,2264,862,1369,0,800,2020-21,639.0,446.0,810000.0,39.0,664.0,716.0,609.0,454.7,716.3,730000.0,2019-20,402.0,182.0,600000.0,21.0,476.0,800.0,406.0,146.5,793.0,537730.0,1041.0,628.0,60.0,1516.0,0.6033,0.6609,0.6867,810000.0,540.0,293.0,59.0,31.0,84.3,20678278.0,77557808.0,7568551.0,52885355.0,913797691.0,324218830.0,6174686.0,171252739.0,1234041697.0,73.0,89837183.0,774.0,106629106.0,2.5,281.0,17.12,22.5,53.0,0.33,52.2,40087.0,288867.0,,,,,,,,,,,,,,,,,,,,,,,,,,,,,,,,,,,,,,,,,,,,,,,,,,,,,,,,,,,,,,,,,,,,,,,,,,,,,,,,,,,,,,
Amrita Vishwa Vidyapeetham,IR-E-U-0436,2022,Engineering,data/raw/pdf/2022/Engineering/IR-E-U-0436.pdf,2580.0,2700.0,662.0,782.0,3242,7920.0,2227.0,10147.0,2919.0,7179.0,49.0,0.0,1382.0,3.0,813.0,0.0,566.0,691.0,403.0,1094.0,290.0,801.0,3.0,2.0,146.0,80.0,60.0,0.0,8.0,8611,2630,11241,3209,7980,52,2,1528,83,873,0,574,2020-21,2265.0,1671.0,445000.0,489.0,2395.0,2100.0,2044.7,1479.7,2060.0,431667.0,2020-21,361.0,162.0,575000.0,154.0,425.0,782.0,443.3,224.7,839.7,486667.0,2626.0,1833.0,643.0,2882.0,0.698,0.9429,0.9112,445000.0,239.0,498.0,13.0,25.0,35.0,59010471.0,121516828.0,17607540.0,177162487.0,1058491433.0,795429494.0,3918461.0,347592561.0,1920206759.0,166.0,275733760.0,109.0,36592140.0,2.5,803.0,14.3,23.4,71.0,0.46,8.5,30922.0,170822.0,,,,,,,,,,,,,,,,,,,,,,,,,,,,,,,,,,,,,,,,,,,,,,,,,,,,,,,,,,,,,,,,,,,,,,,,,,,,,,,,,,,,,,
Anna University,IR-E-U-0439,2022,Engineering,data/raw/pdf/2022/Engineering/IR-E-U-0439.pdf,2470.0,2470.0,1465.0,1698.0,3935,5652.0,3467.0,9119.0,8811.0,139.0,169.0,609.0,6699.0,3622.0,0.0,484.0,3202.0,1012.0,927.0,1939.0,1897.0,30.0,12.0,192.0,1559.0,392.0,0.0,18.0,1341.0,6664,4394,11058,10708,169,181,801,8258,4014,0,502,4543,2020-21,2103.0,1211.0,500000.0,143.0,2333.0,2740.0,2307.0,1213.7,2740.0,516667.0,2019-20,1290.0,296.0,540000.0,53.0,1411.0,1710.0,1219.5,355.5,1707.5,480000.0,3393.0,1507.0,196.0,4450.0,0.4441,0.5019,0.7625,500000.0,1148.0,946.0,130.0,91.0,188.0,30610828.0,475232888.0,1529555.0,189217003.0,2160906943.0,329992237.0,3092444.0,910017046.0,2551917952.0,278.0,407880500.0,3552.0,275928741.0,2.5,940.0,12.99,39.7,1.5,1.64,40.8,82295.0,230776.0,,,,,,,,,,,,,,,,,,,,,,,,,,,,,,,,,,,,,,,,,,,,,,,,,,,,,,,,,,,,,,,,,,,,,,,,,,,,,,,,,,,,,,
B. S. Abdur Rahman Crescent Institute of Science and Technology,IR-E-U-0445,2022,Engineering,data/raw/pdf/2022/Engineering/IR-E-U-0445.pdf,1140.0,930.0,162.0,162.0,1302,2144.0,612.0,2756.0,2223.0,492.0,41.0,573.0,1950.0,828.0,482.0,5.0,1208.0,65.0,42.0,107.0,96.0,11.0,0.0,17.0,80.0,26.0,67.0,0.0,4.0,2209,654,2863,2319,503,41,590,2030,854,549,5,1212,2020-21,779.0,460.0,350000.0,113.0,807.0,840.0,765.0,555.0,930.0,311667.0,2019-20,44.0,34.0,325000.0,0.0,56.0,90.0,50.0,28.0,108.0,312500.0,823.0,494.0,113.0,930.0,0.6002,0.7375,0.8849,350000.0,68.0,141.0,8.0,27.0,18.7,8279000.0,9445000.0,1049000.0,6609000.0,359749000.0,127979000.0,33572000.0,70092924.0,572062785.0,47.0,19515333.0,163.0,18806223.0,2.5,340.0,8.62,22.8,17.6,1.43,49.2,24482.0,199812.0,,,,,,,,,,,,,,,,,,,,,,,,,,,,,,,,,,,,,,,,,,,,,,,,,,,,,,,,,,,,,,,,,,,,,,,,,,,,,,,,,,,,,,
Hindustan Institute of Technology and Science (HITS),IR-E-U-0454,2022,Engineering,data/raw/pdf/2022/Engineering/IR-E-U-0454.pdf,1470.0,1740.0,162.0,168.0,1632,3018.0,999.0,4017.0,2397.0,1537.0,83.0,1711.0,448.0,19.0,760.0,7.0,1373.0,71.0,35.0,106.0,74.0,29.0,3.0,30.0,26.0,0.0,8.0,0.0,48.0,3089,1034,4123,2471,1566,86,1741,474,19,768,7,1421,2020-21,1316.0,762.0,450000.0,270.0,1326.0,1555.0,1023.3,476.7,1363.3,363333.0,2019-20,68.0,46.0,340000.0,6.0,74.0,150.0,72.0,50.0,125.0,369000.0,1384.0,808.0,276.0,1705.0,0.5838,0.7832,0.8117,450000.0,94.0,328.0,5.0,29.0,30.3,5847623.0,22090834.0,5836320.0,47172901.0,238643000.0,59190967.0,14892696.0,105991587.0,346207889.0,39.0,12701610.0,49.0,7426437.0,2.5,638.0,6.61,25.1,38.0,2.09,19.3,25707.0,83970.0,,,,,,,,,,,,,,,,,,,,,,,,,,,,,,,,,,,,,,,,,,,,,,,,,,,,,,,,,,,,,,,,,,,,,,,,,,,,,,,,,,,,,,
"Indian Institute of Information Technology, Design & Manufacturing, Kancheepuram",IR-E-U-0455,2022,Engineering,data/raw/pdf/2022/Engineering/IR-E-U-0455.pdf,375.0,220.0,84.0,84.0,459,840.0,114.0,954.0,166.0,764.0,24.0,53.0,467.0,38.0,233.0,0.0,249.0,79.0,43.0,122.0,53.0,69.0,0.0,14.0,37.0,0.0,15.0,0.0,36.0,919,157,1076,219,833,24,67,504,38,248,0,285,2020-21,141.0,109.0,889000.0,14.0,154.0,163.0,134.7,92.7,149.7,798000.0,2020-21,95.0,57.0,1134000.0,0.0,101.0,126.0,79.6,40.0,105.6,751000.0,236.0,166.0,14.0,289.0,0.7034,0.7627,0.8166,889000.0,119.0,19.0,7.0,0.0,8.0,4220258.0,21685629.0,797740.0,13087106.0,141750934.0,57605193.0,156453.0,44546917.0,196606883.0,45.0,40018802.0,13.0,1023301.0,2.5,73.0,16.37,14.6,77.4,2.23,26.6,41400.0,182720.0,,,,,,,,,,,,,,,,,,,,,,,,,,,,,,,,,,,,,,,,,,,,,,,,,,,,,,,,,,,,,,,,,,,,,,,,,,,,,,,,,,,,,,
Indian Institute of Technology Madras,IR-E-U-0456,2022,Engineering,data/raw/pdf/2022/Engineering/IR-E-U-0456.pdf,877.0,762.0,500.0,435.0,1799,2247.0,472.0,2719.0,450.0,2236.0,33.0,277.0,1398.0,104.0,1071.0,191.0,309.0,842.0,150.0,992.0,81.0,905.0,6.0,258.0,508.0,0.0,684.0,77.0,5.0,5243,1029,6272,1028,5190,54,1066,2988,143,2973,476,462,2020-21,338.0,292.0,1500000.0,17.0,378.0,466.0,358.0,282.0,466.0,1453333.0,2020-21,355.0,305.0,1300000.0,17.0,378.0,435.0,372.0,297.0,422.3,1200000.0,1177.0,985.0,95.0,1518.0,0.8369,0.9176,0.7754,1500000.0,2168.0,36.0,203.0,2.0,247.0,212299912.0,1472690290.0,4717584.0,58477394.0,5511469625.0,4592454620.0,110595144.0,2113053872.0,9431523331.0,1957.0,4372472027.0,2676.0,1614602437.0,2.5,645.0,13.09,16.4,82.7,0.86,57.3,336903.0,1503751.0,177.0,157.0,1391.0,267.0,1658.0,319.0,1324.0,15.0,179.0,787.0,36.0,761.0,71.0,98.0,2020-21,342.0,287.0,1550000.0,29.0,360.0,372.0,324.0,254.0,378.7,1500000.0,245.0,245.0,763.0,140.0,903.0,178.0,725.0,0.0,352.0,295.0,3.0,457.0,137.0,50.0,2020-21,142.0,101.0,1194000.0,32.0,189.0,245.0,145.7,102.7,245.0,1231333.0,,,,,,,,,,,,,,,,,,,,,,,,,,,,,,,,,,,,
Kalasalingam Academy of Research and Education,IR-E-U-0458,2022,Engineering,data/raw/pdf/2022/Engineering/IR-E-U-0458.pdf,1470.0,1290.0,132.0,132.0,1602,2535.0,2677.0,5212.0,1683.0,3447.0,82.0,950.0,1567.0,238.0,1874.0,405.0,0.0,124.0,132.0,256.0,91.0,144.0,21.0,12.0,79.0,22.0,54.0,15.0,0.0,2659,2809,5468,1774,3591,103,962,1646,260,1928,420,0,2020-21,1166.0,1084.0,480000.0,52.0,1224.0,1260.0,1214.0,1114.3,1370.0,416000.0,2019-20,22.0,18.0,402000.0,2.0,22.0,60.0,31.0,27.0,57.0,385500.0,1188.0,1102.0,54.0,1320.0,0.9276,0.9731,0.9,480000.0,349.0,150.0,64.0,13.0,55.0,14072950.0,75062127.0,19975303.0,115527319.0,677430641.0,521538500.0,59973752.0,188825655.0,1037710517.0,559.0,116701157.0,322.0,62605922.0,2.5,409.0,14.22,51.4,65.7,1.88,47.7,34533.0,189779.0,,,,,,,,,,,,,,,,,,,,,,,,,,,,,,,,,,,,,,,,,,,,,,,,,,,,,,,,,,,,,,,,,,,,,,,,,,,,,,,,,,,,,,
Karunya Institute of Technology and Sciences,IR-E-U-0460,2022,Engineering,data/raw/pdf/2022/Engineering/IR-E-U-0460.pdf,1260.0,1300.0,216.0,230.0,1476,3042.0,1144.0,4186.0,2031.0,2153.0,2.0,125.0,2675.0,0.0,56.0,9.0,2735.0,103.0,146.0,249.0,154.0,95.0,0.0,21.0,186.0,0.0,148.0,0.0,59.0,3145,1290,4435,2185,2248,2,146,2861,0,204,9,2794,2020-21,1296.0,602.0,280000.0,123.0,1435.0,1518.0,1386.0,620.7,1606.0,292000.0,2019-20,88.0,13.0,300000.0,2.0,93.0,210.0,111.5,45.5,200.0,270000.0,1384.0,615.0,125.0,1728.0,0.4444,0.5347,0.8009,280000.0,93.0,279.0,8.0,28.0,41.0,9909529.0,18523357.0,147500.0,426214.0,393476100.0,259573921.0,659028.0,50909980.0,687858835.0,89.0,34280825.0,983.0,11306884.0,2.5,387.0,11.7,29.1,50.7,0.05,4.8,11479.0,155098.0,,,,,,,,,,,,,,,,,,,,,,,,,,,,,,,,,,,,,,,,,,,,,,,,,,,,,,,,,,,,,,,,,,,,,,,,,,,,,,,,,,,,,,
"National Institute of Technology, Tiruchirappalli",IR-E-U-0467,2022,Engineering,data/raw/pdf/2022/Engineering/IR-E-U-0467.pdf,964.0,964.0,688.0,582.0,1652,3196.0,741.0,3937.0,1681.0,2153.0,103.0,439.0,1927.0,88.0,1736.0,15.0,527.0,898.0,179.0,1077.0,90.0,982.0,5.0,172.0,583.0,4.0,688.0,63.0,0.0,4094,920,5014,1771,3135,108,611,2510,92,2424,78,527,2020-21,811.0,563.0,1080000.0,163.0,839.0,768.0,805.7,565.3,768.0,1010000.0,2020-21,443.0,335.0,700000.0,27.0,463.0,582.0,451.0,358.5,582.0,662500.0,1254.0,898.0,190.0,1350.0,0.7161,0.8676,0.9289,1080000.0,685.0,282.0,121.0,43.0,139.7,5454291.0,131915871.0,2000000.0,331108659.0,1255619756.0,1087633696.0,323806.0,568129155.0,2263882701.0,108.0,299771116.0,58.0,45053269.0,2.5,344.0,16.57,18.3,62.5,2.15,51.7,113309.0,451512.0,,,,,,,,,,,,,,,,,,,,,,,,,,,,,,,,,,,,,,,,,,,,,,,,,,,,,,,,,,,,,,,,,,,,,,,,,,,,,,,,,,,,,,
S.R.M. Institute of Science and Technology,IR-E-U-0473,2022,Engineering,data/raw/pdf/2022/Engineering/IR-E-U-0473.pdf,5550.0,5490.0,839.0,745.0,6389,15096.0,4653.0,19749.0,2945.0,16413.0,391.0,4128.0,4689.0,5.0,1077.0,36.0,7699.0,578.0,394.0,972.0,164.0,744.0,64.0,98.0,390.0,5.0,483.0,0.0,0.0,15674,5047,20721,3109,17157,455,4226,5079,10,1560,36,7699,2020-21,4317.0,4098.0,400000.0,138.0,4742.0,4745.0,4681.7,4196.7,5198.3,370000.0,2020-21,318.0,237.0,525000.0,12.0,319.0,745.0,315.3,204.3,653.3,411667.0,4635.0,4335.0,150.0,5490.0,0.9353,0.9676,0.8443,400000.0,1002.0,435.0,31.0,64.0,131.7,105727836.0,392953150.0,110152508.0,84776418.0,2301515053.0,2453439487.0,23200000.0,628087279.0,4396164721.0,308.0,102021818.0,470.0,15265553.0,2.5,1467.0,14.81,24.4,82.8,2.2,7.8,30312.0,212160.0,,,,,,,,,,,,,,,,,,,,,,,,,,,,,,,,,,,,,,,,,,,,,,,,,,,,,,,,,,,,,,,,,,,,,,,,,,,,,,,,,,,,,,
Sathyabama Institute of Science and Technology,IR-E-U-0474,2022,Engineering,data/raw/pdf/2022/Engineering/IR-E-U-0474.pdf,2940.0,2700.0,150.0,186.0,3090,5716.0,3253.0,8969.0,1498.0,7392.0,79.0,1425.0,4821.0,974.0,921.0,84.0,4267.0,53.0,148.0,201.0,76.0,123.0,2.0,12.0,132.0,5.0,43.0,4.0,92.0,5769,3401,9170,1574,7515,81,1437,4953,979,964,88,4359,2020-21,2197.0,1352.0,360000.0,349.0,2151.0,2700.0,2518.3,929.3,2844.0,356667.0,2019-20,50.0,45.0,450000.0,4.0,51.0,276.0,57.0,51.0,188.0,425000.0,2247.0,1397.0,353.0,2976.0,0.6217,0.7788,0.755,360000.0,301.0,679.0,29.0,105.0,126.7,72275252.0,372461351.0,52652415.0,205462327.0,1162964750.0,151521115.0,18125000.0,639962609.0,1286719042.0,386.0,181367937.0,250.0,26901333.0,2.5,965.0,9.81,37.1,82.0,0.88,22.1,69789.0,140318.0,,,,,,,,,,,,,,,,,,,,,,,,,,,,,,,,,,,,,,,,,,,,,,,,,,,,,,,,,,,,,,,,,,,,,,,,,,,,,,,,,,,,,,
Shanmugha Arts Science Technology & Research Academy,IR-E-U-0476,2022,Engineering,data/raw/pdf/2022/Engineering/IR-E-U-0476.pdf,1920.0,1920.0,100.0,100.0,2020,4789.0,2634.0,7423.0,4467.0,2944.0,12.0,1024.0,1084.0,75.0,225.0,27.0,1781.0,81.0,104.0,185.0,170.0,15.0,0.0,24.0,38.0,2.0,2.0,1.0,57.0,4870,2738,7608,4637,2959,12,1048,1122,77,227,28,1838,2020-21,1730.0,1474.0,600000.0,108.0,1785.0,1860.0,1649.7,1435.0,1773.3,533333.0,2020-21,80.0,61.0,400000.0,5.0,108.0,110.0,109.7,69.8,130.8,393333.0,1810.0,1535.0,113.0,1970.0,0.8481,0.9105,0.9188,600000.0,419.0,157.0,31.0,19.0,56.0,35113977.0,131281096.0,0.0,857502154.0,757648082.0,319152161.0,6007587.0,716795538.0,1263093521.0,289.0,185035170.0,2357.0,192173554.0,2.5,568.0,14.13,36.0,38.9,0.16,4.4,94216.0,166022.0,,,,,,,,,,,,,,,,,,,,,,,,,,,,,,,,,,,,,,,,,,,,,,,,,,,,,,,,,,,,,,,,,,,,,,,,,,,,,,,,,,,,,,
Vel Tech Rangarajan Dr. Sagunthala R & D Institute of Science and Technology,IR-E-U-0489,2022,Engineering,data/raw/pdf/2022/Engineering/IR-E-U-0489.pdf,2220.0,2400.0,354.0,354.0,2574,7191.0,1253.0,8444.0,889.0,7340.0,215.0,1632.0,3701.0,18.0,3265.0,0.0,2050.0,196.0,30.0,226.0,157.0,63.0,6.0,34.0,152.0,10.0,0.0,0.0,176.0,7387,1283,8670,1046,7403,221,1666,3853,28,3265,0,2226,2020-21,1859.0,1512.0,420000.0,130.0,2252.0,2400.0,1093.3,864.3,1630.0,418333.0,2019-20,74.0,70.0,500000.0,2.0,118.0,354.0,99.0,81.5,339.0,500000.0,1933.0,1582.0,132.0,2754.0,0.8184,0.8867,0.7019,420000.0,73.0,307.0,4.0,35.0,30.7,8423079.0,5298690.0,1779281.0,1779151.0,415303038.0,137045868.0,3030708.0,66246387.0,673914562.0,50.0,5201333.0,97.0,14310536.0,2.5,685.0,12.76,14.8,85.4,2.55,38.0,7641.0,77729.0,,,,,,,,,,,,,,,,,,,,,,,,,,,,,,,,,,,,,,,,,,,,,,,,,,,,,,,,,,,,,,,,,,,,,,,,,,,,,,,,,,,,,,
Vellore Institute of Technology,IR-E-U-0490,2022,Engineering,data/raw/pdf/2022/Engineering/IR-E-U-0490.pdf,7540.0,7660.0,1521.0,1788.0,9061,21177.0,5008.0,26185.0,4923.0,19993.0,1269.0,6280.0,6451.0,0.0,224.0,0.0,12507.0,1876.0,994.0,2870.0,779.0,2051.0,40.0,797.0,1226.0,6.0,0.0,0.0,2017.0,23053,6002,29055,5702,22044,1309,7077,7677,6,224,0,14524,2020-21,5294.0,3393.0,650000.0,938.0,5522.0,6883.0,5153.3,3281.3,6462.0,616667.0,2020-21,632.0,410.0,450000.0,28.0,657.0,660.0,931.0,489.0,1072.2,564400.0,5926.0,3803.0,966.0,7543.0,0.6417,0.8048,0.7856,650000.0,1501.0,835.0,205.0,120.0,296.3,44181502.0,166373813.0,3958151.0,210115408.0,3548525786.0,851752013.0,5890598.0,568625490.0,5434988900.0,381.0,122529128.0,304.0,9584239.0,2.5,2565.0,11.91,20.7,75.9,4.51,0.8,19571.0,187059.0,,,,,,,,,,,,,,,,,,,,,,,,,,,,,,,,,,,,,,,,,,,,,,,,,,,,,,,,,,,,,,,,,,,,,,,,,,,,,,,,,,,,,,
Vels Institute of Science Technology & Advanced Studies (VISTAS) -Chennai,IR-E-U-0491,2022,Engineering,data/raw/pdf/2022/Engineering/IR-E-U-0491.pdf,680.0,680.0,84.0,84.0,764,1662.0,177.0,1839.0,1582.0,248.0,9.0,317.0,1522.0,32.0,354.0,50.0,1403.0,86.0,18.0,104.0,89.0,14.0,1.0,14.0,90.0,1.0,15.0,0.0,88.0,1748,195,1943,1671,262,10,331,1612,33,369,50,1491,2020-21,490.0,423.0,315000.0,56.0,440.0,560.0,442.3,365.0,590.0,300000.0,2019-20,43.0,30.0,365000.0,3.0,43.0,84.0,42.0,29.0,96.0,362500.0,533.0,453.0,59.0,644.0,0.8499,0.9606,0.8276,315000.0,38.0,199.0,3.0,15.0,22.0,3886457.0,3166176.0,66044886.0,98427666.0,99876177.0,35547401.0,1946723.0,92543148.0,132548876.0,45.0,16259181.0,47.0,2009238.0,2.5,199.0,9.95,10.0,13.5,0.51,23.3,47629.0,68219.0,,,,,,,,,,,,,,,,,,,,,,,,,,,,,,,,,,,,,,,,,,,,,,,,,,,,,,,,,,,,,,,,,,,,,,,,,,,,,,,,,,,,,,
National Institute of Technology Agartala,IR-E-U-0493,2022,Engineering,data/raw/pdf/2022/Engineering/IR-E-U-0493.pdf,959.0,862.0,270.0,332.0,1229,2373.0,645.0,3018.0,1333.0,1682.0,3.0,960.0,1844.0,960.0,1069.0,242.0,533.0,242.0,66.0,308.0,82.0,226.0,0.0,8.0,161.0,11.0,6.0,0.0,152.0,2615,711,3326,1415,1908,3,968,2005,971,1075,242,685,2020-21,645.0,525.0,600000.0,82.0,724.0,787.0,595.3,409.0,787.0,648333.0,2020-21,148.0,80.0,600000.0,32.0,150.0,332.0,165.7,45.0,318.7,586333.0,793.0,605.0,114.0,1119.0,0.7629,0.9067,0.7087,600000.0,224.0,129.0,26.0,17.0,28.0,2035739.0,43017211.0,2847900.0,3410000.0,408283456.0,328112324.0,1318736.0,188891704.0,717874651.0,42.0,11141072.0,286.0,5159378.0,2.5,208.0,17.07,21.4,57.4,0.09,68.8,56792.0,215837.0,,,,,,,,,,,,,,,,,,,,,,,,,,,,,,,,,,,,,,,,,,,,,,,,,,,,,,,,,,,,,,,,,,,,,,,,,,,,,,,,,,,,,,
Aligarh Muslim University,IR-E-U-0496,2022,Engineering,data/raw/pdf/2022/Engineering/IR-E-U-0496.pdf,365.0,365.0,316.0,316.0,681,1384.0,260.0,1644.0,1248.0,363.0,33.0,1188.0,454.0,608.0,132.0,53.0,849.0,465.0,101.0,566.0,457.0,105.0,4.0,300.0,164.0,170.0,7.0,0.0,287.0,1849,361,2210,1705,468,37,1488,618,778,139,53,1136,2020-21,372.0,151.0,562000.0,143.0,438.0,385.0,363.3,140.0,385.0,504000.0,2020-21,108.0,22.0,475000.0,59.0,250.0,316.0,84.7,19.7,281.0,441667.0,480.0,173.0,202.0,701.0,0.3604,0.7812,0.6847,562000.0,309.0,29.0,36.0,0.0,35.3,9218238.0,8444022.0,1001829.0,7259665.0,710373148.0,4690405.0,428898.0,34398473.0,766373610.0,76.0,86931993.0,214.0,22566984.0,2.5,227.0,11.1,16.3,21.2,1.67,43.9,15565.0,346775.0,,,,,,,,,,,,,,,,,,,,,,,,,,,,,,,,,,,,,,,,,,,,,,,,,,,,,,,,,,,,,,,,,,,,,,,,,,,,,,,,,,,,,,
Amity University,IR-E-U-0497,2022,Engineering,data/raw/pdf/2022/Engineering/IR-E-U-0497.pdf,1150.0,1710.0,150.0,180.0,1300,4256.0,1577.0,5833.0,2129.0,3686.0,18.0,172.0,864.0,0.0,210.0,0.0,826.0,155.0,125.0,280.0,106.0,172.0,2.0,24.0,70.0,0.0,5.0,0.0,89.0,4411,1702,6113,2235,3858,20,196,934,0,215,0,915,2020-21,1780.0,1200.0,413000.0,273.0,1857.0,1980.0,1819.3,1091.7,2140.0,387667.0,2020-21,93.0,70.0,380000.0,10.0,108.0,150.0,112.2,75.6,174.0,346400.0,1873.0,1270.0,283.0,2130.0,0.6781,0.8292,0.8793,413000.0,291.0,652.0,39.0,95.0,95.7,10200637.0,169164.0,0.0,6538388.0,627088172.0,752739679.0,978791.0,63959073.0,1688347690.0,252.0,80667929.0,12.0,780619.0,2.5,587.0,10.91,27.8,63.1,0.33,3.5,10463.0,276190.0,,,,,,,,,,,,,,,,,,,,,,,,,,,,,,,,,,,,,,,,,,,,,,,,,,,,,,,,,,,,,,,,,,,,,,,,,,,,,,,,,,,,,,
Dayalbagh Educational Institute,IR-E-U-0507,2022,Engineering,data/raw/pdf/2022/Engineering/IR-E-U-0507.pdf,360.0,300.0,43.0,43.0,403,839.0,349.0,1188.0,1048.0,140.0,0.0,473.0,525.0,436.0,31.0,20.0,511.0,98.0,29.0,127.0,112.0,15.0,0.0,18.0,52.0,11.0,29.0,6.0,24.0,937,378,1315,1160,155,0,491,577,447,60,26,535,2020-21,262.0,184.0,440000.0,49.0,256.0,300.0,273.3,156.3,300.0,423333.0,2020-21,41.0,35.0,500000.0,6.0,49.0,43.0,38.0,27.3,43.0,458333.0,303.0,219.0,55.0,343.0,0.7228,0.9043,0.8834,440000.0,150.0,31.0,19.0,4.0,14.7,2034746.0,30352336.0,4417802.0,6819126.0,93530514.0,78480614.0,673762.0,55990307.0,144325851.0,92.0,46404469.0,507.0,2650668.0,2.5,130.0,11.27,28.7,11.8,0.0,40.5,42578.0,109753.0,,,,,,,,,,,,,,,,,,,,,,,,,,,,,,,,,,,,,,,,,,,,,,,,,,,,,,,,,,,,,,,,,,,,,,,,,,,,,,,,,,,,,,
G. L. A. University,IR-E-U-0513,2022,Engineering,data/raw/pdf/2022/Engineering/IR-E-U-0513.pdf,1275.0,1530.0,70.0,60.0,1345,3928.0,1288.0,5216.0,4317.0,879.0,20.0,1296.0,1240.0,329.0,305.0,24.0,1878.0,53.0,25.0,78.0,66.0,12.0,0.0,27.0,24.0,5.0,46.0,0.0,0.0,3981,1313,5294,4383,891,20,1323,1264,334,351,24,1878,2020-21,765.0,246.0,350000.0,131.0,811.0,1080.0,1020.7,366.3,1320.0,366667.0,2020-21,26.0,1.0,410000.0,16.0,28.0,60.0,36.7,9.3,80.0,417333.0,791.0,247.0,147.0,1140.0,0.3123,0.4981,0.6939,350000.0,64.0,179.0,2.0,12.0,10.0,8179983.0,32973281.0,140615.0,6498206.0,367674241.0,142025802.0,1626694.0,41149819.0,503950516.0,21.0,4001484.0,44.0,4402577.0,2.5,376.0,14.25,24.8,16.8,0.38,13.4,7773.0,95193.0,,,,,,,,,,,,,,,,,,,,,,,,,,,,,,,,,,,,,,,,,,,,,,,,,,,,,,,,,,,,,,,,,,,,,,,,,,,,,,,,,,,,,,
Indian Institute of Information Technology Allahabad,IR-E-U-0516,2022,Engineering,data/raw/pdf/2022/Engineering/IR-E-U-0516.pdf,439.0,388.0,195.0,158.0,634,1125.0,216.0,1341.0,291.0,1018.0,32.0,67.0,652.0,4.0,298.0,0.0,417.0,282.0,65.0,347.0,99.0,248.0,0.0,34.0,157.0,0.0,62.0,0.0,129.0,1464,286,1750,407,1311,32,101,841,4,374,0,564,2020-21,221.0,187.0,2000000.0,2.0,226.0,231.0,247.7,209.3,261.7,1731000.0,2020-21,20.0,1.0,1150000.0,19.0,25.0,36.0,61.8,35.5,90.8,905950.0,301.0,240.0,26.0,343.0,0.7973,0.8837,0.8776,2000000.0,208.0,15.0,29.0,0.0,19.3,14687000.0,21037000.0,0.0,19416000.0,211222000.0,112916000.0,3714000.0,56075000.0,431955331.0,116.0,22097000.0,26.0,4166383.0,2.5,86.0,22.77,16.3,74.9,1.83,21.6,32043.0,246832.0,0.0,0.0,57.0,5.0,62.0,17.0,45.0,0.0,0.0,32.0,0.0,14.0,0.0,18.0,2020-21,60.0,52.0,1900000.0,5.0,70.0,76.0,58.0,47.0,76.0,1979000.0,,,,,,,,,,,,,,,,,,,,,,,,,,,,,,,,,,,,,,,,,,,,,,,,,,,,,,,,,,,,,
Jaypee Institute of Information Technology,IR-E-U-0522,2022,Engineering,data/raw/pdf/2022/Engineering/IR-E-U-0522.pdf,1140.0,1140.0,234.0,270.0,1374,2982.0,846.0,3828.0,2235.0,1593.0,0.0,977.0,315.0,64.0,27.0,0.0,1201.0,14.0,33.0,47.0,29.0,18.0,0.0,7.0,8.0,0.0,0.0,0.0,15.0,2996,879,3875,2264,1611,0,984,323,64,27,0,1216,2020-21,998.0,832.0,500000.0,140.0,1127.0,1140.0,1035.0,827.7,1180.0,466667.0,2020-21,57.0,45.0,400000.0,10.0,66.0,90.0,56.6,32.6,164.4,384400.0,1055.0,877.0,150.0,1230.0,0.8313,0.9735,0.8577,500000.0,176.0,105.0,12.0,5.0,25.0,10958863.0,19603219.0,0.0,8844996.0,494279170.0,109749719.0,388433.0,81436891.0,812233440.0,43.0,15402793.0,1.0,1269678.0,2.5,293.0,13.83,22.7,41.6,0.0,2.3,21016.0,209609.0,,,,,,,,,,,,,,,,,,,,,,,,,,,,,,,,,,,,,,,,,,,,,,,,,,,,,,,,,,,,,,,,,,,,,,,,,,,,,,,,,,,,,,
Motilal Nehru National Institute of Technology,IR-E-U-0530,2022,Engineering,data/raw/pdf/2022/Engineering/IR-E-U-0530.pdf,1074.0,1006.0,595.0,528.0,1669,3356.0,599.0,3955.0,1845.0,1998.0,112.0,236.0,1811.0,50.0,1900.0,18.0,79.0,806.0,177.0,983.0,530.0,453.0,0.0,67.0,429.0,0.0,101.0,0.0,395.0,4162,776,4938,2375,2451,112,303,2240,50,2001,18,474,2020-21,860.0,614.0,900000.0,124.0,878.0,886.0,851.0,617.0,912.3,953000.0,2019-20,303.0,101.0,900000.0,185.0,396.0,475.0,302.0,92.5,475.0,787500.0,1163.0,715.0,309.0,1361.0,0.6148,0.8805,0.8545,900000.0,449.0,122.0,84.0,15.0,82.7,73849252.0,64827443.0,1548819.0,192005514.0,876378017.0,641835408.0,3641581.0,292263404.0,1543918832.0,199.0,144573848.0,1199.0,114545059.0,2.5,258.0,20.88,15.7,49.6,2.27,41.9,59187.0,312661.0,,,,,,,,,,,,,,,,,,,,,,,,,,,,,,,,,,,,,,,,,,,,,,,,,,,,,,,,,,,,,,,,,,,,,,,,,,,,,,,,,,,,,,
Rajiv Gandhi Institute of Petroleum Technology,IR-E-U-0535,2022,Engineering,data/raw/pdf/2022/Engineering/IR-E-U-0535.pdf,270.0,132.0,90.0,72.0,360,499.0,26.0,525.0,203.0,319.0,3.0,42.0,248.0,45.0,96.0,0.0,149.0,51.0,11.0,62.0,19.0,43.0,0.0,5.0,33.0,0.0,0.0,0.0,38.0,550,37,587,222,362,3,47,281,45,96,0,187,2020-21,111.0,51.0,1000000.0,60.0,120.0,120.0,80.0,42.7,105.0,733333.0,2020-21,8.0,1.0,360000.0,6.0,10.0,72.0,4.3,1.0,61.3,354333.0,119.0,52.0,66.0,192.0,0.437,0.9916,0.6198,1000000.0,57.0,39.0,15.0,0.0,7.7,8097212.0,201202741.0,26224564.0,23926512.0,184309479.0,103006107.0,1134418.0,184920284.0,219130660.0,56.0,9741603.0,17.0,5803069.0,2.5,57.0,11.3,6.3,61.7,0.51,24.0,315026.0,373306.0,,,,,,,,,,,,,,,,,,,,,,,,,,,,,,,,,,,,,,,,,,,,,,,,,,,,,,,,,,,,,,,,,,,,,,,,,,,,,,,,,,,,,,
Sharda University,IR-E-U-0541,2022,Engineering,data/raw/pdf/2022/Engineering/IR-E-U-0541.pdf,535.0,550.0,152.0,126.0,687,1734.0,403.0,2137.0,614.0,1187.0,336.0,1289.0,388.0,66.0,4.0,0.0,1607.0,228.0,63.0,291.0,68.0,115.0,108.0,208.0,52.0,27.0,1.0,0.0,232.0,1995,475,2470,704,1317,449,1527,452,96,5,0,1878,2020-21,455.0,255.0,335000.0,31.0,426.0,750.0,477.7,241.7,700.0,317333.0,2020-21,121.0,39.0,384000.0,5.0,131.0,126.0,106.0,35.0,138.7,354667.0,587.0,298.0,36.0,891.0,0.5077,0.569,0.6588,335000.0,115.0,109.0,8.0,2.0,8.0,11663943.0,31384596.0,11152775.0,8184805.0,215133677.0,42302390.0,4481946.0,29743384.0,235829585.0,50.0,7917757.0,12.0,1782700.0,2.5,220.0,11.75,19.2,53.3,18.18,4.1,12042.0,95478.0,0.0,17.0,33.0,9.0,42.0,22.0,15.0,5.0,30.0,12.0,3.0,0.0,0.0,39.0,2020-21,11.0,4.0,280000.0,0.0,14.0,15.0,9.5,4.5,12.5,373000.0,,,,,,,,,,,,,,,,,,,,,,,,,,,,,,,,,,,,,,,,,,,,,,,,,,,,,,,,,,,,,
Graphic Era University,IR-E-U-0555,2022,Engineering,data/raw/pdf/2022/Engineering/IR-E-U-0555.pdf,1110.0,1230.0,72.0,90.0,1182,2352.0,1490.0,3842.0,1022.0,2804.0,16.0,72.0,398.0,26.0,412.0,16.0,16.0,73.0,69.0,142.0,58.0,82.0,2.0,2.0,11.0,3.0,6.0,3.0,1.0,2425,1559,3984,1080,2886,18,74,409,29,418,19,17,2020-21,524.0,316.0,545000.0,72.0,527.0,570.0,635.7,351.3,790.0,435000.0,2019-20,32.0,22.0,375000.0,6.0,83.0,90.0,35.0,22.0,85.0,362500.0,556.0,338.0,78.0,660.0,0.6079,0.7482,0.8424,545000.0,54.0,173.0,16.0,38.0,28.3,12895000.0,214569000.0,5245500.0,35172850.0,362946000.0,762675865.0,6054000.0,275619179.0,848569156.0,113.0,14686526.0,45.0,12718333.0,2.5,292.0,13.83,39.1,72.4,0.45,11.7,69182.0,212994.0,,,,,,,,,,,,,,,,,,,,,,,,,,,,,,,,,,,,,,,,,,,,,,,,,,,,,,,,,,,,,,,,,,,,,,,,,,,,,,,,,,,,,,
"Indian Institute of Technology, Roorkee",IR-E-U-0560,2022,Engineering,data/raw/pdf/2022/Engineering/IR-E-U-0560.pdf,1143.0,959.0,763.0,707.0,1906,3181.0,576.0,3757.0,86.0,3671.0,0.0,155.0,1876.0,13.0,1584.0,0.0,434.0,1195.0,254.0,1449.0,84.0,1220.0,145.0,94.0,633.0,0.0,248.0,0.0,479.0,4376,830,5206,170,4891,145,249,2509,13,1832,0,913,2020-21,768.0,624.0,1672000.0,144.0,808.0,815.0,795.7,671.0,853.3,1625633.0,2020-21,88.0,81.0,2055000.0,7.0,91.0,90.0,280.0,115.2,342.2,1445600.0,856.0,705.0,151.0,905.0,0.8236,1.0,0.9459,1672000.0,2100.0,244.0,185.0,14.0,246.0,145024441.0,608429593.0,18388486.0,117272597.0,2591850680.0,862279842.0,8311115.0,1193570011.0,3290758944.0,467.0,696814372.0,2195.0,547012802.0,2.5,526.0,13.89,15.9,93.9,2.79,35.4,229268.0,632109.0,,,,,,,,,,,,,,,,,,,,,,,,,,,,,,,,,,,,,,,,,,,,,,,,,,,,,,,,,,,,,,,,,,,,,,,,,,,,,,,,,,,,,,
University of Petroleum and Energy Studies,IR-E-U-0564,2022,Engineering,data/raw/pdf/2022/Engineering/IR-E-U-0564.pdf,1260.0,850.0,170.0,135.0,1430,4606.0,1138.0,5744.0,848.0,4878.0,18.0,213.0,592.0,0.0,0.0,5.0,800.0,263.0,74.0,337.0,25.0,309.0,3.0,6.0,24.0,0.0,0.0,0.0,30.0,4869,1212,6081,873,5187,21,219,616,0,0,5,830,2020-21,1634.0,1192.0,450000.0,11.0,1745.0,2020.0,1759.3,1139.0,2143.3,433333.0,2020-21,130.0,98.0,480000.0,0.0,146.0,135.0,143.7,96.7,183.3,505000.0,1764.0,1290.0,11.0,2155.0,0.7313,0.7375,0.8186,450000.0,24.0,240.0,5.0,33.0,25.3,28544364.0,11695077.0,1492012.0,6484173.0,911524271.0,798609043.0,3036085.0,113638483.0,1843814466.0,37.0,12937473.0,184.0,15405996.0,2.5,512.0,11.92,19.9,85.3,0.35,0.1,18687.0,303209.0,,,,,,,,,,,,,,,,,,,,,,,,,,,,,,,,,,,,,,,,,,,,,,,,,,,,,,,,,,,,,,,,,,,,,,,,,,,,,,,,,,,,,,
"Indian Institute of Technology, Kharagpur",IR-E-U-0573,2022,Engineering,data/raw/pdf/2022/Engineering/IR-E-U-0573.pdf,942.0,785.0,2119.0,1207.0,3080,2334.0,400.0,2734.0,331.0,2391.0,12.0,131.0,1362.0,0.0,976.0,0.0,517.0,2169.0,497.0,2666.0,602.0,2052.0,12.0,538.0,1343.0,0.0,538.0,0.0,1343.0,4542,903,5445,944,4477,24,669,2726,0,1523,0,1872,2020-21,1001.0,269.0,1135000.0,0.0,1184.0,1207.0,678.8,344.5,965.0,1421632.0,,,,,,,,,,,,1591.0,818.0,0.0,1852.0,0.5141,0.5141,0.8591,1135000.0,2408.0,0.0,319.0,0.0,355.3,207554011.0,107954617.0,0.0,139617498.0,2540574323.0,2847234204.0,14208604.0,703051428.0,5686706536.0,966.0,797726378.0,549.0,223757314.0,2.0,754.0,10.42,16.6,82.2,0.44,28.0,129119.0,1044391.0,,,,,,,,,,,,,,,,,,,,,,,,,,19.0,15.0,25.0,6.0,31.0,10.0,21.0,0.0,0.0,11.0,0.0,3.0,0.0,8.0,2020-21,590.0,549.0,1500000.0,0.0,639.0,645.0,294.7,277.5,330.0,858833.0,0.0,12.0,14.0,0.0,14.0,1.0,13.0,0.0,0.0,10.0,0.0,6.0,0.0,4.0,2020-21,0.0,0.0,0.0,0.0,0.0,0.0,0.0,0.0,0.0,0.0,,,,,,,,,,,
Jadavpur University,IR-E-U-0575,2022,Engineering,data/raw/pdf/2022/Engineering/IR-E-U-0575.pdf,1233.0,1233.0,533.0,533.0,1766,3768.0,411.0,4179.0,3391.0,773.0,15.0,1510.0,1926.0,1386.0,1601.0,171.0,278.0,867.0,187.0,1054.0,436.0,612.0,6.0,509.0,376.0,743.0,81.0,41.0,20.0,4635,598,5233,3827,1385,21,2019,2302,2129,1682,212,298,2020-21,1184.0,981.0,975000.0,203.0,1104.0,1143.0,1025.7,860.7,1085.3,918333.0,2020-21,459.0,362.0,902000.0,97.0,496.0,533.0,434.5,365.5,522.5,856000.0,1643.0,1343.0,300.0,1676.0,0.8174,1.0,0.9803,975000.0,903.0,0.0,102.0,0.0,116.0,85320602.0,160323653.0,240592.0,13181879.0,1150929984.0,637123563.0,10116649.0,216368626.0,1627759168.0,302.0,376915680.0,5470.0,151070323.0,2.5,428.0,14.34,11.4,26.5,0.4,76.9,41347.0,311057.0,,,,,,,,,,,,,,,,,,,,,,,,,,,,,,,,,,,,,,,,,,,,,,,,,,,,,,,,,,,,,,,,,,,,,,,,,,,,,,,,,,,,,,
National Institute of Technology Durgapur,IR-E-U-0577,2022,Engineering,data/raw/pdf/2022/Engineering/IR-E-U-0577.pdf,876.0,790.0,380.0,342.0,1270,2434.0,590.0,3024.0,1368.0,1576.0,80.0,929.0,1360.0,223.0,1774.0,5.0,287.0,410.0,143.0,553.0,139.0,414.0,0.0,90.0,271.0,15.0,0.0,0.0,346.0,2873,741,3614,1526,2008,80,1029,1652,239,1793,5,644,2020-21,630.0,429.0,680000.0,183.0,633.0,647.0,680.3,500.7,738.3,705833.0,2020-21,224.0,48.0,740000.0,169.0,252.0,342.0,214.7,43.3,329.3,696667.0,854.0,477.0,352.0,989.0,0.5585,0.9707,0.8635,680000.0,352.0,307.0,72.0,24.0,95.7,79349519.0,68548409.0,0.0,11774390.0,975674199.0,436529655.0,5799121.0,134363844.0,1396329235.0,279.0,115045921.0,209.0,20142983.0,2.5,246.0,16.12,20.5,55.6,2.21,56.4,37179.0,386367.0,14.0,10.0,29.0,8.0,37.0,19.0,18.0,0.0,10.0,21.0,1.0,19.0,0.0,11.0,2020-21,0.0,0.0,0.0,0.0,0.0,0.0,0.0,0.0,0.0,0.0,,,,,,,,,,,,,,,,,,,,,,,,,,,,,,,,,,,,,,,,,,,,,,,,,,,,,,,,,,,,,
"Indian Institute of Engineering Science and Technology, Shibpur",IR-E-U-0584,2022,Engineering,data/raw/pdf/2022/Engineering/IR-E-U-0584.pdf,740.0,703.0,426.0,384.0,1166,1819.0,417.0,2236.0,1050.0,1161.0,25.0,606.0,1178.0,1032.0,0.0,17.0,735.0,497.0,83.0,580.0,287.0,291.0,2.0,47.0,244.0,115.0,0.0,0.0,176.0,2316,500,2816,1337,1452,27,653,1422,1147,0,17,911,2020-21,490.0,335.0,720000.0,91.0,560.0,566.0,495.7,348.7,589.7,690000.0,2020-21,13.0,5.0,736000.0,6.0,13.0,13.0,98.2,23.0,150.6,699200.0,503.0,340.0,97.0,579.0,0.6759,0.8688,0.8687,720000.0,797.0,0.0,116.0,0.0,92.7,30951078.0,52998847.0,0.0,6332983.0,907904423.0,304098761.0,1172909.0,175147125.0,1204670900.0,172.0,149572266.0,245.0,57667460.0,2.5,255.0,14.17,17.8,51.6,0.96,41.3,62197.0,427795.0,,,,,,,,,,,,,,,,,,,,,,,,,,,,,,,,,,,,,,,,,,,,,,,,,,,,,,,,,,,,,,,,,,,,,,,,,,,,,,,,,,,,,,
"Amity University, Gwalior",IR-E-U-0604,2022,Engineering,data/raw/pdf/2022/Engineering/IR-E-U-0604.pdf,225.0,150.0,5.0,5.0,230,418.0,155.0,573.0,458.0,115.0,0.0,0.0,115.0,2.0,10.0,0.0,103.0,0.0,3.0,3.0,3.0,0.0,0.0,0.0,1.0,0.0,0.0,0.0,1.0,418,158,576,461,115,0,0,116,2,10,0,104,2020-21,120.0,91.0,400000.0,27.0,120.0,160.0,184.0,131.7,208.3,351000.0,2020-21,0.0,0.0,0.0,0.0,0.0,5.0,1.7,0.7,6.7,91667.0,120.0,91.0,27.0,165.0,0.7583,0.9833,0.7273,400000.0,31.0,84.0,0.0,1.0,3.7,235067.0,94754.0,0.0,4206049.0,54007702.0,11142841.0,78564.0,11609825.0,72521762.0,11.0,2128033.0,11.0,3294759.0,2.5,68.0,8.93,27.4,20.0,0.0,2.1,20156.0,125906.0,,,,,,,,,,,,,,,,,,,,,,,,,,,,,,,,,,,,,,,,,,,,,,,,,,,,,,,,,,,,,,,,,,,,,,,,,,,,,,,,,,,,,,
National Institute of Technology Manipur,IR-E-U-0613,2022,Engineering,data/raw/pdf/2022/Engineering/IR-E-U-0613.pdf,180.0,180.0,75.0,75.0,255,532.0,110.0,642.0,293.0,349.0,0.0,335.0,303.0,235.0,285.0,0.0,118.0,78.0,32.0,110.0,92.0,18.0,0.0,7.0,80.0,26.0,0.0,0.0,61.0,610,142,752,385,367,0,342,383,261,285,0,179,2020-21,135.0,82.0,640000.0,6.0,152.0,180.0,128.3,59.7,180.0,596667.0,2020-21,43.0,8.0,600000.0,7.0,43.0,75.0,61.0,5.3,98.3,433333.0,178.0,90.0,13.0,255.0,0.5056,0.5787,0.698,640000.0,135.0,25.0,16.0,3.0,14.0,5608076.0,19508137.0,1172648.0,7473768.0,150481766.0,42148588.0,1512904.0,56772287.0,187608810.0,69.0,12141517.0,32.0,867044.0,2.5,73.0,12.15,18.9,48.8,0.0,72.6,75495.0,249480.0,,,,,,,,,,,,,,,,,,,,,,,,,,,,,,,,,,,,,,,,,,,,,,,,,,,,,,,,,,,,,,,,,,,,,,,,,,,,,,,,,,,,,,
National Institute of Technology Sikkim,IR-E-U-0614,2022,Engineering,data/raw/pdf/2022/Engineering/IR-E-U-0614.pdf,160.0,160.0,57.0,57.0,217,548.0,121.0,669.0,214.0,454.0,1.0,161.0,390.0,522.0,0.0,0.0,29.0,37.0,10.0,47.0,2.0,45.0,0.0,4.0,24.0,14.0,0.0,0.0,14.0,585,131,716,216,499,1,165,414,536,0,0,43,2020-21,172.0,103.0,711000.0,10.0,192.0,215.0,131.0,74.7,203.3,587000.0,2019-20,17.0,8.0,850000.0,9.0,23.0,57.0,17.5,6.0,51.0,725000.0,189.0,111.0,19.0,272.0,0.5873,0.6878,0.6949,711000.0,47.0,17.0,0.0,6.0,2.3,2316202.0,13897215.0,6948606.0,42269623.0,103573619.0,46894632.0,2472610.0,131966962.0,164200431.0,22.0,4261295.0,4.0,150000.0,1.5,107.0,7.13,18.3,69.7,0.14,74.9,184311.0,229330.0,,,,,,,,,,,,,,,,,,,,,,,,,,,,,,,,,,,,,,,,,,,,,,,,,,,,,,,,,,,,,,,,,,,,,,,,,,,,,,,,,,,,,,
National Institute of Technology Arunachal Pradesh,IR-E-U-0615,2022,Engineering,data/raw/pdf/2022/Engineering/IR-E-U-0615.pdf,190.0,190.0,90.0,80.0,280,499.0,102.0,601.0,227.0,374.0,0.0,75.0,466.0,146.0,350.0,4.0,41.0,68.0,20.0,88.0,10.0,78.0,0.0,19.0,49.0,27.0,20.0,0.0,21.0,567,122,689,237,452,0,94,515,173,370,4,62,2020-21,124.0,62.0,650000.0,21.0,147.0,210.0,130.0,74.7,210.0,561667.0,2019-20,26.0,7.0,940000.0,19.0,28.0,100.0,40.0,11.5,120.0,690000.0,150.0,69.0,40.0,310.0,0.46,0.7267,0.4839,650000.0,77.0,91.0,6.0,6.0,9.0,9028061.0,36932682.0,3641210.0,18288883.0,198025630.0,19037149.0,12323850.0,80934819.0,236046250.0,115.0,24091206.0,12.0,273172.0,2.5,86.0,8.91,17.7,65.6,0.0,79.4,117467.0,342593.0,,,,,,,,,,,,,,,,,,,,,,,,,,,,,,,,,,,,,,,,,,,,,,,,,,,,,,,,,,,,,,,,,,,,,,,,,,,,,,,,,,,,,,
National Institute of Technology Uttarakhand,IR-E-U-0616,2022,Engineering,data/raw/pdf/2022/Engineering/IR-E-U-0616.pdf,100.0,100.0,95.0,95.0,195,500.0,96.0,596.0,295.0,299.0,2.0,131.0,395.0,2.0,427.0,0.0,97.0,73.0,16.0,89.0,11.0,78.0,0.0,0.0,39.0,0.0,0.0,0.0,39.0,573,112,685,306,377,2,131,434,2,427,0,136,2020-21,259.0,111.0,600000.0,24.0,275.0,300.0,229.7,103.0,300.0,626667.0,2020-21,34.0,3.0,600000.0,6.0,41.0,95.0,38.7,1.7,81.7,408333.0,293.0,114.0,30.0,395.0,0.3891,0.4915,0.7418,600000.0,73.0,70.0,1.0,0.0,1.7,13515521.0,6643460.0,0.0,27252090.0,160752560.0,4192729.0,122032.0,25048490.0,152680845.0,24.0,6083507.0,19.0,819551.0,1.5,74.0,10.24,16.4,55.0,0.29,62.6,36567.0,222892.0,,,,,,,,,,,,,,,,,,,,,,,,,,,,,,,,,,,,,,,,,,,,,,,,,,,,,,,,,,,,,,,,,,,,,,,,,,,,,,,,,,,,,,
National Institute of Technology Meghalaya,IR-E-U-0619,2022,Engineering,data/raw/pdf/2022/Engineering/IR-E-U-0619.pdf,153.0,150.0,100.0,100.0,253,475.0,133.0,608.0,294.0,290.0,24.0,108.0,437.0,8.0,458.0,0.0,79.0,75.0,14.0,89.0,8.0,76.0,5.0,27.0,39.0,0.0,27.0,0.0,39.0,550,147,697,302,366,29,135,476,8,485,0,118,2020-21,124.0,108.0,650000.0,10.0,129.0,150.0,120.7,105.7,150.0,550000.0,2020-21,37.0,10.0,625000.0,20.0,40.0,100.0,50.0,13.3,91.7,541667.0,161.0,118.0,30.0,250.0,0.7329,0.9193,0.644,650000.0,103.0,59.0,13.0,5.0,11.3,17307424.0,45716428.0,2881725.0,20310423.0,173748574.0,963511.0,3200000.0,77832476.0,181552815.0,62.0,17731043.0,136.0,8070038.0,2.5,85.0,9.41,21.1,52.5,4.16,70.7,111668.0,260477.0,,,,,,,,,,,,,,,,,,,,,,,,,,,,,,,,,,,,,,,,,,,,,,,,,,,,,,,,,,,,,,,,,,,,,,,,,,,,,,,,,,,,,,
National Institute of Technology Goa,IR-E-U-0620,2022,Engineering,data/raw/pdf/2022/Engineering/IR-E-U-0620.pdf,188.0,188.0,68.0,60.0,256,464.0,106.0,570.0,172.0,374.0,24.0,41.0,292.0,187.0,0.0,0.0,146.0,100.0,25.0,125.0,5.0,120.0,0.0,0.0,74.0,26.0,0.0,0.0,48.0,564,131,695,177,494,24,41,366,213,0,0,194,2020-21,77.0,57.0,650000.0,13.0,86.0,104.0,70.7,56.0,104.0,646667.0,2020-21,45.0,31.0,750000.0,5.0,59.0,60.0,40.3,27.0,60.0,623333.0,122.0,88.0,18.0,164.0,0.7213,0.8689,0.7439,650000.0,61.0,21.0,16.0,0.0,8.3,704732.0,6680646.0,3315249.0,3628365.0,119987409.0,81361074.0,511872.0,22930320.0,200367033.0,101.0,13524149.0,0.0,0.0,2.5,51.0,14.82,18.8,71.1,3.45,30.6,32993.0,288298.0,,,,,,,,,,,,,,,,,,,,,,,,,,,,,,,,,,,,,,,,,,,,,,,,,,,,,,,,,,,,,,,,,,,,,,,,,,,,,,,,,,,,,,
National Institute of Technology Puducherry,IR-E-U-0621,2022,Engineering,data/raw/pdf/2022/Engineering/IR-E-U-0621.pdf,240.0,240.0,35.0,35.0,275,740.0,226.0,966.0,304.0,594.0,68.0,382.0,369.0,134.0,606.0,10.0,1.0,26.0,29.0,55.0,0.0,55.0,0.0,0.0,34.0,0.0,9.0,0.0,25.0,766,255,1021,304,649,68,382,403,134,615,10,26,2020-21,225.0,98.0,600000.0,25.0,227.0,240.0,142.0,76.0,160.0,600000.0,2019-20,24.0,5.0,620000.0,6.0,24.0,35.0,16.0,6.0,25.0,635000.0,249.0,103.0,31.0,275.0,0.4137,0.5382,0.9055,600000.0,87.0,39.0,2.0,2.0,3.0,4841890.0,25568485.0,273724.0,37760258.0,108894379.0,34742131.0,903770.0,49308960.0,123252993.0,39.0,7002683.0,21.0,424480.0,2.5,71.0,15.61,25.0,63.6,6.66,74.3,48295.0,120718.0,,,,,,,,,,,,,,,,,,,,,,,,,,,,,,,,,,,,,,,,,,,,,,,,,,,,,,,,,,,,,,,,,,,,,,,,,,,,,,,,,,,,,,
National Institute of Technology Delhi,IR-E-U-0622,2022,Engineering,data/raw/pdf/2022/Engineering/IR-E-U-0622.pdf,182.0,209.0,75.0,75.0,257,544.0,106.0,650.0,258.0,365.0,27.0,117.0,356.0,0.0,0.0,0.0,473.0,84.0,22.0,106.0,11.0,95.0,0.0,0.0,54.0,0.0,0.0,0.0,54.0,628,128,756,269,460,27,117,410,0,0,0,527,2020-21,146.0,96.0,800000.0,2.0,170.0,207.0,126.7,84.0,207.0,754333.0,2019-20,42.0,9.0,600000.0,1.0,56.0,102.0,42.0,6.5,102.0,645000.0,188.0,105.0,3.0,309.0,0.5585,0.5745,0.6084,800000.0,49.0,12.0,6.0,1.0,7.0,9386670.0,68490.0,0.0,220591.0,104235579.0,91007700.0,2950.0,10004768.0,157639317.0,46.0,10840174.0,2.0,27533.0,2.5,41.0,19.63,16.9,60.8,3.57,0.0,13234.0,208518.0,,,,,,,,,,,,,,,,,,,,,,,,,,,,,,,,,,,,,,,,,,,,,,,,,,,,,,,,,,,,,,,,,,,,,,,,,,,,,,,,,,,,,,
Galgotias University,IR-E-U-0643,2022,Engineering,data/raw/pdf/2022/Engineering/IR-E-U-0643.pdf,1054.0,1054.0,66.0,38.0,1120,3446.0,1041.0,4487.0,2231.0,2149.0,107.0,317.0,1973.0,1148.0,172.0,38.0,932.0,60.0,32.0,92.0,61.0,23.0,8.0,13.0,34.0,32.0,12.0,3.0,0.0,3506,1073,4579,2292,2172,115,330,2007,1180,184,41,932,2020-21,1312.0,920.0,365000.0,64.0,1316.0,1530.0,1382.3,903.3,1528.0,345000.0,2020-21,33.0,29.0,300000.0,2.0,38.0,38.0,46.7,42.3,49.0,343000.0,1345.0,949.0,66.0,1568.0,0.7056,0.7546,0.8578,365000.0,55.0,155.0,2.0,6.0,5.3,6313961.0,26004456.0,7186602.0,45640811.0,294862576.0,156334035.0,4185986.0,66498292.0,511902384.0,51.0,7095000.0,58.0,11383233.0,2.5,370.0,12.52,23.4,47.4,2.51,30.7,14522.0,111793.0,,,,,,,,,,,,,,,,,,,,,,,,,,,,,,,,,,,,,,,,,,,,,,,,,,,,,,,,,,,,,,,,,,,,,,,,,,,,,,,,,,,,,,
Indira Gandhi Delhi Technical University for Women,IR-E-U-0685,2022,Engineering,data/raw/pdf/2022/Engineering/IR-E-U-0685.pdf,692.0,469.0,111.0,111.0,803,0.0,1784.0,1784.0,1510.0,274.0,0.0,98.0,751.0,95.0,0.0,0.0,754.0,0.0,128.0,128.0,92.0,36.0,0.0,2.0,26.0,1.0,0.0,0.0,27.0,0,1912,1912,1602,310,0,100,777,96,0,0,781,2020-21,336.0,279.0,1500000.0,48.0,357.0,382.0,304.7,256.7,348.3,1083333.0,2020-21,60.0,25.0,1000000.0,28.0,62.0,111.0,66.3,21.0,122.3,958333.0,396.0,304.0,76.0,493.0,0.7677,0.9596,0.8032,1500000.0,93.0,52.0,9.0,4.0,8.7,9618806.0,14809547.0,916682.0,13539396.0,252517718.0,100693903.0,4162291.0,39340193.0,284609195.0,12.0,49673736.0,9.0,1264028.0,2.0,152.0,13.19,100.0,16.2,0.0,5.0,20575.0,148854.0,,,,,,,,,,,,,,,,,,,,,,,,,,,,,,,,,,,,,,,,,,,,,,,,,,,,,,,,,,,,,,,,,,,,,,,,,,,,,,,,,,,,,,
Indian Institute of Technology (Banaras Hindu University) Varanasi,IR-E-U-0701,2022,Engineering,data/raw/pdf/2022/Engineering/IR-E-U-0701.pdf,1163.0,1012.0,555.0,534.0,2118,3157.0,548.0,3705.0,948.0,2757.0,0.0,821.0,1664.0,732.0,1403.0,350.0,0.0,756.0,149.0,905.0,341.0,559.0,5.0,236.0,461.0,0.0,697.0,0.0,0.0,5138,903,6041,1668,4368,5,1373,2769,846,2924,372,0,2020-21,765.0,694.0,1600000.0,41.0,788.0,815.0,756.7,691.0,815.0,1436000.0,2020-21,369.0,268.0,1600000.0,83.0,459.0,534.0,304.7,217.7,467.3,1305667.0,1385.0,1179.0,139.0,1624.0,0.8513,0.9516,0.8528,1600000.0,1152.0,6.0,112.0,0.0,92.7,71962850.0,130379048.0,6874261.0,83421197.0,1628336785.0,1055600447.0,6996396.0,260657777.0,2807412231.0,567.0,268999622.0,2876.0,132456792.0,2.5,351.0,20.49,14.9,72.3,0.08,68.6,43148.0,464726.0,400.0,334.0,1225.0,206.0,1431.0,379.0,1052.0,0.0,316.0,644.0,114.0,824.0,22.0,0.0,2020-21,251.0,217.0,1600000.0,15.0,266.0,275.0,248.5,219.0,275.0,1475000.0,,,,,,,,,,,,,,,,,,,,,,,,,,,,,,,,,,,,,,,,,,,,,,,,,,,,,,,,,,,,,
PES University,IR-E-U-0733,2022,Engineering,data/raw/pdf/2022/Engineering/IR-E-U-0733.pdf,1560.0,1440.0,168.0,144.0,1728,3934.0,1803.0,5737.0,4602.0,1052.0,83.0,485.0,1197.0,456.0,282.0,19.0,925.0,135.0,120.0,255.0,201.0,54.0,0.0,68.0,55.0,38.0,17.0,0.0,68.0,4069,1923,5992,4803,1106,83,553,1252,494,299,19,993,2020-21,1250.0,1088.0,730000.0,134.0,1239.0,1320.0,1138.7,961.0,1220.0,700000.0,2020-21,112.0,88.0,420000.0,0.0,136.0,144.0,105.7,77.7,144.0,400000.0,1362.0,1176.0,134.0,1464.0,0.8634,0.9618,0.9303,730000.0,40.0,22.0,1.0,4.0,2.7,11293938.0,31688110.0,12621009.0,202406604.0,371110830.0,423598574.0,16644541.0,254300392.0,900650760.0,24.0,10346715.0,82.0,22654997.0,2.5,347.0,17.38,32.1,18.5,1.39,13.6,42440.0,150309.0,,,,,,,,,,,,,,,,,,,,,,,,,,,,,,,,,,,,,,,,,,,,,,,,,,,,,,,,,,,,,,,,,,,,,,,,,,,,,,,,,,,,,,
Chandigarh University,IR-E-U-0747,2022,Engineering,data/raw/pdf/2022/Engineering/IR-E-U-0747.pdf,3240.0,3240.0,162.0,162.0,3402,6411.0,6573.0,12984.0,393.0,11604.0,987.0,2298.0,2487.0,754.0,3278.0,6.0,747.0,146.0,173.0,319.0,15.0,214.0,90.0,21.0,39.0,17.0,36.0,0.0,7.0,6557,6746,13303,408,11818,1077,2319,2526,771,3314,6,754,2020-21,2891.0,1325.0,660000.0,620.0,3211.0,3240.0,2889.3,1066.7,3180.0,530000.0,2020-21,146.0,97.0,600000.0,49.0,158.0,162.0,150.3,110.7,192.0,579000.0,3037.0,1422.0,669.0,3402.0,0.4682,0.6885,0.8927,660000.0,468.0,141.0,77.0,36.0,60.3,33510592.0,246883488.0,12110922.0,479092458.0,1552262256.0,869928498.0,74133169.0,744463477.0,2361088955.0,88.0,27415139.0,129.0,42408620.0,2.5,1002.0,13.74,50.7,88.8,8.1,30.8,55962.0,177485.0,,,,,,,,,,,,,,,,,,,,,,,,,,,,,,,,,,,,,,,,,,,,,,,,,,,,,,,,,,,,,,,,,,,,,,,,,,,,,,,,,,,,,,
"Manipal University, Jaipur",IR-E-U-0749,2022,Engineering,data/raw/pdf/2022/Engineering/IR-E-U-0749.pdf,1760.0,1320.0,50.0,40.0,1810,4015.0,941.0,4956.0,733.0,4137.0,86.0,22.0,199.0,0.0,54.0,0.0,167.0,27.0,12.0,39.0,17.0,22.0,0.0,1.0,0.0,0.0,1.0,0.0,0.0,4042,953,4995,750,4159,86,23,199,0,55,0,167,2020-21,1209.0,1031.0,450000.0,146.0,1196.0,1320.0,1091.0,811.3,1223.3,437333.0,2020-21,8.0,2.0,600000.0,0.0,11.0,40.0,13.7,3.3,25.0,600000.0,1217.0,1033.0,146.0,1360.0,0.8488,0.9688,0.8949,450000.0,58.0,193.0,5.0,17.0,16.7,1320004.0,6132209.0,0.0,12996852.0,438901151.0,539247617.0,14257807.0,56643060.0,897396983.0,26.0,9949473.0,10.0,2344508.0,2.5,390.0,12.96,19.1,83.3,1.72,1.1,11340.0,179659.0,,,,,,,,,,,,,,,,,,,,,,,,,,,,,,,,,,,,,,,,,,,,,,,,,,,,,,,,,,,,,,,,,,,,,,,,,,,,,,,,,,,,,,
Institute of Infrastructure Technology Research and Management (IITRAM),IR-E-U-0765,2022,Engineering,data/raw/pdf/2022/Engineering/IR-E-U-0765.pdf,228.0,228.0,55.0,45.0,283,590.0,52.0,642.0,372.0,270.0,0.0,31.0,246.0,45.0,0.0,0.0,232.0,51.0,10.0,61.0,54.0,7.0,0.0,7.0,21.0,0.0,0.0,0.0,28.0,641,62,703,426,277,0,38,267,45,0,0,260,2020-21,178.0,36.0,336000.0,27.0,184.0,180.0,154.7,37.7,170.0,320333.0,2019-20,16.0,3.0,240000.0,1.0,24.0,30.0,19.5,4.5,30.0,240000.0,194.0,39.0,28.0,210.0,0.201,0.3454,0.9238,336000.0,53.0,19.0,4.0,1.0,2.7,223679.0,1391098.0,0.0,39576.0,103145735.0,52425453.0,111825.0,24797417.0,174357684.0,23.0,6311780.0,2643.0,10048531.0,2.5,60.0,12.6,8.8,39.4,0.0,6.4,35274.0,248019.0,,,,,,,,,,,,,,,,,,,,,,,,,,,,,,,,,,,,,,,,,,,,,,,,,,,,,,,,,,,,,,,,,,,,,,,,,,,,,,,,,,,,,,
DIT University,IR-E-U-0774,2022,Engineering,data/raw/pdf/2022/Engineering/IR-E-U-0774.pdf,780.0,780.0,30.0,40.0,810,2243.0,961.0,3204.0,1212.0,1957.0,35.0,87.0,91.0,38.0,97.0,0.0,43.0,13.0,23.0,36.0,13.0,22.0,1.0,2.0,5.0,1.0,2.0,0.0,4.0,2256,984,3240,1225,1979,36,89,96,39,99,0,47,2020-21,920.0,710.0,450000.0,141.0,953.0,990.0,1013.7,678.3,1130.0,408333.0,2020-21,15.0,11.0,400000.0,4.0,15.0,40.0,24.7,15.0,46.7,380000.0,935.0,721.0,145.0,1030.0,0.7711,0.9262,0.9078,450000.0,48.0,89.0,5.0,8.0,13.3,1924823.0,13867290.0,1371490.0,9134940.0,282895109.0,442427308.0,157771.0,45363951.0,691321132.0,28.0,3448592.0,22.0,1064227.0,2.5,225.0,14.61,30.4,61.1,1.11,4.3,14001.0,213371.0,,,,,,,,,,,,,,,,,,,,,,,,,,,,,,,,,,,,,,,,,,,,,,,,,,,,,,,,,,,,,,,,,,,,,,,,,,,,,,,,,,,,,,
Indian Institute of Information Technology Guwahati,IR-E-U-0795,2022,Engineering,data/raw/pdf/2022/Engineering/IR-E-U-0795.pdf,241.0,233.0,60.0,60.0,301,592.0,82.0,674.0,21.0,653.0,0.0,0.0,332.0,33.0,0.0,0.0,299.0,31.0,30.0,61.0,36.0,24.0,1.0,0.0,13.0,0.0,0.0,0.0,13.0,623,112,735,57,677,1,0,345,33,0,0,312,2020-21,75.0,49.0,900000.0,7.0,79.0,80.0,61.3,39.3,66.7,683333.0,2020-21,22.0,5.0,420000.0,9.0,22.0,60.0,16.0,5.0,40.0,356667.0,97.0,54.0,16.0,140.0,0.5567,0.7216,0.6929,900000.0,39.0,48.0,5.0,0.0,2.0,1144508.0,24104645.0,0.0,27243472.0,101603140.0,1576466.0,0.0,56627110.0,109221025.0,56.0,6769898.0,16.0,2308667.0,2.5,49.0,15.8,15.2,92.1,0.14,4.5,77044.0,148600.0,,,,,,,,,,,,,,,,,,,,,,,,,,,,,,,,,,,,,,,,,,,,,,,,,,,,,,,,,,,,,,,,,,,,,,,,,,,,,,,,,,,,,,
"Indian Institute of Technology, Tirupati",IR-E-U-0844,2022,Engineering,data/raw/pdf/2022/Engineering/IR-E-U-0844.pdf,237.0,203.0,81.0,79.0,318,610.0,131.0,741.0,243.0,498.0,0.0,44.0,370.0,0.0,384.0,0.0,30.0,129.0,31.0,160.0,51.0,108.0,1.0,17.0,80.0,0.0,0.0,0.0,97.0,739,162,901,294,606,1,61,450,0,384,0,127,2020-21,105.0,65.0,900000.0,18.0,111.0,120.0,104.0,72.0,120.0,920000.0,2020-21,51.0,31.0,875000.0,6.0,52.0,79.0,32.7,20.7,45.0,591667.0,156.0,96.0,24.0,199.0,0.6154,0.7692,0.7839,900000.0,112.0,0.0,1.0,0.0,0.3,21959668.0,54316048.0,206665.0,78956097.0,325593562.0,216413461.0,315000.0,273505788.0,480788960.0,44.0,31530252.0,62.0,10353282.0,2.5,107.0,9.47,18.0,67.3,0.11,42.6,303558.0,533617.0,,,,,,,,,,,,,,,,,,,,,,,,,,,,,,,,,,,,,,,,,,,,,,,,,,,,,,,,,,,,,,,,,,,,,,,,,,,,,,,,,,,,,,
KLE Technological University,IR-E-U-0854,2022,Engineering,data/raw/pdf/2022/Engineering/IR-E-U-0854.pdf,1260.0,1200.0,132.0,150.0,1472,3308.0,1586.0,4894.0,4459.0,435.0,0.0,894.0,1380.0,380.0,0.0,30.0,1864.0,89.0,81.0,170.0,166.0,4.0,0.0,57.0,31.0,19.0,0.0,0.0,69.0,3523,1875,5398,4944,454,0,1055,1502,422,0,30,2105,2020-21,1193.0,742.0,450000.0,27.0,1055.0,1080.0,1133.7,718.3,1060.0,466000.0,2020-21,79.0,51.0,450000.0,1.0,81.0,150.0,85.3,50.7,150.0,425833.0,1323.0,838.0,30.0,1290.0,0.6334,0.6561,1.0256,450000.0,10.0,91.0,0.0,7.0,10.3,4289494.0,27071789.0,4154660.0,12482452.0,407745345.0,131410389.0,2089038.0,65389028.0,556546494.0,21.0,15283000.0,66.0,3223942.0,2.5,341.0,15.86,34.7,8.4,0.0,8.4,12114.0,103102.0,80.0,80.0,126.0,208.0,334.0,319.0,15.0,0.0,104.0,91.0,23.0,0.0,0.0,172.0,2020-21,51.0,45.0,350000.0,2.0,58.0,60.0,51.5,39.5,60.0,345000.0,,,,,,,,,,,,,,,,,,,,,,,,,,,,,,,,,,,,,,,,,,,,,,,,,,,,,,,,,,,,,
Indian Institute of Technology Palakkad,IR-E-U-0878,2022,Engineering,data/raw/pdf/2022/Engineering/IR-E-U-0878.pdf,188.0,181.0,100.0,39.0,288,402.0,86.0,488.0,87.0,401.0,0.0,38.0,241.0,0.0,261.0,0.0,18.0,134.0,48.0,182.0,50.0,128.0,4.0,17.0,75.0,0.0,20.0,0.0,72.0,536,134,670,137,529,4,55,316,0,281,0,90,2020-21,115.0,75.0,900000.0,14.0,116.0,120.0,107.3,68.7,120.0,850000.0,2020-21,33.0,15.0,650000.0,8.0,33.0,39.0,13.7,5.0,16.0,216667.0,148.0,90.0,22.0,159.0,0.6081,0.7568,0.9308,900000.0,89.0,12.0,1.0,0.0,0.3,24805971.0,98685233.0,70160651.0,38274120.0,238733676.0,64320202.0,981339.0,232353093.0,236932824.0,50.0,27887555.0,27.0,2091299.0,2.5,101.0,7.51,20.0,79.0,0.6,41.9,346796.0,353631.0,,,,,,,,,,,,,,,,,,,,,,,,,,,,,,,,,,,,,,,,,,,,,,,,,,,,,,,,,,,,,,,,,,,,,,,,,,,,,,,,,,,,,,
Dr. Vishwanath Karad MIT World Peace University,IR-E-U-0938,2022,Engineering,data/raw/pdf/2022/Engineering/IR-E-U-0938.pdf,1320.0,1320.0,258.0,258.0,1578,4169.0,978.0,5147.0,3791.0,1229.0,127.0,0.0,1095.0,0.0,301.0,0.0,794.0,242.0,105.0,347.0,217.0,127.0,3.0,0.0,110.0,0.0,0.0,0.0,110.0,4411,1083,5494,4008,1356,130,0,1205,0,301,0,904,2020-21,1383.0,858.0,450000.0,308.0,1298.0,1320.0,1325.7,937.7,1300.0,425000.0,2019-20,137.0,84.0,350000.0,1.0,146.0,252.0,130.5,93.5,252.0,360000.0,1520.0,942.0,309.0,1572.0,0.6197,0.823,0.9669,450000.0,183.0,0.0,6.0,0.0,2.3,3558325.0,35538496.0,0.0,11157180.0,768710037.0,534110046.0,4450613.0,78097116.0,1185626548.0,50.0,40640459.0,35.0,4768099.0,2.5,426.0,13.33,19.7,24.7,2.37,5.5,14215.0,215804.0,,,,,,,,,,,,,,,,,,,,,,,,,,,,,,,,,,,,,,,,,,,,,,,,,,,,,,,,,,,,,,,,,,,,,,,,,,,,,,,,,,,,,,
Mahindra University,IR-E-U-1119,2022,Engineering,data/raw/pdf/2022/Engineering/IR-E-U-1119.pdf,643.0,276.0,,,643,984.0,344.0,1328.0,906.0,385.0,37.0,20.0,244.0,2.0,0.0,0.0,262.0,,,,,,,,,,,,,984,344,1328,906,385,37,20,244,2,0,0,262,2020-21,218.0,135.0,650000.0,71.0,219.0,240.0,223.7,140.0,240.0,641667.0,,,,,,,,,,,,218.0,135.0,71.0,240.0,0.6193,0.945,0.9083,650000.0,40.0,0.0,0.0,0.0,0.0,11864000.0,24530000.0,6629000.0,13908000.0,236581000.0,139123811.0,4123000.0,62998000.0,390505937.0,19.0,18490333.0,22.0,2413455.0,2.5,96.0,14.25,25.9,29.0,2.79,0.2,47438.0,294056.0,,,,,,,,,,,,,,,,,,,,,,,,,,,,,,,,,,,,,,,,,,,,,,,,,,,,,,,,,,,,,,,,,,,,,,,,,,,,,,,,,,,,,,
R.V. College of Engineering,IR-E-C-1269,2023,Engineering,data/raw/pdf/2023/Engineering/IR-E-C-1269.pdf,1120.0,1060.0,324.0,324.0,1444,3698.0,1155.0,4853.0,3383.0,1452.0,18.0,258.0,1007.0,889.0,74.0,175.0,127.0,323.0,215.0,538.0,508.0,30.0,0.0,20.0,206.0,198.0,0.0,10.0,18.0,4021,1370,5391,3891,1482,18,278,1213,1087,74,185,145,2021-22,1062.0,791.0,850000.0,80.0,1057.0,1060.0,1081.7,731.7,1060.0,833333.0,2021-22,284.0,211.0,600000.0,4.0,297.0,324.0,268.0,192.0,348.0,637333.0,1346.0,1002.0,84.0,1384.0,0.7444,0.8068,0.9725,850000.0,29.0,379.0,11.0,67.0,47.7,2365575.0,41486927.0,10567813.0,41226356.0,598388622.0,203198409.0,2478923.0,68814639.0,762090474.0,122.0,15952994.0,121.0,17829051.0,2.5,377.0,14.38,25.4,27.5,0.33,25.0,12765.0,141363.0,,,,,,,,,,,,,,,,,,,,,,,,,,,,,,,,,,,,,,,,,,,,,,,,,,,,,,,,,,,,,,,,,,,,,,,,,,,,,,,,,,,,,,
M. S. Ramaiah Institute of Technology,IR-E-C-1331,2023,Engineering,data/raw/pdf/2023/Engineering/IR-E-C-1331.pdf,1260.0,1080.0,264.0,264.0,1524,2814.0,1507.0,4321.0,2663.0,1493.0,165.0,331.0,705.0,872.0,50.0,0.0,114.0,225.0,201.0,426.0,394.0,32.0,0.0,78.0,80.0,147.0,0.0,0.0,11.0,3039,1708,4747,3057,1525,165,409,785,1019,50,0,125,2021-22,1124.0,897.0,615000.0,140.0,1069.0,1080.0,1122.0,867.7,1080.0,555000.0,2020-21,177.0,136.0,550000.0,8.0,208.0,264.0,179.0,143.5,264.0,525000.0,1301.0,1033.0,148.0,1344.0,0.794,0.9078,0.968,615000.0,69.0,278.0,8.0,31.0,41.3,7142765.0,59476057.0,15451631.0,14953074.0,687852978.0,240419708.0,3638103.0,91824222.0,870682644.0,86.0,20972783.0,91.0,9871643.0,2.5,394.0,12.22,36.0,32.1,3.48,22.5,19344.0,183417.0,,,,,,,,,,,,,,,,,,,,,,,,,,,,,,,,,,,,,,,,,,,,,,,,,,,,,,,,,,,,,,,,,,,,,,,,,,,,,,,,,,,,,,
Sri Sivasubramaniya Nadar College of Engineering,IR-E-C-16604,2023,Engineering,data/raw/pdf/2023/Engineering/IR-E-C-16604.pdf,780.0,780.0,180.0,180.0,960,2422.0,1284.0,3706.0,3141.0,520.0,45.0,667.0,1121.0,414.0,511.0,164.0,699.0,47.0,49.0,96.0,91.0,5.0,0.0,58.0,28.0,10.0,13.0,3.0,60.0,2469,1333,3802,3232,525,45,725,1149,424,524,167,759,2021-22,1083.0,905.0,760000.0,98.0,1025.0,960.0,934.7,776.0,880.0,603333.0,2021-22,44.0,36.0,600000.0,7.0,50.0,180.0,56.3,44.7,192.0,503333.0,1127.0,941.0,105.0,1140.0,0.835,0.9281,0.9886,760000.0,234.0,249.0,62.0,26.0,73.7,6454349.0,27910253.0,1910329.0,66125402.0,686265057.0,388490704.0,6515396.0,69038935.0,1066226245.0,97.0,53632596.0,105.0,12005587.0,2.5,273.0,14.78,35.1,13.8,1.18,29.3,18159.0,280438.0,,,,,,,,,,,,,,,,,,,,,,,,,,,,,,,,,,,,,,,,,,,,,,,,,,,,,,,,,,,,,,,,,,,,,,,,,,,,,,,,,,,,,,
Rajalakshmi Engineering College,IR-E-C-16626,2023,Engineering,data/raw/pdf/2023/Engineering/IR-E-C-16626.pdf,1890.0,1830.0,120.0,120.0,2010,4163.0,3114.0,7277.0,5444.0,1762.0,71.0,829.0,4198.0,578.0,3509.0,392.0,548.0,90.0,139.0,229.0,167.0,62.0,0.0,58.0,163.0,61.0,106.0,4.0,50.0,4253,3253,7506,5611,1824,71,887,4361,639,3615,396,598,2021-22,1793.0,1444.0,456000.0,289.0,1775.0,1800.0,1710.7,1289.7,1720.0,440333.0,2020-21,113.0,110.0,415000.0,2.0,114.0,120.0,108.0,103.5,120.0,407500.0,1906.0,1554.0,291.0,1920.0,0.8153,0.968,0.9927,456000.0,83.0,195.0,9.0,18.0,48.0,11240022.0,47691200.0,8265008.0,304172290.0,652809400.0,416817826.0,21938607.0,292149174.0,916390578.0,55.0,73450500.0,128.0,35674669.0,2.5,507.0,14.97,43.3,24.3,0.95,62.0,38922.0,122088.0,,,,,,,,,,,,,,,,,,,,,,,,,,,,,,,,,,,,,,,,,,,,,,,,,,,,,,,,,,,,,,,,,,,,,,,,,,,,,,,,,,,,,,
SR University,IR-E-C-19754,2023,Engineering,data/raw/pdf/2023/Engineering/IR-E-C-19754.pdf,1080.0,1080.0,96.0,150.0,1176,1836.0,1764.0,3600.0,2658.0,937.0,5.0,612.0,2358.0,1728.0,531.0,36.0,675.0,103.0,117.0,220.0,166.0,54.0,0.0,40.0,90.0,73.0,17.0,5.0,35.0,1939,1881,3820,2824,991,5,652,2448,1801,548,41,710,2021-22,616.0,495.0,480000.0,65.0,719.0,720.0,618.0,398.7,720.0,422000.0,2021-22,108.0,72.0,450000.0,11.0,129.0,150.0,98.7,58.7,134.0,413333.0,724.0,567.0,76.0,870.0,0.7831,0.8881,0.8322,480000.0,30.0,51.0,5.0,7.0,9.0,3298607.0,48187931.0,25201102.0,17160564.0,306523859.0,137278623.0,5213634.0,82228109.0,414740162.0,43.0,2182916.0,0.0,0.0,2.5,264.0,14.58,49.2,25.9,0.13,62.6,21526.0,108571.0,,,,,,,,,,,,,,,,,,,,,,,,,,,,,,,,,,,,,,,,,,,,,,,,,,,,,,,,,,,,,,,,,,,,,,,,,,,,,,,,,,,,,,
AU College of Engineering (A),IR-E-C-24004,2023,Engineering,data/raw/pdf/2023/Engineering/IR-E-C-24004.pdf,530.0,530.0,510.0,510.0,1040,1273.0,901.0,2174.0,1949.0,58.0,167.0,195.0,1572.0,1235.0,10.0,214.0,308.0,526.0,494.0,1020.0,963.0,40.0,17.0,114.0,740.0,614.0,10.0,120.0,110.0,1799,1395,3194,2912,98,184,309,2312,1849,20,334,418,2021-22,372.0,315.0,650000.0,57.0,360.0,360.0,362.3,294.7,360.0,516667.0,2021-22,510.0,315.0,660000.0,78.0,510.0,510.0,510.0,163.0,510.0,570000.0,882.0,630.0,135.0,870.0,0.7143,0.8673,1.0138,650000.0,133.0,175.0,33.0,73.0,129.3,21085971.0,525479681.0,110022835.0,119850620.0,621230000.0,215678345.0,7167895.0,721443332.0,698761553.0,38.0,35032876.0,558.0,66767005.0,2.5,221.0,15.05,43.7,3.1,5.76,69.0,225875.0,218773.0,,,,,,,,,,,,,,,,,,,,,,,,,,,,,,,,,,,,,,,,,,,,,,,,,,,,,,,,,,,,,,,,,,,,,,,,,,,,,,,,,,,,,,
"C.V. Raman Global University, Odisha",IR-E-C-30045,2023,Engineering,data/raw/pdf/2023/Engineering/IR-E-C-30045.pdf,1440.0,1320.0,114.0,132.0,1554,2659.0,1925.0,4584.0,1097.0,3260.0,227.0,2109.0,1536.0,642.0,894.0,563.0,1546.0,146.0,85.0,231.0,61.0,153.0,17.0,83.0,28.0,22.0,52.0,26.0,11.0,2805,2010,4815,1158,3413,244,2192,1564,664,946,589,1557,2021-22,1037.0,968.0,500000.0,69.0,950.0,1200.0,1029.0,866.0,1140.0,465000.0,2020-21,193.0,169.0,345000.0,17.0,197.0,203.0,187.5,141.5,206.5,345000.0,1230.0,1137.0,86.0,1403.0,0.9244,0.9943,0.8767,500000.0,182.0,26.0,3.0,0.0,1.0,4851866.0,49575688.0,126666352.0,246314251.0,528433791.0,453398244.0,153649264.0,316630863.0,846971201.0,14.0,29060718.0,24.0,4610067.0,2.5,427.0,11.7,41.7,70.9,5.07,45.7,65759.0,175903.0,,,,,,,,,,,,,,,,,,,,,,,,,,,,,,,,,,,,,,,,,,,,,,,,,,,,,,,,,,,,,,,,,,,,,,,,,,,,,,,,,,,,,,
Sri Krishna College of Engineering and Technology,IR-E-C-36995,2023,Engineering,data/raw/pdf/2023/Engineering/IR-E-C-36995.pdf,1080.0,1140.0,78.0,78.0,1218,2880.0,1588.0,4468.0,4307.0,147.0,14.0,1574.0,2765.0,658.0,339.0,242.0,3100.0,50.0,76.0,126.0,94.0,32.0,0.0,17.0,73.0,8.0,7.0,24.0,51.0,3025,1706,4731,4536,180,15,1597,2843,674,348,266,3152,2021-22,1101.0,993.0,550000.0,108.0,1041.0,1080.0,1138.0,985.0,1080.0,510000.0,2021-22,55.0,50.0,550000.0,5.0,55.0,78.0,59.7,55.3,78.0,510000.0,1156.0,1043.0,113.0,1158.0,0.9022,1.0,0.9983,550000.0,18.0,163.0,2.0,8.0,30.3,6930875.0,68825321.0,23057589.0,155654898.0,339044572.0,667649789.0,2827477.0,217040842.0,975295009.0,130.0,5211403.0,92.0,21269175.0,2.5,364.0,13.05,36.1,3.8,0.32,27.2,45876.0,206150.0,60.0,60.0,95.0,42.0,137.0,135.0,1.0,1.0,6.0,5.0,8.0,2.0,0.0,1.0,2020-21,0.0,0.0,0.0,0.0,0.0,0.0,0.0,0.0,0.0,0.0,,,,,,,,,,,,,,,,,,,,,,,,,,,,,,,,,,,,,,,,,,,,,,,,,,,,,,,,,,,,,
PSG College of Technology,IR-E-C-37013,2023,Engineering,data/raw/pdf/2023/Engineering/IR-E-C-37013.pdf,1140.0,1140.0,421.0,475.0,1741,3155.0,1660.0,4815.0,4587.0,222.0,6.0,536.0,4279.0,939.0,66.0,103.0,3707.0,171.0,144.0,315.0,307.0,8.0,0.0,40.0,275.0,0.0,2.0,0.0,313.0,4068,1918,5986,5728,252,6,753,5233,1060,97,126,4703,2021-22,1244.0,926.0,650008.0,114.0,1186.0,1140.0,1167.0,775.0,1140.0,523336.0,2021-22,175.0,99.0,630000.0,0.0,192.0,475.0,251.3,108.7,477.3,516667.0,1610.0,1164.0,129.0,1795.0,0.723,0.8031,0.8969,650008.0,150.0,206.0,18.0,43.0,57.0,35067000.0,42302000.0,0.0,16666000.0,663754000.0,308505169.0,4908000.0,121283667.0,1007964390.0,88.0,48550011.0,224.0,4517357.0,2.5,459.0,13.37,32.0,4.2,0.1,21.4,20261.0,168387.0,180.0,180.0,742.0,114.0,856.0,834.0,22.0,0.0,177.0,679.0,121.0,29.0,23.0,683.0,2021-22,191.0,139.0,500000.0,15.0,155.0,180.0,178.5,127.0,180.0,460000.0,,,,,,,,,,,,,,,,,,,,,,,,,,,,,,,,,,,,,,,,,,,,,,,,,,,,,,,,,,,,,
"College of Engineering, Pune",IR-E-C-41593,2023,Engineering,data/raw/pdf/2023/Engineering/IR-E-C-41593.pdf,570.0,570.0,696.0,462.0,1266,2073.0,903.0,2976.0,2710.0,88.0,178.0,257.0,1500.0,1468.0,86.0,203.0,0.0,530.0,211.0,741.0,729.0,11.0,1.0,17.0,447.0,239.0,1.0,3.0,221.0,2603,1114,3717,3439,99,179,274,1947,1707,87,206,221,2021-22,714.0,577.0,970000.0,135.0,676.0,570.0,720.7,535.0,570.0,856333.0,2021-22,375.0,329.0,696000.0,35.0,440.0,462.0,373.7,245.0,450.0,610000.0,1089.0,906.0,170.0,1032.0,0.832,0.9881,1.0552,970000.0,83.0,176.0,10.0,27.0,27.3,11423453.0,99552546.0,46885787.0,213597163.0,686383742.0,587184297.0,2935386.0,207739292.0,1103399382.0,255.0,115212000.0,1708.0,101526682.0,2.5,266.0,14.29,30.0,2.7,4.82,53.8,55889.0,296852.0,,,,,,,,,,,,,,,,,,,,,,,,,,,,,,,,,,,,,,,,,,,,,,,,,,,,,,,,,,,,,,,,,,,,,,,,,,,,,,,,,,,,,,
Netaji Subhas University of Technology (NSUT),IR-E-C-6379,2023,Engineering,data/raw/pdf/2023/Engineering/IR-E-C-6379.pdf,1876.0,1876.0,150.0,286.0,2026,5253.0,665.0,5918.0,4844.0,894.0,180.0,461.0,2811.0,20.0,876.0,0.0,2376.0,258.0,121.0,379.0,166.0,213.0,0.0,16.0,107.0,0.0,0.0,0.0,123.0,5511,786,6297,5010,1107,180,477,2918,20,876,0,2499,2021-22,896.0,826.0,1600000.0,70.0,926.0,942.0,866.0,747.0,948.0,1366667.0,2021-22,196.0,151.0,1400000.0,20.0,233.0,286.0,142.3,101.7,214.3,1100000.0,1092.0,977.0,90.0,1228.0,0.8947,0.9771,0.8893,1600000.0,269.0,0.0,103.0,0.0,47.7,4991000.0,101187000.0,5958000.0,165008000.0,718029000.0,475340000.0,92479958.0,175969157.0,993662653.0,18.0,31475491.0,7.0,12693405.0,2.5,441.0,14.89,12.5,17.6,2.86,14.2,27945.0,157799.0,,,,,,,,,,,,,,,,,,,,,,,,,,,,,,,,,,,,,,,,,,,,,,,,,,,,,,,,,,,,,,,,,,,,,,,,,,,,,,,,,,,,,,
MANIPAL INSTITUTE OF TECHNOLOGY,IR-E-C-7252,2023,Engineering,data/raw/pdf/2023/Engineering/IR-E-C-7252.pdf,2280.0,2040.0,691.0,661.0,2971,6528.0,1775.0,8303.0,1720.0,6413.0,170.0,614.0,259.0,179.0,687.0,7.0,0.0,653.0,326.0,979.0,605.0,373.0,1.0,178.0,285.0,145.0,22.0,11.0,285.0,7181,2101,9282,2325,6786,171,792,544,324,709,18,285,2021-22,1879.0,1090.0,800000.0,229.0,2002.0,1860.0,1888.3,989.3,1826.7,700000.0,2021-22,461.0,309.0,746460.0,5.0,538.0,661.0,416.3,244.3,614.0,698820.0,2340.0,1399.0,234.0,2521.0,0.5979,0.6979,0.9282,800000.0,426.0,16.0,25.0,0.0,22.0,44376974.0,37653128.0,0.0,21943633.0,1105278346.0,481300664.0,11075244.0,137080079.0,1488653485.0,192.0,17569212.0,3886.0,2443743.0,2.5,676.0,14.36,22.6,73.1,1.84,11.3,14768.0,160381.0,,,,,,,,,,,,,,,,,,,,,,,,,,,,,,,,,,,,,,,,,,,,,,,,,,,,,,,,,,,,,,,,,,,,,,,,,,,,,,,,,,,,,,
Indian Institute of Technology Delhi,IR-E-I-1074,2023,Engineering,data/raw/pdf/2023/Engineering/IR-E-I-1074.pdf,1093.0,1071.0,1587.0,1576.0,2796,3117.0,723.0,3840.0,340.0,3500.0,0.0,273.0,1914.0,120.0,1749.0,263.0,55.0,2555.0,618.0,3173.0,379.0,2724.0,70.0,210.0,1231.0,65.0,555.0,0.0,821.0,6154,1443,7597,760,6767,70,515,3437,192,2537,286,937,2021-22,685.0,621.0,2050000.0,64.0,790.0,798.0,669.0,557.7,765.3,1786667.0,2021-22,813.0,322.0,1250000.0,159.0,1298.0,1576.0,777.7,341.0,1263.3,1283333.0,1578.0,1023.0,223.0,2476.0,0.6483,0.7896,0.6373,2050000.0,3114.0,630.0,238.0,69.0,311.3,183339247.0,2372989697.0,44456874.0,1396232731.0,3899613736.0,3659085996.0,2654267.0,3129069004.0,7080565539.0,1919.0,2879175177.0,1085.0,372718595.0,2.5,919.0,11.66,19.0,89.1,0.92,39.7,411882.0,932021.0,116.0,126.0,482.0,102.0,584.0,41.0,543.0,0.0,32.0,292.0,7.0,233.0,23.0,61.0,2021-22,80.0,80.0,2000000.0,0.0,100.0,102.0,84.0,82.0,102.0,1905000.0,,,,,,,,,,,,,,,,,,,,,,,,,,,,,,,,,,,,,,,,,,,,,,,,,,,,,,,,,,,,,
Indian Institute of Technology Kanpur,IR-E-I-1075,2023,Engineering,data/raw/pdf/2023/Engineering/IR-E-I-1075.pdf,1210.0,927.0,956.0,956.0,2166,3335.0,754.0,4089.0,883.0,3206.0,0.0,410.0,2019.0,785.0,1533.0,0.0,111.0,1525.0,257.0,1782.0,414.0,1360.0,8.0,268.0,885.0,146.0,929.0,0.0,78.0,4860,1011,5871,1297,4566,8,678,2904,931,2462,0,189,2021-22,790.0,621.0,2207000.0,165.0,889.0,910.0,784.0,507.0,854.7,1940667.0,2020-21,736.0,356.0,1769000.0,294.0,870.0,910.0,739.5,408.5,903.0,1634500.0,1526.0,977.0,459.0,1820.0,0.6402,0.941,0.8385,2207000.0,2136.0,34.0,190.0,5.0,215.0,165902000.0,634400900.0,107318500.0,137118500.0,3132324000.0,3931518000.0,46800000.0,1100448300.0,7049254667.0,2722.0,2419103200.0,1071.0,302761500.0,2.5,572.0,14.0,17.2,77.8,0.14,57.8,187438.0,1200691.0,,,,,,,,,,,,,,,,,,,,,,,,,,,,,,,,,,,,,,,,,,,,,,,,,,,,,,,,,,,,,,,,,,,,,,,,,,,,,,,,,,,,,,
Saveetha Institute of Medical and Technical Sciences,IR-E-I-1441,2023,Engineering,data/raw/pdf/2023/Engineering/IR-E-I-1441.pdf,1320.0,1320.0,30.0,30.0,1350,3961.0,1411.0,5372.0,1101.0,4268.0,3.0,1278.0,3382.0,23.0,2060.0,0.0,2577.0,36.0,25.0,61.0,35.0,26.0,0.0,13.0,45.0,0.0,45.0,1.0,12.0,3997,1436,5433,1136,4294,3,1291,3427,23,2105,1,2589,2021-22,1154.0,331.0,359000.0,72.0,1320.0,1320.0,1101.0,278.7,1320.0,367000.0,2021-22,29.0,28.0,450000.0,1.0,30.0,30.0,28.7,26.0,30.0,450000.0,1183.0,359.0,73.0,1350.0,0.3035,0.3652,0.8763,359000.0,143.0,101.0,12.0,24.0,19.3,9592069.0,51859120.0,43947066.0,18789499.0,415380284.0,639645115.0,6676109.0,103568362.0,833498047.0,0.0,0.0,203.0,35949266.0,2.5,358.0,15.58,26.4,79.0,0.06,39.2,19063.0,153414.0,,,,,,,,,,,,,,,,,,,,,,,,,,,,,,,,,,,,,,,,,,,,,,,,,,,,,,,,,,,,,,,,,,,,,,,,,,,,,,,,,,,,,,
Thapar Institute of Engineering and Technology (Deemed-to-be-university),IR-E-I-1480,2023,Engineering,data/raw/pdf/2023/Engineering/IR-E-I-1480.pdf,2500.0,2395.0,300.0,300.0,2800,5890.0,3057.0,8947.0,2791.0,6017.0,139.0,95.0,412.0,25.0,428.0,5.0,49.0,295.0,143.0,438.0,107.0,327.0,4.0,86.0,15.0,0.0,98.0,0.0,3.0,6185,3200,9385,2898,6344,143,181,427,25,526,5,52,2021-22,1692.0,1422.0,1000000.0,177.0,1655.0,1865.0,1622.3,1199.3,1680.0,866667.0,2021-22,272.0,161.0,810000.0,82.0,276.0,300.0,203.0,89.0,360.0,783333.0,1964.0,1583.0,259.0,2165.0,0.806,0.9379,0.9072,1000000.0,553.0,108.0,74.0,23.0,102.0,25531119.0,103116258.0,88353428.0,198390554.0,1579525713.0,1066717610.0,26562393.0,384008633.0,2522531399.0,174.0,93812333.0,245.0,30685388.0,2.5,673.0,14.77,34.1,67.6,1.52,5.9,40917.0,268783.0,,,,,,,,,,,,,,,,,,,,,,,,,,,,,,,,,,,,,,,,,,,,,,,,,,,,,,,,,,,,,,,,,,,,,,,,,,,,,,,,,,,,,,
Indian Institute of Technology Hyderabad,IR-E-U-0013,2023,Engineering,data/raw/pdf/2023/Engineering/IR-E-U-0013.pdf,470.0,425.0,359.0,296.0,871,1207.0,290.0,1497.0,577.0,902.0,18.0,192.0,758.0,375.0,136.0,2.0,437.0,444.0,143.0,587.0,84.0,493.0,10.0,37.0,191.0,63.0,0.0,0.0,165.0,1745,458,2203,678,1497,28,235,977,440,136,2,634,2021-22,268.0,237.0,2000000.0,21.0,290.0,294.0,253.3,188.7,273.0,1775000.0,2021-22,244.0,199.0,1650000.0,19.0,296.0,296.0,196.0,146.0,238.5,1610000.0,556.0,476.0,44.0,642.0,0.8561,0.9353,0.866,2000000.0,584.0,144.0,84.0,14.0,72.7,35657429.0,360785745.0,600000.0,135612446.0,1745821591.0,764647920.0,2433745.0,632002211.0,1871271149.0,309.0,487164580.0,484.0,124377619.0,2.5,291.0,9.58,20.8,68.0,1.27,26.2,286883.0,849419.0,,,,,,,,,,,,,,,,,,,,,,,,,,42.0,36.0,94.0,25.0,119.0,17.0,102.0,0.0,6.0,28.0,2.0,0.0,0.0,32.0,2021-22,44.0,40.0,2100000.0,4.0,52.0,52.0,31.7,27.0,40.0,2334000.0,,,,,,,,,,,,,,,,,,,,,,,,,,,,,,,,,,,,
International Institute of Information Technology Hyderabad,IR-E-U-0014,2023,Engineering,data/raw/pdf/2023/Engineering/IR-E-U-0014.pdf,210.0,205.0,180.0,180.0,510,561.0,142.0,703.0,120.0,468.0,115.0,0.0,20.0,6.0,14.0,0.0,0.0,400.0,125.0,525.0,110.0,415.0,0.0,0.0,13.0,0.0,9.0,4.0,0.0,1512,372,1884,339,1407,138,0,55,6,37,12,0,2021-22,155.0,141.0,3036000.0,11.0,171.0,205.0,129.7,118.3,191.7,2696333.0,2021-22,136.0,122.0,2195000.0,10.0,136.0,180.0,142.0,132.0,176.7,1888333.0,391.0,357.0,23.0,556.0,0.913,0.9719,0.7032,3036000.0,106.0,53.0,10.0,12.0,17.0,11658174.0,41779260.0,1775260.0,33751307.0,372675703.0,227020797.0,3679015.0,86250692.0,551067706.0,285.0,180683416.0,35.0,4126459.0,2.5,121.0,16.45,19.7,74.7,7.32,2.9,45781.0,292499.0,120.0,105.0,551.0,105.0,656.0,109.0,524.0,23.0,0.0,22.0,0.0,14.0,8.0,0.0,2021-22,100.0,94.0,2798000.0,2.0,86.0,171.0,83.5,80.0,173.0,2499000.0,,,,,,,,,,,,,,,,,,,,,,,,,,,,,,,,,,,,,,,,,,,,,,,,,,,,,,,,,,,,,
Jawaharlal Nehru Technological University,IR-E-U-0017,2023,Engineering,data/raw/pdf/2023/Engineering/IR-E-U-0017.pdf,1375.0,1307.0,763.0,763.0,2138,3330.0,1840.0,5170.0,4726.0,262.0,182.0,463.0,4707.0,3711.0,0.0,160.0,1299.0,810.0,716.0,1526.0,1361.0,108.0,57.0,510.0,1016.0,1254.0,0.0,46.0,226.0,4140,2556,6696,6087,370,239,973,5723,4965,0,206,1525,2021-22,1150.0,589.0,550000.0,423.0,1244.0,1244.0,1084.0,527.3,1244.0,440000.0,2020-21,379.0,195.0,400000.0,52.0,715.0,768.0,331.0,153.0,770.0,398750.0,1529.0,784.0,475.0,2012.0,0.5128,0.8234,0.7599,550000.0,26.0,15.0,11.0,148.0,257.0,18711452.0,24624920.0,19723145.0,582143412.0,1460197617.0,1153121882.0,18923816.0,671733427.0,2454486847.0,153.0,213362688.0,386.0,214148834.0,2.5,386.0,17.41,38.2,5.5,3.57,77.2,100319.0,366560.0,,,,,,,,,,,,,,,,,,,,,,,,,,,,,,,,,,,,,,,,,,,,,,,,,,,,,,,,,,,,,,,,,,,,,,,,,,,,,,,,,,,,,,
Koneru Lakshmaiah Education Foundation University (K L College of Engineering),IR-E-U-0020,2023,Engineering,data/raw/pdf/2023/Engineering/IR-E-U-0020.pdf,3060.0,3180.0,342.0,324.0,3402,7842.0,4661.0,12503.0,7290.0,4951.0,262.0,78.0,889.0,0.0,389.0,0.0,578.0,328.0,221.0,549.0,426.0,115.0,8.0,9.0,97.0,2.0,43.0,0.0,61.0,8170,4882,13052,7716,5066,270,87,986,2,432,0,639,2021-22,2648.0,1752.0,660000.0,405.0,3180.0,3180.0,2805.0,1678.0,3366.7,531667.0,2021-22,241.0,88.0,476000.0,96.0,296.0,324.0,316.3,115.7,412.0,458667.0,2889.0,1840.0,501.0,3504.0,0.6369,0.8103,0.8245,660000.0,326.0,411.0,69.0,73.0,127.3,52646291.0,81223069.0,3258081.0,43004039.0,1135043255.0,991474775.0,10085436.0,153688678.0,1730309640.0,401.0,71848180.0,512.0,14252546.0,2.5,928.0,14.42,37.4,38.8,2.07,3.3,11775.0,132570.0,,,,,,,,,,,,,,,,,,,,,,,,,,,,,,,,,,,,,,,,,,,,,,,,,,,,,,,,,,,,,,,,,,,,,,,,,,,,,,,,,,,,,,
National Institute of Technology Warangal,IR-E-U-0025,2023,Engineering,data/raw/pdf/2023/Engineering/IR-E-U-0025.pdf,989.0,945.0,688.0,688.0,1677,3290.0,866.0,4156.0,1863.0,1863.0,430.0,270.0,1776.0,819.0,820.0,0.0,407.0,1047.0,235.0,1282.0,262.0,1015.0,5.0,122.0,603.0,0.0,279.0,0.0,446.0,4337,1101,5438,2125,2878,435,392,2379,819,1099,0,853,2021-22,869.0,639.0,1592000.0,62.0,926.0,817.0,786.7,609.7,805.7,1164000.0,2021-22,542.0,336.0,1175000.0,45.0,642.0,688.0,494.7,219.0,642.0,928000.0,1411.0,975.0,107.0,1505.0,0.691,0.7668,0.9375,1592000.0,480.0,279.0,65.0,15.0,85.3,55052090.0,148347864.0,16246719.0,53012681.0,1028599459.0,871437903.0,29020967.0,471291164.0,1900894601.0,251.0,121898082.0,324.0,13575449.0,2.5,347.0,17.05,20.2,52.9,8.0,35.3,86666.0,349558.0,,,,,,,,,,,,,,,,,,,,,,,,,,,,,,,,,,,,,,,,,,,,,,,,,,,,,,,,,,,,,,,,,,,,,,,,,,,,,,,,,,,,,,
University of Hyderabad,IR-E-U-0042,2023,Engineering,data/raw/pdf/2023/Engineering/IR-E-U-0042.pdf,,,328.0,257.0,328,,,,,,,,,,,,,92.0,65.0,157.0,44.0,113.0,0.0,12.0,65.0,77.0,0.0,0.0,0.0,92,65,157,44,113,0,12,65,77,0,0,0,,,,,,,,,,,,2021-22,20.0,18.0,730000.0,2.0,20.0,45.0,88.8,43.8,148.3,1261667.0,20.0,18.0,2.0,45.0,0.9,1.0,0.4444,,78.0,2.0,78.0,0.0,36.3,150000.0,15807812.0,1397109.0,0.0,234817353.0,8499507.0,43535.0,12128512.0,252857379.0,18.0,22147867.0,2.0,97667.0,2.5,55.0,4.27,41.4,72.0,0.0,49.0,77252.0,1610557.0,,,,,,,,,,,,,,,,,,,,,,,,,,,,,,,,,,,,,,,,,,,,,,,,,,,,,,,,,,,,,,,,,,,,,,,,,,,,,,,,,,,,,,
"Vignan's Foundation for Science, Technology and Research",IR-E-U-0043,2023,Engineering,data/raw/pdf/2023/Engineering/IR-E-U-0043.pdf,1800.0,1830.0,162.0,180.0,1962,3323.0,2939.0,6262.0,3558.0,2532.0,172.0,2954.0,1975.0,254.0,1534.0,1164.0,1977.0,101.0,111.0,212.0,143.0,66.0,3.0,54.0,96.0,14.0,62.0,24.0,50.0,3424,3050,6474,3701,2598,175,3008,2071,268,1596,1188,2027,2021-22,1640.0,769.0,400000.0,562.0,1654.0,2040.0,1493.0,688.0,1750.0,443333.0,2020-21,101.0,90.0,475000.0,5.0,106.0,198.0,82.0,75.5,198.0,472500.0,1741.0,859.0,567.0,2238.0,0.4934,0.8191,0.7779,400000.0,312.0,243.0,28.0,37.0,43.3,8009176.0,20098117.0,3703204.0,34622127.0,377806077.0,360650608.0,6646285.0,61262285.0,580645375.0,723.0,34278267.0,417.0,15046950.0,2.5,579.0,11.72,47.1,40.1,2.7,47.1,9463.0,89689.0,,,,,,,,,,,,,,,,,,,,,,,,,,,,,,,,,,,,,,,,,,,,,,,,,,,,,,,,,,,,,,,,,,,,,,,,,,,,,,,,,,,,,,
Indian Institute of Technology Guwahati,IR-E-U-0053,2023,Engineering,data/raw/pdf/2023/Engineering/IR-E-U-0053.pdf,902.0,978.0,873.0,825.0,1775,3050.0,783.0,3833.0,135.0,3685.0,13.0,362.0,1928.0,0.0,142.0,85.0,2063.0,1440.0,294.0,1734.0,517.0,1207.0,10.0,135.0,804.0,0.0,330.0,20.0,589.0,4490,1077,5567,652,4892,23,497,2732,0,472,105,2652,2021-22,649.0,583.0,2250000.0,43.0,720.0,747.0,614.3,509.0,699.0,1973333.0,2020-21,659.0,258.0,1250000.0,242.0,747.0,789.0,599.5,227.0,711.0,1275000.0,1308.0,841.0,285.0,1536.0,0.643,0.8609,0.8516,2250000.0,2473.0,148.0,195.0,14.0,225.3,119461203.0,317752248.0,14081657.0,689764913.0,1655960697.0,738569173.0,12197738.0,757566004.0,2914714692.0,884.0,1382400000.0,510.0,103466667.0,2.5,506.0,15.89,19.3,87.9,0.41,10.4,136082.0,523570.0,,,,,,,,,,,,,,,,,,,,,,,,,,,,,,,,,,,,,,,,,,,,,,,,,,,,,,,,,,,,,,,,,,,,,,,,,,,,,,,,,,,,,,
National Institute of Technology Silchar,IR-E-U-0055,2023,Engineering,data/raw/pdf/2023/Engineering/IR-E-U-0055.pdf,825.0,825.0,368.0,338.0,1193,2703.0,602.0,3305.0,1604.0,1605.0,96.0,442.0,1683.0,1651.0,4.0,0.0,470.0,396.0,81.0,477.0,93.0,377.0,7.0,0.0,168.0,82.0,0.0,0.0,86.0,3099,683,3782,1697,1982,103,442,1851,1733,4,0,556,2021-22,662.0,600.0,1100000.0,22.0,688.0,660.0,599.3,508.0,641.3,836667.0,2021-22,249.0,124.0,600000.0,53.0,293.0,338.0,205.3,94.7,305.3,593333.0,911.0,724.0,75.0,998.0,0.7947,0.8771,0.9128,1100000.0,436.0,225.0,47.0,8.0,57.0,76142442.0,69765676.0,32419148.0,44063602.0,687260400.0,420066763.0,17602092.0,225401364.0,1058318883.0,127.0,82957187.0,473.0,11142018.0,2.5,227.0,18.58,18.1,52.4,2.72,45.9,59598.0,279830.0,,,,,,,,,,,,,,,,,,,,,,,,,,,,,,,,,,,,,,,,,,,,,,,,,,,,,,,,,,,,,,,,,,,,,,,,,,,,,,,,,,,,,,
Indian Institute of Technology Patna,IR-E-U-0064,2023,Engineering,data/raw/pdf/2023/Engineering/IR-E-U-0064.pdf,427.0,427.0,196.0,196.0,623,1107.0,369.0,1476.0,297.0,1179.0,0.0,199.0,723.0,15.0,563.0,77.0,267.0,209.0,45.0,254.0,72.0,177.0,5.0,48.0,129.0,0.0,96.0,0.0,81.0,1316,414,1730,369,1356,5,247,852,15,659,77,348,2021-22,243.0,202.0,2000000.0,41.0,244.0,250.0,186.0,153.3,225.0,1526667.0,2021-22,155.0,96.0,1200000.0,39.0,163.0,196.0,112.7,60.3,184.3,1100000.0,398.0,298.0,80.0,446.0,0.7487,0.9497,0.8924,2000000.0,590.0,89.0,99.0,13.0,70.7,96756610.0,329329209.0,10872944.0,89163954.0,466680578.0,472562854.0,14033011.0,284202954.0,843085950.0,124.0,218505356.0,104.0,26989182.0,2.5,126.0,18.41,23.9,78.4,0.29,43.4,164279.0,487333.0,,,,,,,,,,,,,,,,,,,,,,,,,,,,,,,,,,,,,,,,,,,,,,,,,,,,,,,,,,,,,,,,,,,,,,,,,,,,,,,,,,,,,,
National Institute of Technology Patna,IR-E-U-0072,2023,Engineering,data/raw/pdf/2023/Engineering/IR-E-U-0072.pdf,759.0,766.0,316.0,316.0,1075,2199.0,476.0,2675.0,1425.0,1250.0,0.0,487.0,1511.0,583.0,1395.0,20.0,0.0,393.0,81.0,474.0,416.0,58.0,0.0,0.0,329.0,0.0,25.0,0.0,304.0,2592,557,3149,1841,1308,0,487,1840,583,1420,20,304,2021-22,550.0,512.0,1000000.0,32.0,550.0,550.0,477.7,431.3,531.0,776667.0,2021-22,256.0,125.0,600000.0,79.0,289.0,316.0,217.3,55.0,318.3,545000.0,806.0,637.0,111.0,866.0,0.7903,0.928,0.9307,1000000.0,346.0,821.0,50.0,18.0,45.0,86769210.0,16737706.0,695090.0,16151220.0,592589949.0,287272275.0,27499926.0,140154705.0,901574924.0,226.0,65998796.0,3164.0,67310357.0,2.5,182.0,19.2,17.7,41.5,0.0,64.2,44508.0,286305.0,,,,,,,,,,,,,,,,,,,,,,,,,,,,,,,,,,,,,,,,,,,,,,,,,,,,,,,,,,,,,,,,,,,,,,,,,,,,,,,,,,,,,,
"National Institute of Technology, Raipur",IR-E-U-0092,2023,Engineering,data/raw/pdf/2023/Engineering/IR-E-U-0092.pdf,1118.0,1118.0,200.0,200.0,1337,3143.0,806.0,3949.0,1982.0,1959.0,8.0,636.0,2167.0,0.0,2189.0,0.0,614.0,188.0,74.0,262.0,123.0,139.0,0.0,83.0,144.0,0.0,52.0,0.0,175.0,3363,900,4263,2112,2143,8,732,2340,0,2251,0,821,2021-22,816.0,627.0,900000.0,80.0,903.0,913.0,788.7,525.0,899.7,823333.0,2020-21,114.0,24.0,60000.0,20.0,130.0,185.0,106.5,19.0,176.5,337500.0,947.0,651.0,100.0,1115.0,0.6874,0.793,0.8493,900000.0,292.0,154.0,59.0,21.0,65.7,16319824.0,33725187.0,1774500.0,104276120.0,577651848.0,353402251.0,1027493.0,140987056.0,878757736.0,306.0,25575896.0,533.0,23674379.0,2.5,265.0,17.19,21.1,50.3,0.19,52.8,33072.0,206136.0,,,,,,,,,,,,,,,,,,,,,,,,,,19.0,19.0,32.0,20.0,52.0,7.0,45.0,0.0,13.0,29.0,0.0,10.0,0.0,32.0,2021-22,17.0,0.0,0.0,0.0,17.0,17.0,14.0,1.0,15.7,191667.0,,,,,,,,,,,,,,,,,,,,,,,,,,,,,,,,,,,,
Delhi Technological University,IR-E-U-0098,2023,Engineering,data/raw/pdf/2023/Engineering/IR-E-U-0098.pdf,2529.0,2529.0,418.0,418.0,2947,8227.0,1425.0,9652.0,4533.0,4548.0,571.0,98.0,4430.0,2281.0,737.0,47.0,1463.0,567.0,178.0,745.0,142.0,567.0,36.0,25.0,208.0,199.0,28.0,2.0,4.0,8794,1603,10397,4675,5115,607,123,4638,2480,765,49,1467,2021-22,2131.0,1880.0,1300000.0,251.0,2240.0,2210.0,1966.0,1738.3,2094.0,1166667.0,2021-22,305.0,257.0,1025500.0,48.0,316.0,418.0,276.3,222.3,418.0,1008500.0,2436.0,2137.0,299.0,2628.0,0.8773,1.0,0.9269,1300000.0,747.0,612.0,28.0,24.0,59.3,24848269.0,112009710.0,71455537.0,32185627.0,1382880330.0,608283742.0,348443344.0,260780322.0,2212168134.0,164.0,86801450.0,62.0,100026543.0,2.5,862.0,12.93,15.4,49.2,5.84,31.7,25082.0,212770.0,,,,,,,,,,,,,,,,,,,,,,,,,,,,,,,,,,,,,,,,,,,,,,,,,,,,,,,,,,,,,,,,,,,,,,,,,,,,,,,,,,,,,,
Guru Gobind Singh Indraprastha University,IR-E-U-0099,2023,Engineering,data/raw/pdf/2023/Engineering/IR-E-U-0099.pdf,367.0,367.0,125.0,146.0,492,1042.0,226.0,1268.0,969.0,262.0,37.0,35.0,472.0,156.0,15.0,3.0,333.0,166.0,78.0,244.0,186.0,58.0,0.0,9.0,34.0,2.0,0.0,0.0,41.0,1247,318,1565,1190,338,37,47,516,158,15,3,387,2021-22,276.0,165.0,1000000.0,58.0,316.0,180.0,231.0,121.7,180.0,766667.0,2021-22,78.0,34.0,600000.0,14.0,81.0,146.0,61.0,24.0,112.5,485000.0,406.0,235.0,83.0,386.0,0.5788,0.7833,1.0518,1000000.0,105.0,146.0,22.0,21.0,34.3,43881570.0,2319463.0,1068986.0,4249343.0,249239240.0,17503251.0,1920156.0,39838912.0,200852175.0,43.0,19711961.0,0.0,0.0,2.0,93.0,17.96,20.3,21.6,2.36,11.2,25456.0,128340.0,,,,,,,,,,,,,,,,,,,,,,,,,,0.0,0.0,39.0,14.0,53.0,35.0,18.0,0.0,3.0,10.0,0.0,0.0,0.0,13.0,2021-22,52.0,36.0,650000.0,11.0,54.0,60.0,46.3,33.3,60.0,583333.0,,,,,,,,,,,,,,,,,,,,,,,,,,,,,,,,,,,,
Indraprastha Institute of Information Technology Delhi,IR-E-U-0105,2023,Engineering,data/raw/pdf/2023/Engineering/IR-E-U-0105.pdf,525.0,525.0,273.0,249.0,798,1638.0,272.0,1910.0,1249.0,538.0,123.0,130.0,822.0,111.0,17.0,10.0,814.0,275.0,146.0,421.0,74.0,347.0,0.0,38.0,42.0,0.0,0.0,0.0,80.0,1913,418,2331,1323,885,123,168,864,111,17,10,894,2021-22,355.0,340.0,1700000.0,13.0,398.0,426.0,301.3,267.0,362.7,1566667.0,2021-22,213.0,208.0,1541000.0,2.0,220.0,249.0,204.0,195.3,235.7,1447000.0,568.0,548.0,15.0,675.0,0.9648,0.9912,0.8415,1700000.0,258.0,0.0,21.0,0.0,18.0,19289734.0,39804173.0,18473387.0,25836713.0,435056106.0,213229683.0,7649447.0,121302329.0,694219177.0,251.0,227668264.0,31.0,10391448.0,2.5,132.0,19.61,17.9,38.0,5.28,5.9,52039.0,297820.0,,,,,,,,,,,,,,,,,,,,,,,,,,,,,,,,,,,,,,,,,,,,,,,,,,,,,,,,,,,,,,,,,,,,,,,,,,,,,,,,,,,,,,
"Jamia Millia Islamia,New Delhi",IR-E-U-0108,2023,Engineering,data/raw/pdf/2023/Engineering/IR-E-U-0108.pdf,350.0,350.0,155.0,155.0,505,1192.0,236.0,1428.0,171.0,1139.0,118.0,1176.0,188.0,1093.0,142.0,129.0,0.0,187.0,137.0,324.0,33.0,288.0,3.0,246.0,49.0,165.0,92.0,34.0,4.0,1379,373,1752,204,1427,121,1422,237,1258,234,163,4,2021-22,359.0,270.0,750000.0,82.0,359.0,350.0,354.7,249.3,350.0,670000.0,2021-22,161.0,120.0,1000000.0,32.0,161.0,155.0,148.0,97.0,146.0,753333.0,520.0,390.0,114.0,505.0,0.75,0.9692,1.0297,750000.0,326.0,0.0,63.0,0.0,51.0,1770898.0,28319185.0,3956019.0,2880681.0,485403050.0,72458353.0,186883.0,21979900.0,491669827.0,103.0,83970492.0,1214.0,82678909.0,2.5,130.0,15.98,21.3,81.4,6.91,94.5,12546.0,280633.0,,,,,,,,,,,,,,,,,,,,,,,,,,,,,,,,,,,,,,,,,,,,,,,,,,,,,,,,,,,,,,,,,,,,,,,,,,,,,,,,,,,,,,
Indian Institute of Technology Gandhinagar,IR-E-U-0139,2023,Engineering,data/raw/pdf/2023/Engineering/IR-E-U-0139.pdf,225.0,225.0,72.0,60.0,297,716.0,160.0,876.0,165.0,709.0,2.0,49.0,437.0,202.0,144.0,13.0,127.0,73.0,37.0,110.0,6.0,98.0,6.0,9.0,37.0,8.0,16.0,0.0,22.0,789,197,986,171,807,8,58,474,210,160,13,149,2021-22,173.0,100.0,1417000.0,40.0,187.0,194.0,162.3,100.3,184.7,1070000.0,2021-22,35.0,20.0,1101000.0,12.0,56.0,60.0,87.3,53.3,136.7,883667.0,208.0,120.0,52.0,254.0,0.5769,0.8269,0.8189,1417000.0,505.0,3.0,37.0,1.0,58.0,25595838.0,362655942.0,9813209.0,16597999.0,668378143.0,628568958.0,5639232.0,381585818.0,1194912523.0,727.0,341901994.0,182.0,29871360.0,2.5,108.0,13.81,20.0,81.8,0.81,38.8,387004.0,1211879.0,,,,,,,,,,,,,,,,,,,,,,,,,,,,,,,,,,,,,,,,,,,,,,,,,,,,,,,,,,,,,,,,,,,,,,,,,,,,,,,,,,,,,,
Sardar Vallabhbhai National Institute of Technology,IR-E-U-0149,2023,Engineering,data/raw/pdf/2023/Engineering/IR-E-U-0149.pdf,1017.0,991.0,570.0,570.0,1587,2681.0,640.0,3321.0,1578.0,1585.0,158.0,616.0,1564.0,800.0,441.0,0.0,939.0,675.0,108.0,783.0,228.0,553.0,2.0,0.0,337.0,152.0,0.0,0.0,185.0,3356,748,4104,1806,2138,160,616,1901,952,441,0,1124,2021-22,733.0,568.0,801000.0,129.0,787.0,844.0,720.3,510.0,826.7,745333.0,2020-21,299.0,80.0,690000.0,56.0,354.0,466.0,280.5,84.5,445.5,638000.0,1032.0,648.0,185.0,1310.0,0.6279,0.8072,0.7878,801000.0,581.0,289.0,39.0,24.0,76.3,32208869.0,61669792.0,4631191.0,81933275.0,807976584.0,585730455.0,8160475.0,137395585.0,1319901556.0,218.0,43805953.0,989.0,89465544.0,2.5,264.0,17.75,18.2,52.1,3.9,33.9,33478.0,321613.0,,,,,,,,,,,,,,,,,,,,,,,,,,,,,,,,,,,,,,,,,,,,,,,,,,,,,,,,,,,,,,,,,,,,,,,,,,,,,,,,,,,,,,
"Amity University Haryana, Gurgaon",IR-E-U-0155,2023,Engineering,data/raw/pdf/2023/Engineering/IR-E-U-0155.pdf,150.0,110.0,203.0,175.0,353,392.0,112.0,504.0,232.0,262.0,10.0,0.0,125.0,0.0,93.0,0.0,32.0,152.0,228.0,380.0,145.0,232.0,3.0,0.0,134.0,0.0,49.0,0.0,85.0,544,340,884,377,494,13,0,259,0,142,0,117,2021-22,144.0,56.0,420000.0,21.0,149.0,150.0,155.3,59.0,171.7,384333.0,2021-22,5.0,5.0,550000.0,0.0,5.0,5.0,80.8,47.2,86.0,405200.0,149.0,61.0,21.0,155.0,0.4094,0.5503,0.9613,420000.0,133.0,142.0,16.0,3.0,19.7,613447.0,741514.0,0.0,10040115.0,140330366.0,14944342.0,37748.0,14757982.0,162750497.0,76.0,26600062.0,10.0,1286088.0,2.5,127.0,8.01,38.5,55.9,1.47,16.1,16695.0,184107.0,,,,,,,,,,,,,,,,,,,,,,,,,,,,,,,,,,,,,,,,,,,,,,,,,,,,,,,,,,,,,,,,,,,,,,,,,,,,,,,,,,,,,,
National Institute of Technology Kurukshetra,IR-E-U-0172,2023,Engineering,data/raw/pdf/2023/Engineering/IR-E-U-0172.pdf,1157.0,1158.0,498.0,498.0,1655,3364.0,761.0,4125.0,1956.0,2109.0,60.0,498.0,2101.0,1765.0,0.0,14.0,820.0,711.0,152.0,863.0,111.0,752.0,0.0,102.0,466.0,218.0,0.0,0.0,350.0,4075,913,4988,2067,2861,60,600,2567,1983,0,14,1170,2021-22,789.0,632.0,110000.0,102.0,841.0,862.0,754.7,492.3,842.0,603333.0,2021-22,358.0,165.0,900000.0,115.0,475.0,498.0,327.3,97.0,493.0,766667.0,1147.0,797.0,217.0,1360.0,0.6949,0.884,0.8434,110000.0,203.0,192.0,23.0,24.0,50.0,30389473.0,144113742.0,57134465.0,2307912.0,990442000.0,386617000.0,3845000.0,219619310.0,1340557667.0,99.0,29352945.0,4526.0,71872130.0,2.5,220.0,23.6,18.3,57.4,1.2,40.0,44030.0,268757.0,,,,,,,,,,,,,,,,,,,,,,,,,,,,,,,,,,,,,,,,,,,,,,,,,,,,,,,,,,,,,,,,,,,,,,,,,,,,,,,,,,,,,,
Indian Institute of Technology Mandi,IR-E-U-0184,2023,Engineering,data/raw/pdf/2023/Engineering/IR-E-U-0184.pdf,301.0,301.0,394.0,347.0,723,808.0,210.0,1018.0,21.0,996.0,1.0,232.0,512.0,238.0,506.0,0.0,0.0,387.0,105.0,492.0,18.0,473.0,1.0,43.0,214.0,81.0,176.0,0.0,0.0,1236,328,1564,39,1523,2,295,749,328,716,0,0,2021-22,187.0,157.0,2100000.0,25.0,194.0,200.0,158.3,129.0,166.7,1800000.0,2021-22,168.0,87.0,720000.0,74.0,210.0,347.0,191.7,91.3,317.0,723333.0,355.0,244.0,99.0,547.0,0.6873,0.9662,0.649,2100000.0,464.0,33.0,56.0,3.0,55.7,35101895.0,37610048.0,46767696.0,28221512.0,400687047.0,553386093.0,1034001.0,182204440.0,849146662.0,495.0,134630241.0,49.0,7103153.0,2.5,173.0,11.72,21.0,97.4,0.13,66.8,116499.0,542933.0,28.0,28.0,41.0,13.0,54.0,0.0,54.0,0.0,20.0,23.0,9.0,34.0,0.0,0.0,2020-21,0.0,0.0,0.0,0.0,0.0,0.0,0.0,0.0,0.0,0.0,,,,,,,,,,,,,,,,,,,,,,,,,,,,,,,,,,,,,,,,,,,,,,,,,,,,,,,,,,,,,
National Institute of Technology Srinagar,IR-E-U-0197,2023,Engineering,data/raw/pdf/2023/Engineering/IR-E-U-0197.pdf,899.0,778.0,250.0,204.0,1149,2225.0,782.0,3007.0,1491.0,1513.0,3.0,1378.0,1588.0,472.0,2107.0,52.0,335.0,201.0,106.0,307.0,170.0,137.0,0.0,207.0,79.0,38.0,187.0,12.0,49.0,2426,888,3314,1661,1650,3,1585,1667,510,2294,64,384,2021-22,575.0,468.0,833000.0,51.0,622.0,672.0,507.0,355.0,575.3,722667.0,2020-21,116.0,34.0,390000.0,28.0,123.0,163.0,119.5,36.0,163.0,470000.0,691.0,502.0,79.0,835.0,0.7265,0.8408,0.8275,833000.0,302.0,12.0,43.0,7.0,40.0,26232277.0,59205988.0,7270980.0,286444629.0,634425953.0,286157421.0,769899.0,311497850.0,878122624.0,47.0,40828504.0,606.0,24326033.0,2.5,234.0,15.45,26.8,49.8,0.09,86.5,93995.0,264974.0,,,,,,,,,,,,,,,,,,,,,,,,,,,,,,,,,,,,,,,,,,,,,,,,,,,,,,,,,,,,,,,,,,,,,,,,,,,,,,,,,,,,,,
Birla Institute of Technology,IR-E-U-0202,2023,Engineering,data/raw/pdf/2023/Engineering/IR-E-U-0202.pdf,780.0,780.0,225.0,323.0,1005,2586.0,321.0,2907.0,1574.0,1268.0,65.0,675.0,927.0,263.0,38.0,27.0,1274.0,262.0,156.0,418.0,114.0,304.0,0.0,73.0,72.0,40.0,1.0,3.0,101.0,2848,477,3325,1688,1572,65,748,999,303,39,30,1375,2021-22,669.0,597.0,990000.0,44.0,719.0,780.0,663.7,470.3,770.0,881000.0,2021-22,217.0,86.0,590000.0,17.0,232.0,323.0,146.3,39.0,335.0,530662.0,886.0,683.0,61.0,1103.0,0.7709,0.8397,0.8033,990000.0,292.0,45.0,42.0,9.0,44.0,16714751.0,94116444.0,1265367.0,39805755.0,837287017.0,228608804.0,770615.0,200592502.0,917767909.0,105.0,94836941.0,391.0,6300677.0,2.5,279.0,12.96,14.3,47.3,1.95,11.2,60329.0,276020.0,,,,,,,,,,,,,,,,,,,,,,,,,,,,,,,,,,,,,,,,,,,,,,,,,,,,,,,,,,,,,,,,,,,,,,,,,,,,,,,,,,,,,,
Indian Institute of Technology (Indian School of Mines),IR-E-U-0205,2023,Engineering,data/raw/pdf/2023/Engineering/IR-E-U-0205.pdf,1028.0,1028.0,680.0,849.0,1805,2951.0,628.0,3579.0,288.0,3291.0,0.0,347.0,1806.0,7.0,1846.0,0.0,300.0,642.0,90.0,732.0,75.0,646.0,11.0,0.0,394.0,11.0,169.0,0.0,214.0,3961,786,4747,386,4349,12,378,2406,21,2249,0,514,2021-22,800.0,720.0,1500000.0,8.0,853.0,911.0,767.7,645.0,853.0,1233333.0,2021-22,306.0,196.0,925000.0,10.0,466.0,849.0,349.7,211.0,831.3,758333.0,1186.0,993.0,18.0,1848.0,0.8373,0.8524,0.6418,1500000.0,983.0,529.0,163.0,87.0,158.7,108122599.0,306142110.0,189722.0,138188357.0,1535808218.0,890268162.0,9972172.0,504068157.0,2538519282.0,480.0,300492636.0,195.0,47539534.0,2.5,392.0,14.62,16.6,91.6,0.25,47.8,106187.0,534763.0,97.0,97.0,368.0,68.0,436.0,23.0,412.0,1.0,31.0,206.0,3.0,234.0,0.0,0.0,2021-22,80.0,77.0,2355000.0,0.0,85.0,88.0,83.0,75.0,97.5,1852500.0,,,,,,,,,,,,,,,,,,,,,,,,,,,,,,,,,,,,,,,,,,,,,,,,,,,,,,,,,,,,,
International Institute of Information Technology Bangalore,IR-E-U-0221,2023,Engineering,data/raw/pdf/2023/Engineering/IR-E-U-0221.pdf,,,180.0,180.0,180,,,,,,,,,,,,,294.0,65.0,359.0,7.0,352.0,0.0,9.0,12.0,0.0,6.0,0.0,15.0,294,65,359,7,352,0,9,12,0,6,0,15,,,,,,,,,,,,2020-21,97.0,91.0,2010000.0,6.0,107.0,120.0,131.0,128.4,156.0,2167620.0,97.0,91.0,6.0,120.0,0.9381,1.0,0.8083,,44.0,42.0,7.0,3.0,7.3,11871543.0,1998491.0,0.0,156474636.0,255301990.0,1415539394.0,6714541.0,84877793.0,1505997369.0,293.0,396407044.0,22.0,6817637.0,2.5,63.0,6.4,18.1,98.1,0.0,1.7,236428.0,4194979.0,,,,,,,,,,,,,,,,,,,,,,,,,,,,,,,,,,,,,,,,,,,,,,,,,,,,,,,,,,,,,,,,,,,,,,,,,,,,,,,,,,,,,,
"National Institute of Technology Karnataka, Surathkal",IR-E-U-0237,2023,Engineering,data/raw/pdf/2023/Engineering/IR-E-U-0237.pdf,740.0,740.0,579.0,579.0,1319,3048.0,730.0,3778.0,1710.0,2036.0,32.0,968.0,1706.0,202.0,1823.0,434.0,215.0,1137.0,330.0,1467.0,128.0,1334.0,5.0,616.0,613.0,36.0,267.0,59.0,867.0,4185,1060,5245,1838,3370,37,1584,2319,238,2090,493,1082,2021-22,837.0,734.0,1284000.0,32.0,881.0,740.0,791.7,668.3,825.3,1090000.0,2021-22,649.0,577.0,942000.0,6.0,694.0,579.0,571.7,445.0,662.3,935667.0,1486.0,1311.0,38.0,1319.0,0.8822,0.9078,1.1266,1284000.0,682.0,246.0,103.0,23.0,126.3,56502054.0,645588899.0,17595230.0,603768043.0,1219057190.0,1391304458.0,3009463.0,916632878.0,2438052724.0,648.0,407442080.0,1843.0,120865146.0,2.5,330.0,17.96,20.2,64.3,0.71,53.8,174763.0,464834.0,,,,,,,,,,,,,,,,,,,,,,,,,,,,,,,,,,,,,,,,,,,,,,,,,,,,,,,,,,,,,,,,,,,,,,,,,,,,,,,,,,,,,,
Visvesvaraya Technological University,IR-E-U-0249,2023,Engineering,data/raw/pdf/2023/Engineering/IR-E-U-0249.pdf,90.0,90.0,441.0,441.0,531,60.0,62.0,122.0,120.0,2.0,0.0,41.0,68.0,80.0,0.0,0.0,29.0,344.0,399.0,743.0,730.0,13.0,0.0,344.0,234.0,467.0,111.0,0.0,0.0,404,461,865,850,15,0,385,302,547,111,0,29,2021-22,0.0,0.0,0.0,0.0,0.0,0.0,0.0,0.0,0.0,0.0,2021-22,310.0,137.0,373000.0,170.0,396.0,441.0,361.3,159.7,463.7,352667.0,310.0,137.0,170.0,441.0,0.4419,0.9903,0.7029,0.0,70.0,136.0,5.0,69.0,72.3,10866320.0,57883985.0,80310297.0,38766708.0,233367866.0,449734456.0,864000.0,192428288.0,507736322.0,11.0,2305000.0,14.0,7400531.0,2.5,67.0,13.96,53.3,1.7,0.0,76.1,222460.0,586978.0,,,,,,,,,,,,,,,,,,,,,,,,,,,,,,,,,,,,,,,,,,,,,,,,,,,,,,,,,,,,,,,,,,,,,,,,,,,,,,,,,,,,,,
Indian Institute of Space Science and Technology,IR-E-U-0255,2023,Engineering,data/raw/pdf/2023/Engineering/IR-E-U-0255.pdf,134.0,132.0,165.0,150.0,321,470.0,32.0,502.0,46.0,456.0,0.0,35.0,237.0,0.0,138.0,0.0,134.0,164.0,46.0,210.0,39.0,171.0,0.0,17.0,84.0,91.0,10.0,0.0,0.0,728,85,813,93,720,0,57,374,91,181,0,159,2021-22,107.0,86.0,1063656.0,11.0,120.0,120.0,108.7,82.3,120.0,1013660.0,2021-22,103.0,59.0,1000000.0,18.0,135.0,150.0,87.0,31.7,150.0,896667.0,230.0,162.0,29.0,290.0,0.7043,0.8304,0.7931,1063656.0,203.0,61.0,21.0,7.0,18.3,25828456.0,65684494.0,125852.0,12720250.0,403194134.0,316899764.0,283534.0,102394660.0,688836318.0,131.0,18561910.0,39.0,4867708.0,2.5,101.0,10.06,10.5,88.6,0.0,33.5,125947.0,847277.0,22.0,22.0,94.0,7.0,101.0,8.0,93.0,0.0,5.0,53.0,0.0,33.0,0.0,25.0,2021-22,20.0,17.0,1063656.0,0.0,20.0,20.0,18.7,16.0,20.0,1013660.0,,,,,,,,,,,,,,,,,,,,,,,,,,,,,,,,,,,,,,,,,,,,,,,,,,,,,,,,,,,,,
National Institute of Technology Calicut,IR-E-U-0263,2023,Engineering,data/raw/pdf/2023/Engineering/IR-E-U-0263.pdf,920.0,920.0,430.0,430.0,1350,2686.0,1011.0,3697.0,1663.0,1998.0,36.0,1406.0,1689.0,397.0,2011.0,45.0,642.0,670.0,186.0,856.0,170.0,683.0,3.0,390.0,410.0,9.0,791.0,0.0,0.0,3356,1197,4553,1833,2681,39,1796,2099,406,2802,45,642,2021-22,861.0,759.0,1080000.0,84.0,887.0,890.0,837.3,741.0,890.0,1010000.0,2021-22,421.0,364.0,980000.0,45.0,428.0,430.0,389.7,332.0,430.0,955000.0,1282.0,1123.0,129.0,1320.0,0.876,0.9766,0.9712,1080000.0,656.0,7.0,89.0,0.0,91.3,6133683.0,183026402.0,9019423.0,130898712.0,1315871601.0,573976865.0,20042414.0,262553545.0,1656532734.0,236.0,112480222.0,383.0,10423996.0,2.5,326.0,15.98,26.3,58.9,0.86,71.4,57666.0,363833.0,,,,,,,,,,,,,,,,,,,,,,,,,,,,,,,,,,,,,,,,,,,,,,,,,,,,,,,,,,,,,,,,,,,,,,,,,,,,,,,,,,,,,,
Atal Bihari Vajpayee Indian Institute of Information Technology and Management,IR-E-U-0267,2023,Engineering,data/raw/pdf/2023/Engineering/IR-E-U-0267.pdf,74.0,74.0,50.0,50.0,124,261.0,46.0,307.0,27.0,257.0,23.0,18.0,138.0,108.0,12.0,0.0,36.0,53.0,23.0,76.0,16.0,60.0,0.0,9.0,29.0,11.0,0.0,0.0,27.0,314,69,383,43,317,23,27,167,119,12,0,63,2021-22,62.0,52.0,2000000.0,10.0,65.0,66.0,34.0,29.3,35.7,1193667.0,2021-22,88.0,78.0,1920000.0,10.0,93.0,93.0,75.4,67.8,99.6,1433200.0,150.0,130.0,20.0,159.0,0.8667,1.0,0.9434,2000000.0,45.0,6.0,7.0,0.0,6.7,21823564.0,3175769.0,1287012.0,1328077.0,170376602.0,89396343.0,2398638.0,27611352.0,264706309.0,96.0,12214649.0,4.0,2829858.0,2.5,46.0,9.3,18.0,82.8,6.01,34.2,72092.0,691139.0,,,,,,,,,,,,,,,,,,,,,,,,,,,,,,,,,,,,,,,,,,,,,,,,,,,,,,,,,,,,,,,,,,,,,,,,,,,,,,,,,,,,,,
Indian Institute of Technology Indore,IR-E-U-0273,2023,Engineering,data/raw/pdf/2023/Engineering/IR-E-U-0273.pdf,360.0,360.0,265.0,235.0,625,1016.0,243.0,1259.0,204.0,1055.0,0.0,95.0,651.0,24.0,452.0,0.0,270.0,296.0,87.0,383.0,43.0,337.0,3.0,0.0,170.0,0.0,0.0,0.0,170.0,1312,330,1642,247,1392,3,95,821,24,452,0,440,2021-22,247.0,209.0,1850000.0,15.0,264.0,275.0,236.0,165.3,265.0,1633333.0,2020-21,137.0,24.0,1000000.0,22.0,142.0,188.0,129.5,16.5,178.0,1050000.0,384.0,233.0,37.0,463.0,0.6068,0.7031,0.8294,1850000.0,521.0,26.0,96.0,0.0,82.3,33385164.0,112076792.0,0.0,54747127.0,558261242.0,439197669.0,8881716.0,237911027.0,966525478.0,879.0,246325533.0,132.0,19784264.0,2.5,205.0,10.55,20.1,84.8,0.18,29.0,144891.0,588627.0,,,,,,,,,,,,,,,,,,,,,,,,,,,,,,,,,,,,,,,,,,,,,,,,,,,,,,,,,,,,,,,,,,,,,,,,,,,,,,,,,,,,,,
Maulana Azad National Institute of Technology,IR-E-U-0284,2023,Engineering,data/raw/pdf/2023/Engineering/IR-E-U-0284.pdf,1021.0,1021.0,618.0,578.0,1639,3053.0,719.0,3772.0,1848.0,1840.0,84.0,996.0,1867.0,227.0,2258.0,0.0,378.0,601.0,223.0,824.0,322.0,502.0,0.0,194.0,404.0,0.0,180.0,0.0,418.0,3654,942,4596,2170,2342,84,1190,2271,227,2438,0,796,2021-22,833.0,666.0,1100000.0,22.0,835.0,828.0,811.7,628.0,820.7,900000.0,2021-22,0.0,0.0,0.0,0.0,0.0,0.0,121.8,68.0,209.2,404000.0,833.0,666.0,22.0,828.0,0.7995,0.8259,1.006,1100000.0,306.0,0.0,19.0,31.0,59.7,44506863.0,25300567.0,93839064.0,159182034.0,825071628.0,139791542.0,3027420.0,182350811.0,866350660.0,124.0,27849942.0,1124.0,56130812.0,2.5,230.0,21.31,20.5,51.0,1.83,58.0,39676.0,188501.0,,,,,,,,,,,,,,,,,,,,,,,,,,,,,,,,,,,,,,,,,,,,,,,,,,,,,,,,,,,,,,,,,,,,,,,,,,,,,,,,,,,,,,
"Pandit Dwarka Prasad Mishra Indian Institute of Information Technology, Design and Manufacturing (IIITDM) Jabalpur",IR-E-U-0286,2023,Engineering,data/raw/pdf/2023/Engineering/IR-E-U-0286.pdf,502.0,502.0,110.0,110.0,612,1405.0,171.0,1576.0,225.0,1340.0,11.0,179.0,822.0,590.0,327.0,0.0,84.0,89.0,22.0,111.0,38.0,71.0,2.0,5.0,43.0,48.0,0.0,0.0,0.0,1494,193,1687,263,1411,13,184,865,638,327,0,84,2021-22,271.0,228.0,1100000.0,33.0,300.0,300.0,276.3,195.3,300.0,933333.0,2021-22,68.0,55.0,850000.0,5.0,81.0,110.0,79.7,44.0,125.0,876667.0,339.0,283.0,38.0,410.0,0.8348,0.9469,0.8268,1100000.0,200.0,4.0,24.0,0.0,23.7,16063553.0,14353031.0,953291.0,35283740.0,234986459.0,206099666.0,3131108.0,56719591.0,420880097.0,131.0,27893229.0,27.0,2351663.0,2.5,73.0,25.85,11.4,83.6,0.77,57.2,33622.0,249484.0,,,,,,,,,,,,,,,,,,,,,,,,,,,,,,,,,,,,,,,,,,,,,,,,,,,,,,,,,,,,,,,,,,,,,,,,,,,,,,,,,,,,,,
Defence Institute of Advanced Technology,IR-E-U-0297,2023,Engineering,data/raw/pdf/2023/Engineering/IR-E-U-0297.pdf,,,370.0,448.0,370,,,,,,,,,,,,,300.0,246.0,546.0,95.0,444.0,7.0,130.0,192.0,299.0,12.0,11.0,0.0,300,246,546,95,444,7,130,192,299,12,11,0,,,,,,,,,,,,2021-22,215.0,208.0,1950000.0,7.0,228.0,448.0,218.3,196.0,414.7,1716667.0,215.0,208.0,7.0,448.0,0.9674,1.0,0.4799,,68.0,72.0,7.0,7.0,29.7,23851984.0,75027262.0,59717261.0,65000000.0,198920151.0,126312227.0,37180000.0,167436250.0,296800143.0,55.0,150938321.0,33.0,61875262.0,2.5,67.0,9.16,45.1,81.3,1.28,59.0,306660.0,543590.0,,,,,,,,,,,,,,,,,,,,,,,,,,,,,,,,,,,,,,,,,,,,,,,,,,,,,,,,,,,,,,,,,,,,,,,,,,,,,,,,,,,,,,
Indian Institute of Technology Bombay,IR-E-U-0306,2023,Engineering,data/raw/pdf/2023/Engineering/IR-E-U-0306.pdf,1039.0,1030.0,1371.0,1363.0,2612,3573.0,768.0,4341.0,1208.0,3110.0,23.0,285.0,2246.0,1023.0,564.0,172.0,772.0,2449.0,514.0,2963.0,532.0,2357.0,74.0,119.0,1356.0,518.0,141.0,0.0,816.0,6966,1478,8444,2181,6164,99,459,4177,1799,804,206,1827,2021-22,674.0,591.0,1880000.0,83.0,858.0,825.0,659.0,518.3,807.0,1479667.0,2021-22,853.0,623.0,1476188.0,230.0,1305.0,1363.0,826.7,457.7,1187.0,1325396.0,1687.0,1371.0,316.0,2330.0,0.8127,1.0,0.724,1880000.0,3745.0,303.0,416.0,26.0,328.3,375450963.0,859086724.0,99980000.0,4039780.0,6014661181.0,1774612987.0,9177625.0,1396388080.0,7134092478.0,4246.0,3106222753.0,3332.0,591100000.0,2.5,719.0,16.95,17.5,73.0,1.17,33.3,165370.0,844871.0,202.0,211.0,944.0,196.0,1140.0,441.0,697.0,2.0,55.0,575.0,258.0,99.0,34.0,239.0,2021-22,160.0,157.0,2000000.0,3.0,163.0,142.0,160.0,144.5,148.0,1819010.0,,,,,,,,,,,,,,,,,,,,,,,,,,,,,,,,,,,,,,,,,,,,,,,,,,,,,,,,,,,,,
Institute of Chemical Technology,IR-E-U-0308,2023,Engineering,data/raw/pdf/2023/Engineering/IR-E-U-0308.pdf,211.0,211.0,385.0,385.0,596,651.0,261.0,912.0,756.0,154.0,2.0,59.0,59.0,59.0,0.0,33.0,26.0,376.0,316.0,692.0,394.0,298.0,0.0,6.0,355.0,102.0,0.0,0.0,259.0,1027,577,1604,1150,452,2,65,414,161,0,33,285,2021-22,209.0,107.0,800000.0,70.0,226.0,211.0,216.0,100.7,211.0,718333.0,2021-22,0.0,0.0,0.0,0.0,0.0,0.0,101.6,57.6,108.8,215000.0,209.0,107.0,70.0,211.0,0.512,0.8469,0.9905,800000.0,245.0,62.0,45.0,3.0,84.7,8463850.0,186985003.0,700000.0,40727980.0,513672772.0,380966888.0,8311523.0,324431302.0,856508116.0,461.0,320002275.0,580.0,46297067.0,2.5,182.0,10.16,36.0,28.2,0.12,12.1,202264.0,533983.0,,,,,,,,,,,,,,,,,,,,,,,,,,,,,,,,,,,,,,,,,,,,,,,,,,,,,,,,,,,,,,,,,,,,,,,,,,,,,,,,,,,,,,
"Visvesvaraya National Institute of Technology, Nagpur",IR-E-U-0334,2023,Engineering,data/raw/pdf/2023/Engineering/IR-E-U-0334.pdf,855.0,855.0,450.0,450.0,1305,2658.0,660.0,3318.0,1596.0,1633.0,89.0,272.0,1788.0,0.0,744.0,0.0,1316.0,513.0,149.0,662.0,264.0,398.0,0.0,57.0,367.0,0.0,63.0,0.0,361.0,3171,809,3980,1860,2031,89,329,2155,0,807,0,1677,2021-22,672.0,669.0,1100000.0,3.0,878.0,860.0,665.7,555.3,742.7,931667.0,2021-22,313.0,281.0,750000.0,32.0,406.0,450.0,275.0,164.7,420.0,793000.0,985.0,950.0,35.0,1310.0,0.9645,1.0,0.7519,1100000.0,486.0,53.0,45.0,4.0,53.0,25165401.0,79557701.0,963000.0,276492532.0,1036408787.0,304676693.0,5371544.0,401996755.0,1293254287.0,381.0,149247590.0,1285.0,174085797.0,2.5,294.0,15.19,20.3,51.0,2.24,20.3,101004.0,324938.0,,,,,,,,,,,,,,,,,,,,,,,,,,,,,,,,,,,,,,,,,,,,,,,,,,,,,,,,,,,,,,,,,,,,,,,,,,,,,,,,,,,,,,
Indian Institute of Technology Bhubaneswar,IR-E-U-0355,2023,Engineering,data/raw/pdf/2023/Engineering/IR-E-U-0355.pdf,355.0,355.0,246.0,246.0,721,1013.0,225.0,1238.0,59.0,1179.0,0.0,99.0,631.0,232.0,449.0,0.0,49.0,264.0,47.0,311.0,42.0,269.0,0.0,23.0,153.0,0.0,45.0,0.0,131.0,1679,354,2033,126,1907,0,149,1025,285,636,0,253,2021-22,254.0,236.0,1500000.0,15.0,265.0,260.0,232.0,196.0,246.7,1400000.0,2021-22,168.0,142.0,1250000.0,7.0,221.0,246.0,153.7,93.0,221.3,1094000.0,503.0,436.0,22.0,596.0,0.8668,0.9105,0.844,1500000.0,419.0,0.0,55.0,0.0,41.7,96036283.0,83246887.0,22133973.0,44266661.0,481787058.0,489765903.0,3978935.0,226717440.0,909353019.0,461.0,132492293.0,234.0,45329009.0,2.5,131.0,18.72,17.4,93.8,0.0,45.3,111519.0,447296.0,120.0,120.0,402.0,82.0,484.0,25.0,459.0,0.0,27.0,241.0,53.0,142.0,0.0,73.0,2021-22,81.0,58.0,1600000.0,0.0,83.0,90.0,40.5,29.0,45.0,800000.0,,,,,,,,,,,,,,,,,,,,,,,,,,,,,,,,,,,,,,,,,,,,,,,,,,,,,,,,,,,,,
Kalinga Institute of Industrial Technology,IR-E-U-0356,2023,Engineering,data/raw/pdf/2023/Engineering/IR-E-U-0356.pdf,3300.0,3300.0,212.0,212.0,3512,7187.0,7006.0,14193.0,143.0,12945.0,1105.0,31.0,2257.0,220.0,714.0,825.0,529.0,87.0,131.0,218.0,7.0,172.0,39.0,48.0,29.0,9.0,68.0,0.0,0.0,7274,7137,14411,150,13117,1144,79,2286,229,782,825,529,2021-22,3789.0,1751.0,450000.0,101.0,3708.0,3450.0,3778.3,1839.3,3450.0,516333.0,2021-22,111.0,103.0,800000.0,8.0,112.0,212.0,107.7,100.0,212.0,800000.0,3900.0,1854.0,109.0,3662.0,0.4754,0.5033,1.065,450000.0,1186.0,0.0,118.0,0.0,90.0,108178120.0,368177194.0,9677795.0,227529868.0,1611827581.0,2181902743.0,160780061.0,775780247.0,3654464651.0,205.0,90221830.0,123.0,34043195.0,2.5,1042.0,14.97,49.5,91.0,7.94,12.7,53833.0,253589.0,,,,,,,,,,,,,,,,,,,,,,,,,,,,,,,,,,,,,,,,,,,,,,,,,,,,,,,,,,,,,,,,,,,,,,,,,,,,,,,,,,,,,,
National Institute of Technology Rourkela,IR-E-U-0357,2023,Engineering,data/raw/pdf/2023/Engineering/IR-E-U-0357.pdf,888.0,888.0,725.0,725.0,1613,3294.0,713.0,4007.0,1833.0,1972.0,202.0,639.0,1932.0,144.0,2063.0,42.0,322.0,970.0,242.0,1212.0,146.0,1056.0,10.0,280.0,628.0,10.0,898.0,0.0,0.0,4264,955,5219,1979,3028,212,919,2560,154,2961,42,322,2021-22,712.0,640.0,1000000.0,15.0,823.0,710.0,616.0,527.0,676.7,815833.0,2021-22,36.0,29.0,697000.0,1.0,41.0,40.0,241.2,148.4,336.6,777400.0,748.0,669.0,16.0,750.0,0.8944,0.9158,0.9973,1000000.0,636.0,199.0,123.0,0.0,109.0,20657104.0,109660339.0,40950683.0,18784516.0,1093638806.0,998922761.0,25776304.0,180289846.0,2025354943.0,244.0,180875870.0,237.0,41143308.0,2.5,360.0,16.26,18.3,58.0,4.06,60.5,34545.0,388073.0,,,,,,,,,,,,,,,,,,,,,,,,,,,,,,,,,,,,,,,,,,,,,,,,,,,,,,,,,,,,,,,,,,,,,,,,,,,,,,,,,,,,,,
Siksha `O` Anusandhan,IR-E-U-0363,2023,Engineering,data/raw/pdf/2023/Engineering/IR-E-U-0363.pdf,2160.0,1860.0,90.0,90.0,2250,3563.0,4496.0,8059.0,1413.0,6564.0,82.0,614.0,1396.0,15.0,653.0,0.0,1342.0,59.0,75.0,134.0,35.0,97.0,2.0,9.0,19.0,2.0,5.0,0.0,21.0,3622,4571,8193,1448,6661,84,623,1415,17,658,0,1363,2021-22,1472.0,1297.0,450000.0,95.0,1448.0,1860.0,1490.0,1326.3,1700.0,403333.0,2020-21,73.0,54.0,400000.0,16.0,74.0,90.0,51.5,39.5,90.0,375000.0,1545.0,1351.0,111.0,1950.0,0.8744,0.9463,0.7923,450000.0,771.0,98.0,57.0,0.0,65.7,24587610.0,567421951.0,152894711.0,108885007.0,1381391664.0,1414728444.0,17378213.0,700238185.0,2531037834.0,212.0,73624667.0,52.0,125069667.0,2.5,622.0,14.41,55.8,81.3,1.03,8.2,85468.0,308927.0,,,,,,,,,,,,,,,,,,,,,,,,,,,,,,,,,,,,,,,,,,,,,,,,,,,,,,,,,,,,,,,,,,,,,,,,,,,,,,,,,,,,,,
Chitkara University,IR-E-U-0373,2023,Engineering,data/raw/pdf/2023/Engineering/IR-E-U-0373.pdf,2100.0,2040.0,,,2115,4735.0,2326.0,7061.0,2176.0,4874.0,11.0,285.0,678.0,78.0,139.0,2.0,744.0,,,,,,,,,,,,,4754,2337,7091,2189,4891,11,295,680,78,151,2,744,2021-22,1078.0,859.0,760000.0,65.0,1121.0,1440.0,1028.3,714.7,1300.0,611333.0,,,,,,,,,,,,1086.0,867.0,65.0,1485.0,0.7983,0.8582,0.7313,760000.0,90.0,195.0,3.0,23.0,24.3,4470065.0,12141234.0,9553334.0,89824462.0,664079701.0,604359659.0,384250.0,140599943.0,1132002485.0,85.0,2645061.0,131.0,43754492.0,2.5,555.0,12.94,33.0,69.0,0.16,3.3,19828.0,159639.0,,,,,,,,,,,,,,,,,,,,,,,,,,15.0,18.0,19.0,11.0,30.0,13.0,17.0,0.0,10.0,2.0,0.0,12.0,0.0,0.0,2021-22,8.0,8.0,600000.0,0.0,16.0,45.0,14.7,14.7,48.0,516667.0,,,,,,,,,,,,,,,,,,,,,,,,,,,,,,,,,,,,
"Dr. B R Ambedkar National Institute of Technology, Jalandhar",IR-E-U-0374,2023,Engineering,data/raw/pdf/2023/Engineering/IR-E-U-0374.pdf,1117.0,1117.0,609.0,496.0,1726,2636.0,1384.0,4020.0,1891.0,2094.0,35.0,329.0,2016.0,0.0,2091.0,85.0,169.0,492.0,394.0,886.0,94.0,792.0,0.0,55.0,329.0,0.0,360.0,0.0,24.0,3128,1778,4906,1985,2886,35,384,2345,0,2451,85,193,2021-22,662.0,556.0,891000.0,83.0,794.0,807.0,681.7,457.7,793.0,723000.0,2020-21,311.0,60.0,650000.0,74.0,312.0,380.0,239.5,51.5,312.0,650000.0,973.0,616.0,157.0,1187.0,0.6331,0.7945,0.8197,891000.0,319.0,232.0,47.0,25.0,59.7,30328469.0,64923148.0,958749.0,13103429.0,753824026.0,327937598.0,2197815.0,108577536.0,984575962.0,155.0,35717271.0,301.0,12044319.0,2.5,398.0,13.13,36.2,58.8,0.71,51.7,22132.0,200688.0,,,,,,,,,,,,,,,,,,,,,,,,,,,,,,,,,,,,,,,,,,,,,,,,,,,,,,,,,,,,,,,,,,,,,,,,,,,,,,,,,,,,,,
Indian Institute of Technology Ropar,IR-E-U-0378,2023,Engineering,data/raw/pdf/2023/Engineering/IR-E-U-0378.pdf,370.0,370.0,251.0,265.0,621,1075.0,237.0,1312.0,107.0,1205.0,0.0,562.0,664.0,11.0,670.0,0.0,545.0,380.0,89.0,469.0,27.0,429.0,13.0,47.0,229.0,0.0,25.0,0.0,251.0,1455,326,1781,134,1634,13,609,893,11,695,0,796,2021-22,271.0,229.0,1714000.0,7.0,292.0,297.0,211.7,173.7,234.0,1391333.0,2021-22,9.0,7.0,3725000.0,0.0,10.0,12.0,83.8,49.0,107.0,1377800.0,280.0,236.0,7.0,309.0,0.8429,0.8679,0.9061,1714000.0,655.0,82.0,42.0,10.0,37.3,39879613.0,175879552.0,9914230.0,19760201.0,592137411.0,607049468.0,13349937.0,576228818.0,1174386556.0,354.0,230097822.0,257.0,36369895.0,2.5,170.0,14.33,18.3,91.7,0.73,39.6,323542.0,659397.0,,,,,,,,,,,,,,,,,,,,,,,,,,,,,,,,,,,,,,,,,,,,,,,,,,,,,,,,,,,,,,,,,,,,,,,,,,,,,,,,,,,,,,
Lovely Professional University,IR-E-U-0379,2023,Engineering,data/raw/pdf/2023/Engineering/IR-E-U-0379.pdf,3085.0,4150.0,144.0,141.0,3229,13445.0,2074.0,15519.0,791.0,14190.0,538.0,3310.0,2842.0,0.0,0.0,0.0,6152.0,209.0,70.0,279.0,23.0,222.0,34.0,70.0,16.0,0.0,0.0,0.0,86.0,13654,2144,15798,814,14412,572,3380,2858,0,0,0,6238,2021-22,3543.0,2435.0,707000.0,392.0,3365.0,3720.0,4214.7,2147.3,4480.0,519000.0,2021-22,53.0,49.0,810000.0,1.0,57.0,60.0,69.0,42.2,80.0,594000.0,3596.0,2484.0,393.0,3780.0,0.6908,0.8001,0.9513,707000.0,358.0,544.0,18.0,76.0,60.7,27160432.0,14509224.0,0.0,17266195.0,837290558.0,734474366.0,1932387.0,100717947.0,1813580232.0,120.0,15125952.0,178.0,13604299.0,2.5,1080.0,14.96,13.6,91.2,3.62,0.0,6375.0,114798.0,,,,,,,,,,,,,,,,,,,,,,,,,,,,,,,,,,,,,,,,,,,,,,,,,,,,,,,,,,,,,,,,,,,,,,,,,,,,,,,,,,,,,,
Banasthali Vidyapith,IR-E-U-0389,2023,Engineering,data/raw/pdf/2023/Engineering/IR-E-U-0389.pdf,930.0,930.0,162.0,162.0,1092,0.0,3109.0,3109.0,277.0,2688.0,144.0,1155.0,180.0,182.0,910.0,43.0,200.0,0.0,88.0,88.0,12.0,76.0,0.0,48.0,1.0,0.0,49.0,0.0,0.0,0,3197,3197,289,2764,144,1203,181,182,959,43,200,2021-22,853.0,759.0,750000.0,71.0,869.0,930.0,813.0,698.7,790.0,616667.0,2021-22,44.0,19.0,560000.0,11.0,45.0,162.0,48.7,15.3,162.0,480000.0,897.0,778.0,82.0,1092.0,0.8673,0.9588,0.8214,750000.0,202.0,0.0,58.0,0.0,60.7,9382830.0,64765419.0,45129018.0,17213600.0,527856417.0,178952762.0,49724.0,118252963.0,655974249.0,20.0,42757163.0,12.0,19316213.0,2.5,276.0,12.32,100.0,86.5,4.5,37.0,36989.0,205184.0,,,,,,,,,,,,,,,,,,,,,,,,,,,,,,,,,,,,,,,,,,,,,,,,,,,,,,,,,,,,,,,,,,,,,,,,,,,,,,,,,,,,,,
Birla Institute of Technology & Science -Pilani,IR-E-U-0391,2023,Engineering,data/raw/pdf/2023/Engineering/IR-E-U-0391.pdf,2691.0,2806.0,664.0,704.0,3355,9647.0,1330.0,10977.0,2564.0,7994.0,419.0,2424.0,534.0,0.0,11.0,0.0,2947.0,1086.0,277.0,1363.0,131.0,1232.0,0.0,591.0,259.0,0.0,0.0,0.0,850.0,10733,1607,12340,2695,9226,419,3015,793,0,11,0,3797,2021-22,2762.0,2470.0,1820000.0,89.0,2779.0,2779.0,2445.3,2169.3,2470.0,1506667.0,2020-21,659.0,564.0,1200000.0,22.0,664.0,664.0,639.0,520.0,643.0,1225000.0,3421.0,3034.0,111.0,3443.0,0.8869,0.9193,0.9936,1820000.0,511.0,198.0,51.0,32.0,65.7,90116457.0,303952781.0,27492623.0,157127208.0,2415679120.0,1062120142.0,1102634.0,688064670.0,3091614810.0,357.0,170462525.0,57.0,13316627.0,2.5,655.0,19.62,13.0,74.8,3.4,0.1,55759.0,250536.0,,,,,,,,,,,,,,,,,,,,,,,,,,,,,,,,,,,,,,,,,,,,,,,,,,,,,,,,,,,,,,,,,,,,,,,,,,,,,,,,,,,,,,
Indian Institute of Technology Jodhpur,IR-E-U-0395,2023,Engineering,data/raw/pdf/2023/Engineering/IR-E-U-0395.pdf,490.0,490.0,199.0,176.0,689,1214.0,247.0,1461.0,309.0,1152.0,0.0,242.0,724.0,0.0,535.0,0.0,431.0,268.0,106.0,374.0,75.0,294.0,5.0,98.0,149.0,0.0,54.0,0.0,193.0,1482,353,1835,384,1446,5,340,873,0,589,0,624,2021-22,207.0,164.0,1500000.0,43.0,219.0,247.0,163.3,126.0,182.3,1308333.0,2021-22,127.0,83.0,1150000.0,44.0,176.0,176.0,96.0,58.0,124.7,1100000.0,334.0,247.0,87.0,423.0,0.7395,1.0,0.7896,1500000.0,582.0,58.0,12.0,4.0,24.7,31578203.0,396024778.0,17230645.0,165797521.0,591593878.0,1063070705.0,1648564.0,508708619.0,1328314454.0,482.0,331939449.0,70.0,36618888.0,2.5,218.0,11.09,19.2,78.8,0.27,32.1,277225.0,723877.0,,,,,,,,,,,,,,,,,,,,,,,,,,,,,,,,,,,,,,,,,,,,,,,,,,,,,,,,,,,,,,,,,,,,,,,,,,,,,,,,,,,,,,
Malaviya National Institute of Technology,IR-E-U-0410,2023,Engineering,data/raw/pdf/2023/Engineering/IR-E-U-0410.pdf,811.0,832.0,573.0,573.0,1384,2496.0,629.0,3125.0,1503.0,1544.0,78.0,244.0,1496.0,36.0,1447.0,0.0,257.0,653.0,204.0,857.0,343.0,514.0,0.0,61.0,381.0,0.0,180.0,0.0,262.0,3149,833,3982,1846,2058,78,305,1877,36,1627,0,519,2021-22,655.0,549.0,900000.0,8.0,698.0,648.0,639.0,479.3,648.0,803333.0,2021-22,393.0,263.0,937000.0,15.0,496.0,573.0,362.0,207.7,530.3,812333.0,1048.0,812.0,23.0,1221.0,0.7748,0.7968,0.8583,900000.0,595.0,266.0,65.0,32.0,90.0,15943756.0,17688747.0,0.0,17594468.0,917948614.0,399517947.0,3258801.0,128814825.0,1227158865.0,80.0,92368795.0,918.0,117918798.0,2.5,257.0,17.81,20.9,51.7,1.96,41.8,32349.0,308177.0,,,,,,,,,,,,,,,,,,,,,,,,,,,,,,,,,,,,,,,,,,,,,,,,,,,,,,,,,,,,,,,,,,,,,,,,,,,,,,,,,,,,,,
Amrita Vishwa Vidyapeetham,IR-E-U-0436,2023,Engineering,data/raw/pdf/2023/Engineering/IR-E-U-0436.pdf,3240.0,2580.0,1039.0,662.0,4279,8791.0,2403.0,11194.0,3477.0,7612.0,105.0,2386.0,3982.0,77.0,3757.0,11.0,2523.0,846.0,503.0,1349.0,427.0,917.0,5.0,420.0,540.0,79.0,566.0,1.0,314.0,9637,2906,12543,3904,8529,110,2806,4522,156,4323,12,2837,2021-22,2058.0,1621.0,450000.0,252.0,2202.0,2100.0,2141.3,1620.3,2080.0,448333.0,2021-22,681.0,489.0,640500.0,172.0,778.0,662.0,459.7,289.7,827.3,538500.0,2739.0,2110.0,424.0,2762.0,0.7704,0.9252,0.9917,450000.0,276.0,703.0,11.0,34.0,37.0,206587977.0,273590836.0,231255458.0,266783031.0,1479385330.0,1571297334.0,42413665.0,555314346.0,2302776643.0,170.0,455708344.0,141.0,66845694.0,2.5,1087.0,11.79,23.2,68.0,0.88,35.8,44273.0,183591.0,,,,,,,,,,,,,,,,,,,,,,,,,,,,,,,,,,,,,,,,,,,,,,,,,,,,,,,,,,,,,,,,,,,,,,,,,,,,,,,,,,,,,,
Anna University,IR-E-U-0439,2023,Engineering,data/raw/pdf/2023/Engineering/IR-E-U-0439.pdf,2290.0,2470.0,1407.0,1445.0,3697,5515.0,3657.0,9172.0,8947.0,105.0,120.0,632.0,7083.0,3926.0,75.0,540.0,3174.0,848.0,743.0,1591.0,1541.0,48.0,2.0,116.0,1387.0,511.0,2.0,0.0,990.0,6363,4400,10763,10488,153,122,748,8470,4437,77,540,4164,2021-22,2633.0,1669.0,630000.0,142.0,2878.0,2740.0,2332.0,1336.0,2740.0,560000.0,2020-21,1052.0,356.0,500000.0,69.0,1141.0,1698.0,1171.0,326.0,1704.0,520000.0,3685.0,2025.0,211.0,4438.0,0.5495,0.6068,0.8303,630000.0,1046.0,629.0,153.0,117.0,221.7,38198248.0,251514796.0,1977165.0,13185090.0,2522026452.0,366998019.0,13709721.0,682707092.0,2704050883.0,286.0,403726671.0,3104.0,247279355.0,2.5,888.0,13.3,40.9,1.4,1.13,47.0,63431.0,251236.0,,,,,,,,,,,,,,,,,,,,,,,,,,,,,,,,,,,,,,,,,,,,,,,,,,,,,,,,,,,,,,,,,,,,,,,,,,,,,,,,,,,,,,
Indian Institute of Technology Madras,IR-E-U-0456,2023,Engineering,data/raw/pdf/2023/Engineering/IR-E-U-0456.pdf,877.0,877.0,511.0,510.0,1810,2489.0,583.0,3072.0,526.0,2544.0,2.0,355.0,1619.0,173.0,1079.0,344.0,378.0,863.0,157.0,1020.0,76.0,925.0,19.0,276.0,530.0,0.0,714.0,81.0,11.0,5464,1179,6643,1118,5504,21,1136,3259,213,2886,703,593,2021-22,388.0,297.0,1700000.0,78.0,414.0,488.0,366.7,291.7,473.3,1566667.0,2021-22,313.0,285.0,1300000.0,21.0,358.0,510.0,323.3,267.7,449.3,1266667.0,1263.0,1046.0,188.0,1615.0,0.8282,0.977,0.782,1700000.0,2392.0,43.0,231.0,0.0,234.3,219593796.0,4525906053.0,16830244.0,1062045121.0,6441607707.0,7509570465.0,108033204.0,3292237124.0,11346570375.0,1958.0,4318966858.0,2878.0,1902008265.0,2.5,684.0,13.21,17.7,82.9,0.32,57.2,495595.0,1708049.0,177.0,177.0,1359.0,291.0,1650.0,349.0,1301.0,0.0,178.0,778.0,40.0,703.0,86.0,127.0,2021-22,426.0,352.0,1896000.0,65.0,442.0,372.0,361.3,295.7,372.0,1682000.0,245.0,245.0,753.0,148.0,901.0,167.0,734.0,0.0,327.0,332.0,0.0,390.0,192.0,77.0,2021-22,136.0,112.0,1500000.0,24.0,222.0,245.0,147.7,113.0,245.0,1364667.0,,,,,,,,,,,,,,,,,,,,,,,,,,,,,,,,,,,,
Kalasalingam Academy of Research and Education,IR-E-U-0458,2023,Engineering,data/raw/pdf/2023/Engineering/IR-E-U-0458.pdf,1590.0,1470.0,108.0,132.0,1698,2640.0,2996.0,5636.0,1788.0,3661.0,187.0,1176.0,3696.0,254.0,2049.0,572.0,1997.0,126.0,107.0,233.0,86.0,128.0,19.0,9.0,145.0,17.0,54.0,14.0,69.0,2766,3103,5869,1874,3789,206,1185,3841,271,2103,586,2066,2021-22,1220.0,1147.0,550000.0,55.0,1257.0,1290.0,1239.3,1150.0,1340.0,477000.0,2020-21,130.0,108.0,578000.0,2.0,130.0,132.0,76.0,63.0,96.0,490000.0,1350.0,1255.0,57.0,1422.0,0.9296,0.9719,0.9494,550000.0,324.0,88.0,63.0,11.0,73.3,20938615.0,88201473.0,35294018.0,134520791.0,749358004.0,581258097.0,67582943.0,216390301.0,1224793684.0,644.0,13120073.0,361.0,75795079.0,2.5,426.0,14.54,52.9,64.6,3.51,50.4,36870.0,208689.0,,,,,,,,,,,,,,,,,,,,,,,,,,,,,,,,,,,,,,,,,,,,,,,,,,,,,,,,,,,,,,,,,,,,,,,,,,,,,,,,,,,,,,
National Institute of Technology Tiruchirappalli,IR-E-U-0467,2023,Engineering,data/raw/pdf/2023/Engineering/IR-E-U-0467.pdf,964.0,964.0,688.0,688.0,1652,3298.0,840.0,4138.0,1794.0,2227.0,117.0,494.0,2054.0,88.0,2060.0,72.0,328.0,1013.0,185.0,1198.0,83.0,1110.0,5.0,175.0,610.0,8.0,717.0,60.0,0.0,4311,1025,5336,1877,3337,122,669,2664,96,2777,132,328,2021-22,865.0,645.0,1200000.0,133.0,891.0,768.0,826.3,588.0,768.0,1110000.0,2021-22,572.0,527.0,950000.0,13.0,595.0,688.0,530.5,447.5,635.0,850000.0,1437.0,1172.0,146.0,1456.0,0.8156,0.9172,0.987,1200000.0,647.0,256.0,87.0,36.0,149.0,2634509.0,301048112.0,500000.0,395519048.0,1389753614.0,940335091.0,10396829.0,587107694.0,2372332008.0,115.0,241458336.0,210.0,51658756.0,2.5,377.0,15.87,19.2,62.5,2.29,56.3,110028.0,444590.0,,,,,,,,,,,,,,,,,,,,,,,,,,,,,,,,,,,,,,,,,,,,,,,,,,,,,,,,,,,,,,,,,,,,,,,,,,,,,,,,,,,,,,
S.R.M. Institute of Science and Technology,IR-E-U-0473,2023,Engineering,data/raw/pdf/2023/Engineering/IR-E-U-0473.pdf,4740.0,5550.0,684.0,839.0,5424,13234.0,5518.0,18752.0,2774.0,15584.0,394.0,3920.0,4452.0,45.0,1023.0,50.0,7254.0,444.0,303.0,747.0,126.0,572.0,49.0,75.0,300.0,0.0,375.0,0.0,0.0,13678,5821,19499,2900,16156,443,3995,4752,45,1398,50,7254,2021-22,4260.0,4001.0,450000.0,121.0,4441.0,6000.0,4532.3,4141.3,5321.7,403333.0,2021-22,359.0,329.0,550000.0,29.0,360.0,839.0,335.7,255.7,828.0,478333.0,4619.0,4330.0,150.0,6839.0,0.9374,0.9699,0.6754,450000.0,1500.0,373.0,60.0,106.0,151.3,121587012.0,475473312.0,115660134.0,114448165.0,2876893816.0,3238540122.0,31320000.0,730517620.0,5197466740.0,290.0,114385879.0,526.0,12725847.0,2.5,1512.0,13.89,29.9,82.9,2.27,7.7,37464.0,266550.0,,,,,,,,,,,,,,,,,,,,,,,,,,,,,,,,,,,,,,,,,,,,,,,,,,,,,,,,,,,,,,,,,,,,,,,,,,,,,,,,,,,,,,
Sathyabama Institute of Science and Technology,IR-E-U-0474,2023,Engineering,data/raw/pdf/2023/Engineering/IR-E-U-0474.pdf,2580.0,2940.0,150.0,150.0,2730,5766.0,4003.0,9769.0,1903.0,7815.0,51.0,1466.0,5861.0,865.0,1032.0,93.0,5337.0,136.0,160.0,296.0,126.0,169.0,1.0,12.0,132.0,11.0,84.0,2.0,47.0,5902,4163,10065,2029,7984,52,1478,5993,876,1116,95,5384,2021-22,1452.0,1186.0,425000.0,255.0,1507.0,2700.0,2185.3,1087.0,2856.0,388333.0,2020-21,72.0,66.0,470000.0,5.0,77.0,186.0,61.0,55.5,231.0,460000.0,1524.0,1252.0,260.0,2886.0,0.8215,0.9921,0.5281,425000.0,209.0,829.0,45.0,82.0,131.7,56826145.0,199349137.0,689415.0,97908486.0,1196944719.0,182442342.0,21225000.0,366766936.0,1345165879.0,411.0,73984099.0,270.0,28446500.0,2.5,1015.0,10.12,41.4,79.3,0.52,20.7,36440.0,133648.0,,,,,,,,,,,,,,,,,,,,,,,,,,,,,,,,,,,,,,,,,,,,,,,,,,,,,,,,,,,,,,,,,,,,,,,,,,,,,,,,,,,,,,
Shanmugha Arts Science Technology & Research Academy,IR-E-U-0476,2023,Engineering,data/raw/pdf/2023/Engineering/IR-E-U-0476.pdf,1980.0,1920.0,132.0,90.0,2112,4965.0,2675.0,7640.0,3998.0,3621.0,21.0,299.0,1229.0,70.0,139.0,36.0,1283.0,110.0,109.0,219.0,184.0,35.0,0.0,5.0,45.0,8.0,0.0,0.0,42.0,5075,2784,7859,4182,3656,21,304,1274,78,139,36,1325,2021-22,1751.0,1548.0,750000.0,102.0,1782.0,1800.0,1747.3,1540.3,1853.3,616667.0,2021-22,62.0,50.0,550000.0,2.0,63.0,64.0,89.0,60.4,106.8,430000.0,1813.0,1598.0,104.0,1864.0,0.8814,0.9388,0.9726,750000.0,393.0,125.0,47.0,24.0,66.0,32427774.0,349427816.0,0.0,1130851876.0,799670806.0,450969167.0,36436449.0,1043318433.0,1251789623.0,280.0,172894014.0,2030.0,214573398.0,2.5,624.0,13.22,35.4,46.5,0.27,3.2,132755.0,159281.0,,,,,,,,,,,,,,,,,,,,,,,,,,,,,,,,,,,,,,,,,,,,,,,,,,,,,,,,,,,,,,,,,,,,,,,,,,,,,,,,,,,,,,
Vel Tech Rangarajan Dr. Sagunthala R & D Institute of Science and Technology,IR-E-U-0489,2023,Engineering,data/raw/pdf/2023/Engineering/IR-E-U-0489.pdf,2220.0,2220.0,216.0,354.0,2436,7210.0,1378.0,8588.0,883.0,7493.0,212.0,1243.0,3839.0,0.0,3621.0,0.0,1461.0,176.0,32.0,208.0,153.0,51.0,4.0,5.0,153.0,0.0,0.0,0.0,158.0,7386,1410,8796,1036,7544,216,1248,3992,0,3621,0,1619,2021-22,1873.0,1010.0,383000.0,181.0,2016.0,2400.0,1549.3,771.3,2120.0,374333.0,2020-21,102.0,90.0,500000.0,3.0,115.0,354.0,88.0,80.0,354.0,500000.0,1975.0,1100.0,184.0,2754.0,0.557,0.6501,0.7171,383000.0,88.0,318.0,2.0,39.0,37.7,717008.0,13354250.0,2218739.0,24910693.0,502710372.0,305906753.0,3584688.0,54855423.0,715678278.0,59.0,23284245.0,122.0,9880890.0,2.5,686.0,12.95,16.0,85.8,2.46,41.2,6236.0,81364.0,,,,,,,,,,,,,,,,,,,,,,,,,,,,,,,,,,,,,,,,,,,,,,,,,,,,,,,,,,,,,,,,,,,,,,,,,,,,,,,,,,,,,,
Vellore Institute of Technology,IR-E-U-0490,2023,Engineering,data/raw/pdf/2023/Engineering/IR-E-U-0490.pdf,7620.0,7500.0,1551.0,1521.0,9171,26375.0,6756.0,33131.0,6740.0,25101.0,1290.0,10416.0,8926.0,9.0,252.0,0.0,19081.0,1827.0,963.0,2790.0,818.0,1956.0,16.0,953.0,1265.0,0.0,0.0,0.0,2218.0,28202,7719,35921,7558,27057,1306,11369,10191,9,252,0,21299,2021-22,6177.0,4199.0,810000.0,957.0,6435.0,7100.0,5657.0,3655.0,6755.3,703333.0,2021-22,683.0,585.0,700000.0,26.0,700.0,660.0,933.0,516.0,1107.8,579000.0,6860.0,4784.0,983.0,7760.0,0.6974,0.8407,0.884,810000.0,1553.0,599.0,145.0,99.0,283.7,4271984.0,152746414.0,3942784.0,418975781.0,4102448117.0,1102119354.0,3781213.0,596098469.0,5190641007.0,337.0,144750962.0,377.0,15126214.0,2.5,2947.0,12.72,21.5,75.3,3.64,0.7,16595.0,144502.0,,,,,,,,,,,,,,,,,,,,,,,,,,,,,,,,,,,,,,,,,,,,,,,,,,,,,,,,,,,,,,,,,,,,,,,,,,,,,,,,,,,,,,
National Institute of Technology Agartala,IR-E-U-0493,2023,Engineering,data/raw/pdf/2023/Engineering/IR-E-U-0493.pdf,959.0,959.0,270.0,270.0,1229,2485.0,781.0,3266.0,1487.0,1779.0,0.0,1358.0,1155.0,972.0,1184.0,265.0,92.0,225.0,76.0,301.0,108.0,193.0,0.0,4.0,156.0,22.0,0.0,0.0,138.0,2710,857,3567,1595,1972,0,1362,1311,994,1184,265,230,2021-22,681.0,619.0,700000.0,58.0,757.0,797.0,614.7,498.7,790.3,665000.0,2020-21,148.0,80.0,600000.0,32.0,150.0,332.0,164.0,58.5,322.0,617000.0,829.0,699.0,90.0,1129.0,0.8432,0.9517,0.7343,700000.0,220.0,103.0,38.0,14.0,39.7,12930.0,230833000.0,3009000.0,15342000.0,428675000.0,362147000.0,5000.0,219441680.0,754244898.0,40.0,12166264.0,251.0,6002516.0,2.5,222.0,17.06,24.0,55.3,0.0,68.5,61520.0,211451.0,,,,,,,,,,,,,,,,,,,,,,,,,,,,,,,,,,,,,,,,,,,,,,,,,,,,,,,,,,,,,,,,,,,,,,,,,,,,,,,,,,,,,,
Aligarh Muslim University,IR-E-U-0496,2023,Engineering,data/raw/pdf/2023/Engineering/IR-E-U-0496.pdf,365.0,365.0,325.0,316.0,690,1552.0,328.0,1880.0,1482.0,380.0,18.0,568.0,363.0,400.0,39.0,140.0,352.0,475.0,77.0,552.0,442.0,107.0,3.0,250.0,195.0,96.0,0.0,15.0,334.0,2027,405,2432,1924,487,21,818,558,496,39,155,686,2021-22,385.0,307.0,550000.0,78.0,424.0,365.0,368.3,202.0,378.3,537333.0,2021-22,103.0,13.0,475000.0,47.0,298.0,316.0,100.7,17.7,297.7,446000.0,488.0,320.0,125.0,681.0,0.6557,0.9119,0.7166,550000.0,242.0,21.0,34.0,0.0,35.7,4680936.0,11085181.0,1060846.0,5913672.0,1056068812.0,26717370.0,393538.0,26060464.0,926833579.0,70.0,111087830.0,220.0,25270149.0,2.5,233.0,11.48,16.7,20.0,0.86,28.4,10716.0,381099.0,,,,,,,,,,,,,,,,,,,,,,,,,,,,,,,,,,,,,,,,,,,,,,,,,,,,,,,,,,,,,,,,,,,,,,,,,,,,,,,,,,,,,,
Amity University,IR-E-U-0497,2023,Engineering,data/raw/pdf/2023/Engineering/IR-E-U-0497.pdf,1140.0,1140.0,150.0,150.0,1290,3851.0,1525.0,5376.0,1774.0,3587.0,15.0,153.0,808.0,0.0,56.0,0.0,905.0,168.0,123.0,291.0,90.0,201.0,0.0,26.0,79.0,0.0,5.0,0.0,100.0,4019,1648,5667,1864,3788,15,179,887,0,61,0,1005,2021-22,1486.0,1227.0,550000.0,97.0,1508.0,1770.0,1701.3,1172.3,1990.0,446000.0,2021-22,81.0,56.0,500000.0,5.0,92.0,150.0,107.8,75.2,156.0,487000.0,1567.0,1283.0,102.0,1920.0,0.8188,0.8839,0.8161,550000.0,330.0,659.0,42.0,61.0,106.7,10438366.0,1868579.0,0.0,14355233.0,665672893.0,1013954951.0,2671480.0,39620761.0,1613299469.0,183.0,68659143.0,10.0,694792.0,2.5,507.0,11.83,29.1,66.8,0.26,1.1,6991.0,284683.0,,,,,,,,,,,,,,,,,,,,,,,,,,,,,,,,,,,,,,,,,,,,,,,,,,,,,,,,,,,,,,,,,,,,,,,,,,,,,,,,,,,,,,
Indian Institute of Information Technology Allahabad,IR-E-U-0516,2023,Engineering,data/raw/pdf/2023/Engineering/IR-E-U-0516.pdf,439.0,439.0,220.0,195.0,659,1265.0,281.0,1546.0,387.0,1121.0,38.0,99.0,757.0,42.0,339.0,0.0,475.0,267.0,61.0,328.0,97.0,231.0,0.0,31.0,147.0,0.0,58.0,0.0,120.0,1589,347,1936,502,1396,38,130,937,42,410,0,615,2021-22,275.0,261.0,2800000.0,14.0,277.0,310.0,235.7,211.7,257.3,2233333.0,2021-22,21.0,1.0,4944600.0,20.0,21.0,36.0,71.7,49.3,100.2,1835883.0,358.0,320.0,38.0,422.0,0.8939,1.0,0.8483,2800000.0,195.0,41.0,49.0,0.0,28.3,17363000.0,11847000.0,0.0,10587000.0,311018183.0,113194000.0,3168098.0,47288000.0,393882263.0,127.0,24784667.0,54.0,5561595.0,2.5,79.0,26.97,17.9,72.1,1.96,23.3,24426.0,203452.0,0.0,0.0,57.0,5.0,62.0,18.0,44.0,0.0,0.0,33.0,0.0,13.0,0.0,20.0,2021-22,62.0,58.0,2850000.0,4.0,62.0,76.0,61.0,55.0,76.0,2375000.0,,,,,,,,,,,,,,,,,,,,,,,,,,,,,,,,,,,,,,,,,,,,,,,,,,,,,,,,,,,,,
Motilal Nehru National Institute of Technology,IR-E-U-0530,2023,Engineering,data/raw/pdf/2023/Engineering/IR-E-U-0530.pdf,1074.0,1074.0,595.0,595.0,1669,3350.0,740.0,4090.0,1931.0,2060.0,99.0,740.0,1867.0,167.0,2409.0,29.0,2.0,846.0,169.0,1015.0,514.0,500.0,1.0,35.0,443.0,0.0,188.0,0.0,290.0,4196,909,5105,2445,2560,100,775,2310,167,2597,29,292,2021-22,889.0,768.0,1200000.0,78.0,926.0,954.0,870.0,681.0,917.3,1086333.0,2020-21,367.0,104.0,1065000.0,53.0,439.0,528.0,335.0,102.5,501.5,982500.0,1256.0,872.0,131.0,1482.0,0.6943,0.7986,0.8475,1200000.0,418.0,120.0,51.0,17.0,86.3,58842750.0,39590170.0,902613.0,377894677.0,890400832.0,747488659.0,7371741.0,375538292.0,1572914457.0,186.0,124020604.0,1226.0,120107443.0,2.5,272.0,20.31,17.8,50.1,1.96,54.7,73563.0,308113.0,,,,,,,,,,,,,,,,,,,,,,,,,,,,,,,,,,,,,,,,,,,,,,,,,,,,,,,,,,,,,,,,,,,,,,,,,,,,,,,,,,,,,,
Rajiv Gandhi Institute of Petroleum Technology,IR-E-U-0535,2023,Engineering,data/raw/pdf/2023/Engineering/IR-E-U-0535.pdf,207.0,182.0,44.0,56.0,251,593.0,35.0,628.0,191.0,434.0,3.0,68.0,270.0,66.0,99.0,0.0,173.0,79.0,21.0,100.0,20.0,80.0,0.0,11.0,50.0,0.0,18.0,0.0,43.0,672,56,728,211,514,3,79,320,66,117,0,216,2021-22,108.0,79.0,700000.0,29.0,111.0,111.0,94.7,59.7,100.7,750000.0,2021-22,55.0,30.0,510000.0,25.0,56.0,56.0,24.0,11.7,25.7,533667.0,163.0,109.0,54.0,167.0,0.6687,1.0,0.976,700000.0,112.0,51.0,19.0,0.0,12.7,13484210.0,89407919.0,0.0,8884446.0,263335672.0,147687496.0,3139293.0,215185243.0,345691249.0,119.0,36269735.0,22.0,8377529.0,2.5,74.0,11.35,7.7,70.6,0.41,25.1,295584.0,474851.0,,,,,,,,,,,,,,,,,,,,,,,,,,,,,,,,,,,,,,,,,,,,,,,,,,,,,,,,,,,,,,,,,,,,,,,,,,,,,,,,,,,,,,
Graphic Era University,IR-E-U-0555,2023,Engineering,data/raw/pdf/2023/Engineering/IR-E-U-0555.pdf,1110.0,1110.0,72.0,72.0,1182,2480.0,1952.0,4432.0,971.0,3415.0,46.0,228.0,588.0,0.0,118.0,0.0,698.0,68.0,46.0,114.0,43.0,69.0,2.0,0.0,17.0,4.0,11.0,2.0,0.0,2548,1998,4546,1014,3484,48,228,605,4,129,2,698,2021-22,778.0,480.0,630000.0,30.0,924.0,930.0,653.7,433.3,780.0,518333.0,2020-21,44.0,26.0,550000.0,8.0,62.0,90.0,38.0,24.0,90.0,462500.0,822.0,506.0,38.0,1020.0,0.6156,0.6618,0.8059,630000.0,114.0,141.0,27.0,0.0,34.0,19053000.0,326140000.0,7054000.0,13756700.0,380782000.0,607590315.0,2076478.0,266631353.0,797994190.0,157.0,6029630.0,65.0,17778333.0,2.5,278.0,16.76,44.0,76.6,1.06,3.0,58652.0,175538.0,,,,,,,,,,,,,,,,,,,,,,,,,,,,,,,,,,,,,,,,,,,,,,,,,,,,,,,,,,,,,,,,,,,,,,,,,,,,,,,,,,,,,,
Indian Institute of Technology Roorkee,IR-E-U-0560,2023,Engineering,data/raw/pdf/2023/Engineering/IR-E-U-0560.pdf,1100.0,1143.0,827.0,763.0,1927,3335.0,733.0,4068.0,103.0,3965.0,0.0,266.0,2027.0,0.0,1349.0,24.0,920.0,1019.0,269.0,1288.0,89.0,1092.0,107.0,118.0,568.0,0.0,259.0,0.0,427.0,4354,1002,5356,192,5057,107,384,2595,0,1608,24,1347,2021-22,824.0,737.0,1700000.0,87.0,861.0,879.0,795.3,674.7,846.3,1708667.0,2021-22,123.0,95.0,2254000.0,28.0,126.0,130.0,287.8,138.6,348.4,1708400.0,947.0,832.0,115.0,1009.0,0.8786,1.0,0.9386,1700000.0,2360.0,307.0,169.0,12.0,209.7,248408443.0,766703384.0,17442828.0,306487803.0,3207132412.0,1115799200.0,15625027.0,1123107315.0,3816758795.0,500.0,769670927.0,2091.0,542014485.0,2.5,578.0,13.35,18.7,94.4,2.0,30.5,209691.0,712614.0,,,,,,,,,,,,,,,,,,,,,,,,,,,,,,,,,,,,,,,,,,,,,,,,,,,,,,,,,,,,,,,,,,,,,,,,,,,,,,,,,,,,,,
UPES,IR-E-U-0564,2023,Engineering,data/raw/pdf/2023/Engineering/IR-E-U-0564.pdf,1205.0,1260.0,190.0,170.0,1395,4308.0,1144.0,5452.0,933.0,4501.0,18.0,1128.0,345.0,0.0,24.0,0.0,1449.0,292.0,94.0,386.0,46.0,338.0,2.0,90.0,2.0,0.0,2.0,0.0,90.0,4600,1238,5838,979,4839,20,1218,347,0,26,0,1539,2021-22,1562.0,762.0,500000.0,49.0,1698.0,1845.0,1679.3,994.3,2021.7,450000.0,2021-22,177.0,155.0,588000.0,12.0,194.0,170.0,151.0,117.0,166.7,531000.0,1739.0,917.0,61.0,2015.0,0.5273,0.5624,0.863,500000.0,56.0,230.0,2.0,17.0,27.3,60114972.0,11268579.0,904099.0,13062390.0,1127151987.0,797398984.0,7345420.0,99517020.0,1804854740.0,27.0,19485719.0,182.0,12034611.0,2.5,491.0,12.0,21.2,82.9,0.34,0.4,17046.0,309156.0,,,,,,,,,,,,,,,,,,,,,,,,,,,,,,,,,,,,,,,,,,,,,,,,,,,,,,,,,,,,,,,,,,,,,,,,,,,,,,,,,,,,,,
Indian Institute of Technology Kharagpur,IR-E-U-0573,2023,Engineering,data/raw/pdf/2023/Engineering/IR-E-U-0573.pdf,944.0,942.0,2439.0,2119.0,3413,2771.0,545.0,3316.0,430.0,2875.0,11.0,249.0,1642.0,0.0,1229.0,0.0,662.0,2359.0,537.0,2896.0,646.0,2228.0,22.0,226.0,1478.0,0.0,686.0,0.0,1018.0,5166,1088,6254,1083,5138,33,475,3139,0,1925,0,1689,2021-22,450.0,422.0,1875000.0,0.0,670.0,676.0,540.0,510.7,662.7,1625000.0,2021-22,764.0,396.0,1350000.0,0.0,981.0,2119.0,859.7,300.0,1551.0,868333.0,1948.0,1540.0,0.0,3545.0,0.7906,0.7906,0.5495,1875000.0,3534.0,0.0,361.0,0.0,360.7,174990204.0,292231768.0,3106781.0,202373250.0,2240353129.0,2988503253.0,1426858.0,618320068.0,5547773317.0,368.0,598344005.0,406.0,219856524.0,2.5,769.0,12.73,17.4,82.2,0.53,30.8,98868.0,887076.0,,,,,,,,,,,,,,,,,,,,,,,,,,19.0,19.0,25.0,6.0,31.0,6.0,25.0,0.0,0.0,11.0,0.0,3.0,0.0,8.0,2021-22,734.0,722.0,1700000.0,0.0,734.0,750.0,319.7,305.3,347.5,783333.0,11.0,0.0,11.0,0.0,11.0,1.0,10.0,0.0,0.0,8.0,0.0,7.0,0.0,1.0,2021-22,0.0,0.0,0.0,0.0,0.0,0.0,0.0,0.0,0.0,0.0,,,,,,,,,,,
Jadavpur University,IR-E-U-0575,2023,Engineering,data/raw/pdf/2023/Engineering/IR-E-U-0575.pdf,1150.0,1150.0,540.0,508.0,1690,4276.0,453.0,4729.0,3797.0,925.0,7.0,1704.0,2191.0,2532.0,1096.0,73.0,194.0,740.0,118.0,858.0,347.0,511.0,0.0,480.0,350.0,810.0,9.0,9.0,2.0,5016,571,5587,4144,1436,7,2184,2541,3342,1105,82,196,2021-22,992.0,843.0,1000000.0,149.0,1173.0,1150.0,1059.7,892.3,1124.0,975000.0,2020-21,459.0,362.0,902000.0,97.0,496.0,533.0,438.0,370.5,512.5,861000.0,1451.0,1205.0,246.0,1683.0,0.8305,1.0,0.8622,1000000.0,906.0,0.0,136.0,0.0,117.0,60474836.0,38716259.0,323483.0,5142626.0,1158946874.0,705183857.0,8329818.0,190843449.0,1743000602.0,326.0,315908883.0,4765.0,136563523.0,2.5,452.0,14.37,10.2,25.7,0.13,81.1,34158.0,311974.0,,,,,,,,,,,,,,,,,,,,,,,,,,,,,,,,,,,,,,,,,,,,,,,,,,,,,,,,,,,,,,,,,,,,,,,,,,,,,,,,,,,,,,
National Institute of Technology Durgapur,IR-E-U-0577,2023,Engineering,data/raw/pdf/2023/Engineering/IR-E-U-0577.pdf,876.0,876.0,380.0,380.0,1270,2562.0,674.0,3236.0,1395.0,1768.0,73.0,354.0,1450.0,303.0,1494.0,7.0,0.0,450.0,132.0,582.0,149.0,433.0,0.0,52.0,253.0,0.0,305.0,0.0,0.0,3049,816,3865,1570,2222,73,411,1732,305,1828,7,3,2021-22,685.0,579.0,810000.0,101.0,697.0,700.0,659.3,487.0,705.0,762500.0,2021-22,281.0,124.0,900000.0,155.0,317.0,380.0,241.7,73.0,342.0,796667.0,974.0,705.0,262.0,1090.0,0.7238,0.9928,0.8936,810000.0,391.0,272.0,96.0,18.0,103.3,64127625.0,52083144.0,1250000.0,44522568.0,1098033571.0,409227504.0,2044770.0,142707362.0,1445509253.0,320.0,118605180.0,122.0,22400460.0,2.5,283.0,15.04,21.1,57.5,1.89,55.4,36923.0,374000.0,14.0,14.0,37.0,10.0,47.0,26.0,21.0,0.0,5.0,29.0,2.0,29.0,0.0,3.0,2021-22,8.0,2.0,690000.0,6.0,8.0,10.0,4.0,1.0,5.0,345000.0,,,,,,,,,,,,,,,,,,,,,,,,,,,,,,,,,,,,,,,,,,,,,,,,,,,,,,,,,,,,,
"Indian Institute of Engineering Science and Technology, Shibpur",IR-E-U-0584,2023,Engineering,data/raw/pdf/2023/Engineering/IR-E-U-0584.pdf,740.0,740.0,426.0,426.0,1166,2088.0,589.0,2677.0,1289.0,1359.0,29.0,272.0,1443.0,23.0,1663.0,29.0,0.0,472.0,109.0,581.0,283.0,298.0,0.0,62.0,208.0,0.0,105.0,0.0,165.0,2560,698,3258,1572,1657,29,334,1651,23,1768,29,165,2021-22,546.0,479.0,730000.0,50.0,580.0,589.0,525.3,398.3,573.7,716667.0,2021-22,256.0,132.0,750000.0,98.0,296.0,426.0,227.3,75.0,375.0,728667.0,802.0,611.0,148.0,1015.0,0.7618,0.9464,0.7901,730000.0,829.0,0.0,93.0,0.0,94.3,32061775.0,74845479.0,0.0,30464691.0,1111547808.0,465117899.0,320888.0,160777516.0,1350883511.0,139.0,82834985.0,233.0,64003843.0,2.5,274.0,14.92,21.4,50.9,0.89,55.9,49349.0,414636.0,,,,,,,,,,,,,,,,,,,,,,,,,,,,,,,,,,,,,,,,,,,,,,,,,,,,,,,,,,,,,,,,,,,,,,,,,,,,,,,,,,,,,,
National Institute of Technology Manipur,IR-E-U-0613,2023,Engineering,data/raw/pdf/2023/Engineering/IR-E-U-0613.pdf,226.0,180.0,96.0,75.0,322,559.0,138.0,697.0,324.0,373.0,0.0,362.0,294.0,211.0,369.0,11.0,65.0,75.0,33.0,108.0,92.0,16.0,0.0,40.0,41.0,0.0,31.0,0.0,50.0,634,171,805,416,389,0,402,335,211,400,11,115,2021-22,167.0,157.0,750000.0,8.0,171.0,180.0,135.7,96.7,180.0,663333.0,2021-22,59.0,9.0,625000.0,1.0,63.0,75.0,51.3,8.3,75.0,641667.0,226.0,166.0,9.0,255.0,0.7345,0.7743,0.8863,750000.0,140.0,38.0,17.0,4.0,18.3,7678.0,4818989.0,626051.0,2019666.0,178752262.0,34347684.0,548600.0,40087768.0,214530235.0,83.0,14027108.0,20.0,858268.0,2.5,75.0,12.6,21.2,48.3,0.0,77.3,49798.0,266497.0,,,,,,,,,,,,,,,,,,,,,,,,,,,,,,,,,,,,,,,,,,,,,,,,,,,,,,,,,,,,,,,,,,,,,,,,,,,,,,,,,,,,,,
National Institute of Technology Meghalaya,IR-E-U-0619,2023,Engineering,data/raw/pdf/2023/Engineering/IR-E-U-0619.pdf,165.0,153.0,100.0,100.0,265,350.0,104.0,454.0,222.0,218.0,14.0,79.0,323.0,0.0,362.0,0.0,40.0,58.0,7.0,65.0,8.0,53.0,4.0,30.0,28.0,0.0,21.0,0.0,37.0,408,111,519,230,271,18,109,351,0,383,0,77,2021-22,147.0,91.0,945000.0,5.0,152.0,150.0,131.3,101.3,150.0,698333.0,2020-21,37.0,10.0,625000.0,20.0,40.0,100.0,46.5,17.0,100.0,587500.0,184.0,101.0,25.0,250.0,0.5489,0.6848,0.736,945000.0,108.0,88.0,13.0,2.0,13.3,14376948.0,132653331.0,4094541.0,30480857.0,217748440.0,45566401.0,56500.0,116313050.0,218332879.0,71.0,37207774.0,109.0,10477242.0,2.5,84.0,7.46,21.4,52.2,3.47,73.8,224110.0,420680.0,,,,,,,,,,,,,,,,,,,,,,,,,,,,,,,,,,,,,,,,,,,,,,,,,,,,,,,,,,,,,,,,,,,,,,,,,,,,,,,,,,,,,,
National Institute of Technology Goa,IR-E-U-0620,2023,Engineering,data/raw/pdf/2023/Engineering/IR-E-U-0620.pdf,188.0,188.0,68.0,68.0,256,525.0,133.0,658.0,210.0,426.0,22.0,125.0,341.0,249.0,0.0,0.0,217.0,85.0,26.0,111.0,7.0,104.0,0.0,0.0,63.0,22.0,0.0,0.0,41.0,610,159,769,217,530,22,125,404,271,0,0,258,2021-22,130.0,104.0,800000.0,9.0,151.0,164.0,91.7,72.0,124.0,700000.0,2021-22,57.0,46.0,800000.0,4.0,62.0,68.0,46.0,34.0,65.3,716667.0,187.0,150.0,13.0,232.0,0.8021,0.8717,0.806,800000.0,32.0,50.0,16.0,1.0,13.0,355205.0,3228743.0,3139626.0,6370189.0,154089828.0,83816566.0,480986.0,22279296.0,215603810.0,112.0,10006714.0,1.0,0.0,2.5,61.0,13.13,20.7,68.9,2.86,35.2,28972.0,280369.0,,,,,,,,,,,,,,,,,,,,,,,,,,,,,,,,,,,,,,,,,,,,,,,,,,,,,,,,,,,,,,,,,,,,,,,,,,,,,,,,,,,,,,
National Institute of Technology Delhi,IR-E-U-0622,2023,Engineering,data/raw/pdf/2023/Engineering/IR-E-U-0622.pdf,182.0,182.0,75.0,75.0,257,526.0,184.0,710.0,178.0,514.0,18.0,116.0,459.0,34.0,484.0,0.0,57.0,102.0,36.0,138.0,25.0,113.0,0.0,39.0,58.0,34.0,0.0,0.0,63.0,628,220,848,203,627,18,155,517,68,484,0,120,2021-22,163.0,142.0,1475000.0,15.0,169.0,182.0,163.0,108.3,182.0,1058333.0,2021-22,56.0,33.0,1500000.0,5.0,58.0,75.0,54.0,22.3,75.0,1166000.0,219.0,175.0,20.0,257.0,0.7991,0.8904,0.8521,1475000.0,52.0,6.0,18.0,4.0,12.7,11279465.0,2218400.0,0.0,20191987.0,175378257.0,193278798.0,256116.0,27990035.0,360015617.0,39.0,13036778.0,3.0,60867.0,2.5,70.0,12.86,25.9,73.9,2.12,65.1,33007.0,424547.0,,,,,,,,,,,,,,,,,,,,,,,,,,,,,,,,,,,,,,,,,,,,,,,,,,,,,,,,,,,,,,,,,,,,,,,,,,,,,,,,,,,,,,
Indian Institute of Technology (Banaras Hindu University) Varanasi,IR-E-U-0701,2023,Engineering,data/raw/pdf/2023/Engineering/IR-E-U-0701.pdf,1163.0,1163.0,555.0,555.0,2118,3273.0,700.0,3973.0,952.0,3020.0,1.0,919.0,1775.0,607.0,1887.0,200.0,0.0,530.0,85.0,615.0,215.0,392.0,8.0,184.0,409.0,0.0,593.0,0.0,0.0,5092,1049,6141,1539,4591,11,1445,2883,690,3411,227,0,2021-22,783.0,748.0,1896000.0,32.0,803.0,876.0,766.3,707.3,835.3,1614667.0,2021-22,288.0,258.0,1800000.0,26.0,435.0,555.0,316.7,238.7,510.7,1636000.0,1336.0,1247.0,82.0,1706.0,0.9334,0.9948,0.7831,1896000.0,1011.0,5.0,95.0,0.0,107.3,83885967.0,147678327.0,26504291.0,82909537.0,1727284473.0,1337987687.0,6624328.0,294535048.0,2970668457.0,753.0,312166901.0,2533.0,157876515.0,2.5,365.0,19.59,17.1,74.8,0.18,70.5,47962.0,483743.0,400.0,400.0,1289.0,264.0,1553.0,372.0,1179.0,2.0,342.0,699.0,83.0,931.0,27.0,0.0,2021-22,265.0,241.0,1896000.0,24.0,266.0,275.0,258.0,229.0,275.0,1748000.0,,,,,,,,,,,,,,,,,,,,,,,,,,,,,,,,,,,,,,,,,,,,,,,,,,,,,,,,,,,,,
Chandigarh University,IR-E-U-0747,2023,Engineering,data/raw/pdf/2023/Engineering/IR-E-U-0747.pdf,3240.0,3240.0,244.0,162.0,3484,6247.0,6672.0,12919.0,404.0,11524.0,991.0,2365.0,2512.0,755.0,3307.0,6.0,809.0,196.0,207.0,403.0,43.0,256.0,104.0,39.0,62.0,18.0,45.0,0.0,38.0,6443,6879,13322,447,11780,1095,2404,2574,773,3352,6,847,2021-22,2987.0,1542.0,750000.0,673.0,3234.0,3240.0,2927.3,1339.3,3240.0,630000.0,2021-22,147.0,99.0,700000.0,48.0,160.0,162.0,142.3,95.7,168.0,624000.0,3134.0,1641.0,721.0,3402.0,0.5236,0.7537,0.9212,750000.0,564.0,146.0,79.0,35.0,89.7,36861656.0,274040670.0,13079807.0,496391242.0,1660920600.0,922124200.0,79158510.0,754213897.0,2518197108.0,114.0,43100006.0,129.0,53712720.0,2.5,1009.0,13.76,51.6,88.4,8.22,31.0,56614.0,189025.0,,,,,,,,,,,,,,,,,,,,,,,,,,,,,,,,,,,,,,,,,,,,,,,,,,,,,,,,,,,,,,,,,,,,,,,,,,,,,,,,,,,,,,
Manipal University Jaipur,IR-E-U-0749,2023,Engineering,data/raw/pdf/2023/Engineering/IR-E-U-0749.pdf,2025.0,1760.0,45.0,50.0,2070,4054.0,1553.0,5607.0,441.0,5033.0,133.0,24.0,153.0,2.0,73.0,0.0,102.0,34.0,15.0,49.0,17.0,32.0,0.0,0.0,3.0,0.0,1.0,0.0,2.0,4088,1568,5656,458,5065,133,24,156,2,74,0,104,2021-22,1145.0,1022.0,700000.0,121.0,1139.0,1178.0,1168.3,944.3,1248.0,533333.0,2021-22,10.0,6.0,600000.0,1.0,10.0,50.0,9.3,4.0,33.3,600000.0,1155.0,1028.0,122.0,1228.0,0.89,0.9957,0.9406,700000.0,73.0,146.0,6.0,12.0,19.3,140296.0,21217436.0,0.0,75946900.0,497973787.0,817304007.0,5872167.0,65670000.0,1074747149.0,39.0,16982685.0,11.0,2469301.0,2.5,496.0,11.55,27.7,89.6,2.35,1.3,11611.0,190019.0,,,,,,,,,,,,,,,,,,,,,,,,,,,,,,,,,,,,,,,,,,,,,,,,,,,,,,,,,,,,,,,,,,,,,,,,,,,,,,,,,,,,,,
"INDIAN INSTITUTE OF TECHNOLOGY, TIRUPATI",IR-E-U-0844,2023,Engineering,data/raw/pdf/2023/Engineering/IR-E-U-0844.pdf,237.0,237.0,175.0,81.0,412,684.0,160.0,844.0,323.0,521.0,0.0,143.0,429.0,0.0,520.0,0.0,52.0,192.0,52.0,244.0,59.0,183.0,2.0,33.0,112.0,12.0,49.0,0.0,84.0,876,212,1088,382,704,2,176,541,12,569,0,136,2021-22,167.0,142.0,1210000.0,16.0,181.0,181.0,125.0,93.3,140.3,1036667.0,2020-21,51.0,31.0,875000.0,6.0,52.0,79.0,49.0,31.0,67.5,887500.0,218.0,173.0,22.0,260.0,0.7936,0.8945,0.8385,1210000.0,195.0,23.0,4.0,0.0,1.7,41283431.0,108143703.0,909899.0,67503265.0,341974384.0,233476680.0,1572824.0,219223852.0,527434149.0,107.0,60828042.0,99.0,22566124.0,2.5,116.0,11.06,19.5,64.7,0.18,53.4,201493.0,484774.0,,,,,,,,,,,,,,,,,,,,,,,,,,,,,,,,,,,,,,,,,,,,,,,,,,,,,,,,,,,,,,,,,,,,,,,,,,,,,,,,,,,,,,
Indian Institute of Technology Palakkad,IR-E-U-0878,2023,Engineering,data/raw/pdf/2023/Engineering/IR-E-U-0878.pdf,169.0,188.0,107.0,100.0,276,511.0,140.0,651.0,90.0,561.0,0.0,79.0,345.0,174.0,123.0,0.0,127.0,142.0,49.0,191.0,45.0,142.0,4.0,18.0,87.0,44.0,2.0,0.0,59.0,653,189,842,135,703,4,97,432,218,125,0,186,2021-22,142.0,107.0,1200000.0,12.0,153.0,163.0,121.0,85.3,134.3,1000000.0,2021-22,71.0,52.0,950000.0,2.0,77.0,100.0,36.0,22.3,49.3,533333.0,213.0,159.0,14.0,263.0,0.7465,0.8122,0.8099,1200000.0,121.0,17.0,1.0,0.0,0.7,42362426.0,78373090.0,98300625.0,48083518.0,276935777.0,84436029.0,3513969.0,269581614.0,309473758.0,73.0,86726800.0,34.0,5389757.0,2.5,110.0,8.75,22.4,83.5,0.48,40.7,320168.0,367546.0,,,,,,,,,,,,,,,,,,,,,,,,,,,,,,,,,,,,,,,,,,,,,,,,,,,,,,,,,,,,,,,,,,,,,,,,,,,,,,,,,,,,,,
Indian Institute Of Technology Dharwad,IR-E-U-0899,2023,Engineering,data/raw/pdf/2023/Engineering/IR-E-U-0899.pdf,180.0,170.0,,,199,569.0,132.0,701.0,72.0,629.0,0.0,148.0,368.0,0.0,108.0,0.0,408.0,,,,,,,,,,,,,602,137,739,80,659,0,152,381,0,108,0,425,2021-22,114.0,91.0,1413000.0,9.0,117.0,126.0,109.0,69.7,122.0,927667.0,,,,,,,,,,,,119.0,94.0,11.0,134.0,0.7899,0.8824,0.8881,1413000.0,76.0,3.0,2.0,0.0,0.7,26177635.0,23039441.0,9589546.0,12974707.0,176862332.0,66968117.0,510025.0,128845648.0,216233696.0,41.0,47000000.0,9.0,2250000.0,0.5,66.0,12.35,18.5,89.2,0.0,14.6,174351.0,292603.0,,,,,,,,,,,,,,,,,,,,,,,,,,19.0,11.0,33.0,5.0,38.0,8.0,30.0,0.0,4.0,13.0,0.0,0.0,0.0,17.0,2021-22,5.0,3.0,1400000.0,2.0,7.0,8.0,1.7,1.0,2.7,466667.0,,,,,,,,,,,,,,,,,,,,,,,,,,,,,,,,,,,,
Indian Institute of Technology Jammu,IR-E-U-0906,2023,Engineering,data/raw/pdf/2023/Engineering/IR-E-U-0906.pdf,240.0,237.0,84.0,84.0,332,574.0,131.0,705.0,21.0,684.0,0.0,127.0,356.0,4.0,280.0,0.0,199.0,102.0,17.0,119.0,12.0,107.0,0.0,0.0,52.0,0.0,20.0,0.0,32.0,685,148,833,33,800,0,127,412,4,301,0,234,2021-22,128.0,93.0,1600000.0,11.0,133.0,154.0,100.7,66.7,121.3,1133333.0,2020-21,36.0,23.0,1100000.0,2.0,37.0,48.0,18.0,11.5,24.0,550000.0,164.0,116.0,13.0,202.0,0.7073,0.7866,0.8119,1600000.0,195.0,0.0,2.0,0.0,1.0,34306591.0,78517422.0,151458514.0,90941656.0,306130283.0,191666244.0,2302790.0,401628516.0,413569661.0,103.0,91160684.0,111.0,15666427.0,2.5,101.0,10.18,17.8,96.0,0.0,36.6,482147.0,496482.0,,,,,,,,,,,,,,,,,,,,,,,,,,8.0,8.0,9.0,0.0,9.0,0.0,9.0,0.0,0.0,4.0,0.0,1.0,0.0,3.0,2021-22,0.0,0.0,0.0,0.0,0.0,0.0,0.0,0.0,0.0,0.0,,,,,,,,,,,,,,,,,,,,,,,,,,,,,,,,,,,,
Indian Institute of Technology Bhilai,IR-E-U-0946,2023,Engineering,data/raw/pdf/2023/Engineering/IR-E-U-0946.pdf,170.0,170.0,49.0,39.0,219,481.0,113.0,594.0,17.0,577.0,0.0,107.0,301.0,2.0,267.0,0.0,139.0,37.0,3.0,40.0,3.0,34.0,3.0,5.0,20.0,0.0,25.0,0.0,0.0,518,116,634,20,611,3,112,321,2,292,0,139,2021-22,117.0,101.0,1400000.0,1.0,121.0,120.0,114.3,88.7,120.0,1160000.0,2021-22,11.0,10.0,950000.0,1.0,16.0,39.0,15.3,11.3,34.0,3350000.0,128.0,111.0,2.0,159.0,0.8672,0.8828,0.805,1400000.0,74.0,12.0,6.0,0.0,2.7,20114426.0,135743724.0,18859967.0,2488161963.0,223044425.0,101662874.0,8000000.0,1382305582.0,276401112.0,103.0,48283310.0,14.0,5765977.0,2.5,62.0,11.42,18.3,96.4,0.47,46.4,2180293.0,435964.0,,,,,,,,,,,,,,,,,,,,,,,,,,,,,,,,,,,,,,,,,,,,,,,,,,,,,,,,,,,,,,,,,,,,,,,,,,,,,,,,,,,,,,
R.V. College of Engineering,IR-E-C-1269,2024,Engineering,data/raw/pdf/2024/Engineering/IR-E-C-1269.pdf,1300.0,1120.0,270.0,324.0,1570,3803.0,1247.0,5050.0,3608.0,1442.0,0.0,325.0,1077.0,1025.0,85.0,178.0,114.0,289.0,177.0,466.0,445.0,21.0,0.0,122.0,135.0,257.0,0.0,0.0,0.0,4092,1424,5516,4053,1463,0,447,1212,1282,85,178,114,2022-23,1072.0,810.0,1000000.0,95.0,1048.0,1060.0,1084.7,761.3,1060.0,883333.0,2022-23,236.0,190.0,700000.0,3.0,239.0,324.0,265.7,194.3,330.0,654000.0,1308.0,1000.0,98.0,1384.0,0.7645,0.8394,0.9451,1000000.0,28.0,260.0,6.0,82.0,65.0,5279679.0,56632872.0,3262495.0,37904074.0,952104700.0,219689768.0,4923516.0,84972109.0,907540034.0,105.0,14564522.0,216.0,24025575.0,2.5,362.0,15.31,25.8,26.5,0.0,28.0,15405.0,164529.0,,,,,,,,,,,,,,,,,,,,,,,,,,,,,,,,,,,,,,,,,,,,,,,,,,,,,,,,,,,,,,,,,,,,,,,,,,,,,,,,,,,,,,
Siddaganga Institute of Technology,IR-E-C-1297,2024,Engineering,data/raw/pdf/2024/Engineering/IR-E-C-1297.pdf,1050.0,870.0,282.0,186.0,1332,1983.0,1622.0,3605.0,2731.0,796.0,78.0,202.0,1823.0,994.0,805.0,8.0,218.0,154.0,169.0,323.0,243.0,80.0,0.0,65.0,195.0,71.0,0.0,20.0,169.0,2137,1791,3928,2974,876,78,267,2018,1065,805,28,387,2022-23,858.0,836.0,800000.0,20.0,826.0,870.0,819.0,796.7,870.0,683333.0,2022-23,148.0,145.0,700000.0,2.0,148.0,186.0,124.7,119.0,200.0,643333.0,1006.0,981.0,22.0,1056.0,0.9751,0.997,0.9527,800000.0,51.0,120.0,10.0,9.0,13.7,1558863.0,53541776.0,4162037.0,12985028.0,504206106.0,137216396.0,3496032.0,53491103.0,567580576.0,74.0,29890989.0,2094.0,5928832.0,2.5,296.0,13.44,45.6,22.3,1.99,48.3,13618.0,144496.0,,,,,,,,,,,,,,,,,,,,,,,,,,,,,,,,,,,,,,,,,,,,,,,,,,,,,,,,,,,,,,,,,,,,,,,,,,,,,,,,,,,,,,
M. S. Ramaiah Institute of Technology,IR-E-C-1331,2024,Engineering,data/raw/pdf/2024/Engineering/IR-E-C-1331.pdf,1260.0,1260.0,264.0,264.0,1524,2886.0,1594.0,4480.0,2718.0,1583.0,179.0,338.0,1016.0,1067.0,50.0,0.0,237.0,185.0,118.0,303.0,248.0,55.0,0.0,22.0,86.0,107.0,0.0,0.0,1.0,3071,1712,4783,2966,1638,179,360,1102,1174,50,0,238,2022-23,1121.0,841.0,800000.0,167.0,1066.0,1080.0,1122.0,871.7,1080.0,655000.0,2021-22,181.0,142.0,600000.0,5.0,210.0,264.0,179.0,139.0,264.0,575000.0,1302.0,983.0,172.0,1344.0,0.755,0.8871,0.9688,800000.0,101.0,265.0,11.0,36.0,41.7,9384024.0,54296616.0,16207980.0,11143419.0,751734922.0,343380364.0,10472202.0,94098687.0,958196946.0,100.0,24779513.0,151.0,7493748.0,2.5,380.0,12.85,35.8,34.2,3.74,25.6,19674.0,200334.0,,,,,,,,,,,,,,,,,,,,,,,,,,,,,,,,,,,,,,,,,,,,,,,,,,,,,,,,,,,,,,,,,,,,,,,,,,,,,,,,,,,,,,
Sri Sivasubramaniya Nadar College of Engineering,IR-E-C-16604,2024,Engineering,data/raw/pdf/2024/Engineering/IR-E-C-16604.pdf,840.0,780.0,180.0,180.0,1020,2294.0,1249.0,3543.0,2977.0,495.0,71.0,524.0,1961.0,502.0,1157.0,211.0,615.0,46.0,42.0,88.0,83.0,5.0,0.0,14.0,58.0,13.0,15.0,5.0,39.0,2340,1291,3631,3060,500,71,538,2019,515,1172,216,654,2022-23,845.0,677.0,800000.0,115.0,842.0,780.0,982.0,808.7,880.0,703333.0,2022-23,44.0,40.0,600000.0,3.0,46.0,180.0,44.0,35.3,180.0,553333.0,889.0,717.0,118.0,960.0,0.8065,0.9393,0.926,800000.0,261.0,244.0,38.0,36.0,76.7,6725849.0,35256454.0,3018913.0,66917321.0,730218381.0,448776893.0,11619831.0,89114451.0,1092980334.0,116.0,50298890.0,97.0,12250705.0,2.5,298.0,13.06,35.6,13.8,1.96,52.4,24543.0,301014.0,,,,,,,,,,,,,,,,,,,,,,,,,,,,,,,,,,,,,,,,,,,,,,,,,,,,,,,,,,,,,,,,,,,,,,,,,,,,,,,,,,,,,,
SR University,IR-E-C-19754,2024,Engineering,data/raw/pdf/2024/Engineering/IR-E-C-19754.pdf,1080.0,1080.0,96.0,96.0,1176,2007.0,1953.0,3960.0,2880.0,1062.0,18.0,792.0,2538.0,1863.0,630.0,72.0,765.0,88.0,92.0,180.0,117.0,40.0,23.0,36.0,72.0,36.0,45.0,9.0,18.0,2095,2045,4140,2997,1102,41,828,2610,1899,675,81,783,2022-23,622.0,414.0,401988.0,108.0,720.0,720.0,617.7,438.0,720.0,387329.0,2021-22,108.0,72.0,450000.0,11.0,129.0,150.0,95.0,60.0,138.0,450000.0,730.0,486.0,119.0,870.0,0.6658,0.8288,0.8391,401988.0,108.0,144.0,3.0,3.0,8.3,3791695.0,72863816.0,29486578.0,20264099.0,355645492.0,188450337.0,641200.0,100727262.0,457339541.0,28.0,1099583.0,9.0,590865.0,2.5,296.0,14.35,49.4,26.6,0.99,64.1,24330.0,110468.0,,,,,,,,,,,,,,,,,,,,,,,,,,,,,,,,,,,,,,,,,,,,,,,,,,,,,,,,,,,,,,,,,,,,,,,,,,,,,,,,,,,,,,
AU College of Engineering (A),IR-E-C-24004,2024,Engineering,data/raw/pdf/2024/Engineering/IR-E-C-24004.pdf,530.0,530.0,510.0,510.0,1040,1168.0,1175.0,2343.0,1405.0,704.0,234.0,230.0,1736.0,1620.0,119.0,210.0,17.0,477.0,541.0,1018.0,579.0,408.0,31.0,102.0,760.0,690.0,89.0,42.0,41.0,1645,1716,3361,1984,1112,265,332,2496,2310,208,252,58,2022-23,423.0,397.0,588000.0,24.0,530.0,754.0,385.0,347.3,491.3,596000.0,2022-23,510.0,430.0,680000.0,78.0,510.0,510.0,510.0,279.3,510.0,663333.0,933.0,827.0,102.0,1264.0,0.8864,0.9957,0.7381,588000.0,68.0,35.0,101.0,44.0,132.3,25067363.0,584284637.0,121993242.0,122825631.0,1123910849.0,216683873.0,7178734.0,775534870.0,962126784.0,42.0,64229160.0,2229.0,80781520.0,2.5,246.0,13.94,51.1,33.1,7.88,82.4,230745.0,286262.0,,,,,,,,,,,,,,,,,,,,,,,,,,,,,,,,,,,,,,,,,,,,,,,,,,,,,,,,,,,,,,,,,,,,,,,,,,,,,,,,,,,,,,
"C.V. Raman Global University, Odisha",IR-E-C-30045,2024,Engineering,data/raw/pdf/2024/Engineering/IR-E-C-30045.pdf,1050.0,1440.0,132.0,114.0,1182,2183.0,2662.0,4845.0,1463.0,3141.0,241.0,2636.0,1358.0,596.0,868.0,702.0,1828.0,118.0,128.0,246.0,78.0,159.0,9.0,158.0,35.0,26.0,71.0,38.0,58.0,2301,2790,5091,1541,3300,250,2794,1393,622,939,740,1886,2022-23,929.0,857.0,520000.0,72.0,817.0,1080.0,1018.3,928.7,1160.0,496667.0,2021-22,113.0,102.0,360000.0,11.0,118.0,132.0,153.0,135.5,167.5,352500.0,1042.0,959.0,83.0,1212.0,0.9203,1.0,0.8597,520000.0,221.0,34.0,8.0,2.0,4.3,5521895.0,65759236.0,19875352.0,363142488.0,534337898.0,473249824.0,154964768.0,391102259.0,1024162438.0,23.0,35554841.0,36.0,7286260.0,2.5,452.0,11.75,54.8,64.8,4.91,45.2,76822.0,201171.0,,,,,,,,,,,,,,,,,,,,,,,,,,,,,,,,,,,,,,,,,,,,,,,,,,,,,,,,,,,,,,,,,,,,,,,,,,,,,,,,,,,,,,
Sri Krishna College of Engineering and Technology,IR-E-C-36995,2024,Engineering,data/raw/pdf/2024/Engineering/IR-E-C-36995.pdf,1362.0,1080.0,60.0,78.0,1482,3593.0,1220.0,4813.0,4561.0,241.0,11.0,1720.0,3003.0,764.0,385.0,285.0,3289.0,34.0,58.0,92.0,68.0,24.0,0.0,8.0,38.0,4.0,8.0,10.0,24.0,3761,1340,5101,4822,267,12,1734,3046,776,395,295,3314,2022-23,1115.0,998.0,600000.0,110.0,1083.0,1140.0,1129.3,992.0,1100.0,550000.0,2022-23,70.0,65.0,600000.0,4.0,71.0,78.0,64.7,59.7,78.0,550000.0,1185.0,1063.0,114.0,1218.0,0.897,0.9932,0.9729,600000.0,18.0,155.0,2.0,13.0,21.3,9055754.0,71069274.0,27543764.0,167267825.0,391390872.0,684382486.0,6012235.0,244336774.0,982201821.0,93.0,2422130.0,110.0,22560926.0,2.5,346.0,14.79,26.3,5.2,0.24,28.7,47900.0,192551.0,60.0,60.0,134.0,62.0,196.0,193.0,2.0,1.0,6.0,5.0,8.0,2.0,0.0,1.0,2021-22,0.0,0.0,0.0,0.0,0.0,0.0,0.0,0.0,0.0,0.0,,,,,,,,,,,,,,,,,,,,,,,,,,,,,,,,,,,,,,,,,,,,,,,,,,,,,,,,,,,,,
PSG College of Technology,IR-E-C-37013,2024,Engineering,data/raw/pdf/2024/Engineering/IR-E-C-37013.pdf,1254.0,1140.0,421.0,421.0,1855,3233.0,1694.0,4927.0,4716.0,196.0,15.0,711.0,4216.0,805.0,69.0,80.0,3973.0,143.0,109.0,252.0,248.0,4.0,0.0,27.0,225.0,0.0,2.0,0.0,250.0,4082,1914,5996,5766,215,15,788,5208,989,104,80,4823,2022-23,1217.0,902.0,700000.0,82.0,1140.0,1140.0,1233.7,866.3,1140.0,616669.0,2022-23,120.0,57.0,700000.0,0.0,134.0,421.0,196.0,94.7,457.0,610000.0,1511.0,1082.0,82.0,1741.0,0.7161,0.7704,0.8679,700000.0,142.0,215.0,14.0,42.0,59.3,13770000.0,63007000.0,0.0,16227000.0,628440886.0,251825408.0,6119000.0,93924000.0,975759154.0,61.0,29710774.0,280.0,4157641.0,2.5,503.0,12.2,31.9,3.6,0.25,19.6,15664.0,162735.0,180.0,180.0,706.0,111.0,817.0,802.0,15.0,0.0,50.0,767.0,184.0,33.0,0.0,600.0,2022-23,174.0,123.0,600000.0,0.0,180.0,180.0,181.0,108.5,180.0,530000.0,,,,,,,,,,,,,,,,,,,,,,,,,,,,,,,,,,,,,,,,,,,,,,,,,,,,,,,,,,,,,
COEP Technological University,IR-E-C-41593,2024,Engineering,data/raw/pdf/2024/Engineering/IR-E-C-41593.pdf,713.0,570.0,486.0,486.0,1199,2212.0,922.0,3134.0,2821.0,156.0,157.0,232.0,1497.0,1153.0,296.0,163.0,117.0,375.0,159.0,534.0,502.0,31.0,1.0,27.0,285.0,267.0,1.0,0.0,44.0,2587,1081,3668,3323,187,158,259,1782,1420,297,163,161,2022-23,756.0,602.0,975000.0,104.0,758.0,570.0,734.7,568.7,570.0,919000.0,2022-23,275.0,180.0,650000.0,38.0,309.0,486.0,340.3,243.0,464.0,648667.0,1031.0,782.0,142.0,1056.0,0.7585,0.8962,0.9763,975000.0,55.0,223.0,16.0,18.0,34.7,14908434.0,74423912.0,41822948.0,241138969.0,752492112.0,585097664.0,4129022.0,308574840.0,1233454050.0,352.0,160795616.0,2319.0,112584218.0,2.5,257.0,14.49,29.5,5.1,4.31,51.3,84126.0,336274.0,,,,,,,,,,,,,,,,,,,,,,,,,,,,,,,,,,,,,,,,,,,,,,,,,,,,,,,,,,,,,,,,,,,,,,,,,,,,,,,,,,,,,,
Netaji Subhas University of Technology (NSUT),IR-E-C-6379,2024,Engineering,data/raw/pdf/2024/Engineering/IR-E-C-6379.pdf,2005.0,1876.0,198.0,150.0,2203,5923.0,939.0,6862.0,4345.0,2517.0,0.0,653.0,3257.0,113.0,374.0,0.0,3423.0,195.0,101.0,296.0,105.0,191.0,0.0,14.0,82.0,0.0,0.0,0.0,96.0,6118,1040,7158,4450,2708,0,667,3339,113,374,0,3519,2022-23,1153.0,977.0,1700000.0,86.0,1304.0,1304.0,971.0,811.7,1067.3,1533333.0,2022-23,135.0,93.0,1500000.0,30.0,146.0,150.0,151.7,103.7,211.3,1300000.0,1288.0,1070.0,116.0,1454.0,0.8307,0.9208,0.8858,1700000.0,222.0,0.0,22.0,0.0,49.0,11030155.0,108009756.0,9426010.0,273677736.0,750542314.0,576605716.0,111963504.0,287882219.0,1179114164.0,20.0,31377260.0,20.0,24654183.0,2.5,514.0,14.36,14.5,37.8,0.0,6.8,40218.0,164727.0,,,,,,,,,,,,,,,,,,,,,,,,,,,,,,,,,,,,,,,,,,,,,,,,,,,,,,,,,,,,,,,,,,,,,,,,,,,,,,,,,,,,,,
Manipal Institute of Technology,IR-E-C-7252,2024,Engineering,data/raw/pdf/2024/Engineering/IR-E-C-7252.pdf,2340.0,2280.0,775.0,691.0,3115,6547.0,1828.0,8375.0,1728.0,6472.0,175.0,526.0,129.0,96.0,556.0,3.0,0.0,402.0,191.0,593.0,368.0,224.0,1.0,100.0,147.0,111.0,26.0,7.0,103.0,6949,2019,8968,2096,6696,176,626,276,207,582,10,103,2022-23,1664.0,1136.0,888250.0,281.0,1827.0,1860.0,1848.0,1078.3,1860.0,779417.0,2021-22,461.0,309.0,746460.0,5.0,538.0,661.0,425.5,261.5,637.0,748230.0,2125.0,1445.0,286.0,2521.0,0.68,0.8146,0.8429,888250.0,286.0,28.0,39.0,0.0,28.3,49945045.0,116202110.0,5756282.0,102821147.0,1298694065.0,896403713.0,2186408.0,158246328.0,1712701991.0,146.0,21289455.0,4555.0,2949727.0,2.5,708.0,13.07,22.5,74.7,1.96,8.9,17646.0,190979.0,,,,,,,,,,,,,,,,,,,,,,,,,,,,,,,,,,,,,,,,,,,,,,,,,,,,,,,,,,,,,,,,,,,,,,,,,,,,,,,,,,,,,,
Indian Institute of Technology Delhi,IR-E-I-1074,2024,Engineering,data/raw/pdf/2024/Engineering/IR-E-I-1074.pdf,1093.0,1093.0,1654.0,1587.0,2863,3474.0,838.0,4312.0,421.0,3890.0,1.0,379.0,2232.0,119.0,1705.0,200.0,587.0,2750.0,575.0,3325.0,196.0,3055.0,74.0,248.0,1336.0,77.0,566.0,63.0,878.0,6761,1535,8296,675,7546,75,671,3913,203,2526,298,1557,2022-23,835.0,676.0,2000000.0,50.0,924.0,938.0,730.7,612.7,828.3,1936667.0,2022-23,827.0,308.0,1400000.0,112.0,1366.0,1587.0,835.7,336.3,1444.0,1383333.0,1742.0,1064.0,162.0,2627.0,0.6108,0.7038,0.6631,2000000.0,3197.0,610.0,295.0,60.0,321.0,171675951.0,2521491633.0,2429151.0,2754683233.0,6845479679.0,3796702680.0,182302420.0,4030310933.0,8474594950.0,1884.0,3221742654.0,1256.0,489426881.0,2.5,658.0,17.47,18.5,91.0,0.9,36.5,485814.0,1021528.0,116.0,116.0,537.0,122.0,659.0,58.0,601.0,0.0,44.0,345.0,7.0,255.0,35.0,92.0,2021-22,80.0,80.0,2000000.0,0.0,100.0,102.0,87.0,78.5,102.0,2100000.0,,,,,,,,,,,,,,,,,,,,,,,,,,,,,,,,,,,,,,,,,,,,,,,,,,,,,,,,,,,,,
Indian Institute of Technology Kanpur,IR-E-I-1075,2024,Engineering,data/raw/pdf/2024/Engineering/IR-E-I-1075.pdf,1210.0,1210.0,991.0,956.0,2201,3540.0,870.0,4410.0,964.0,3446.0,0.0,410.0,2203.0,778.0,1743.0,0.0,92.0,1439.0,274.0,1713.0,435.0,1267.0,11.0,170.0,820.0,117.0,804.0,0.0,69.0,4979,1144,6123,1399,4713,11,580,3023,895,2547,0,161,2022-23,985.0,688.0,2300000.0,239.0,996.0,907.0,849.3,582.0,881.3,2140667.0,2021-22,772.0,583.0,1529000.0,158.0,953.0,956.0,754.0,469.5,933.0,1649000.0,1757.0,1271.0,397.0,1863.0,0.7234,0.9493,0.9431,2300000.0,2010.0,47.0,230.0,7.0,215.3,183900000.0,1096116000.0,120140000.0,149393000.0,3474908000.0,4632930000.0,51100000.0,1280068967.0,7455633333.0,2864.0,2310986867.0,1215.0,432572233.0,2.5,624.0,13.03,18.7,77.0,0.18,56.2,209059.0,1217644.0,,,,,,,,,,,,,,,,,,,,,,,,,,,,,,,,,,,,,,,,,,,,,,,,,,,,,,,,,,,,,,,,,,,,,,,,,,,,,,,,,,,,,,
Saveetha Institute of Medical and Technical Sciences,IR-E-I-1441,2024,Engineering,data/raw/pdf/2024/Engineering/IR-E-I-1441.pdf,1410.0,1410.0,90.0,90.0,1500,3540.0,1865.0,5405.0,1446.0,3956.0,3.0,451.0,1416.0,20.0,1791.0,56.0,0.0,26.0,35.0,61.0,21.0,38.0,2.0,11.0,27.0,0.0,37.0,1.0,0.0,3566,1900,5466,1467,3994,5,462,1443,20,1828,57,0,2022-23,1260.0,349.0,448000.0,148.0,1320.0,1800.0,1164.7,317.3,1480.0,385667.0,2022-23,29.0,28.0,450000.0,1.0,30.0,90.0,28.7,27.0,50.0,450000.0,1289.0,377.0,149.0,1890.0,0.2925,0.4081,0.682,448000.0,233.0,312.0,15.0,40.0,34.7,16652660.0,45306023.0,55476626.0,19977254.0,519225355.0,207938958.0,2916727.0,121575939.0,916588079.0,9.0,27020072.0,0.0,0.0,2.5,432.0,13.19,34.8,73.1,0.09,34.9,22242.0,167689.0,,,,,,,,,,,,,,,,,,,,,,,,,,,,,,,,,,,,,,,,,,,,,,,,,,,,,,,,,,,,,,,,,,,,,,,,,,,,,,,,,,,,,,
Thapar Institute of Engineering and Technology (Deemed-to-be-university),IR-E-I-1480,2024,Engineering,data/raw/pdf/2024/Engineering/IR-E-I-1480.pdf,2500.0,2500.0,300.0,300.0,2800,6035.0,3294.0,9329.0,2870.0,6307.0,152.0,375.0,655.0,28.0,981.0,5.0,16.0,228.0,173.0,401.0,114.0,284.0,3.0,136.0,19.0,40.0,105.0,0.0,10.0,6263,3467,9730,2984,6591,155,511,674,68,1086,5,26,2022-23,2259.0,1962.0,1189000.0,193.0,2222.0,2265.0,1859.0,1519.3,1941.7,996333.0,2022-23,202.0,136.0,1000000.0,46.0,207.0,300.0,216.7,115.0,330.0,850000.0,2461.0,2098.0,239.0,2565.0,0.8525,0.9496,0.9595,1189000.0,521.0,112.0,82.0,20.0,96.7,29453648.0,122499540.0,108295000.0,264133900.0,1849922737.0,1150849488.0,37958982.0,434339379.0,2720666015.0,162.0,98971333.0,289.0,31677546.0,2.5,723.0,14.18,35.6,67.7,1.59,11.9,44639.0,279616.0,,,,,,,,,,,,,,,,,,,,,,,,,,,,,,,,,,,,,,,,,,,,,,,,,,,,,,,,,,,,,,,,,,,,,,,,,,,,,,,,,,,,,,
Indian Institute of Technology Hyderabad,IR-E-U-0013,2024,Engineering,data/raw/pdf/2024/Engineering/IR-E-U-0013.pdf,595.0,470.0,320.0,359.0,966,1351.0,339.0,1690.0,583.0,1089.0,18.0,168.0,860.0,128.0,567.0,2.0,331.0,483.0,146.0,629.0,99.0,529.0,1.0,47.0,222.0,0.0,64.0,0.0,205.0,1933,511,2444,694,1731,19,225,1100,128,631,2,564,2022-23,293.0,269.0,2100000.0,17.0,312.0,317.0,278.0,230.3,298.7,1908333.0,2022-23,335.0,297.0,1500000.0,29.0,359.0,359.0,243.0,185.5,272.5,1722500.0,660.0,592.0,48.0,712.0,0.897,0.9697,0.927,2100000.0,643.0,157.0,65.0,9.0,80.0,54273351.0,354297902.0,0.0,222495370.0,2044754274.0,1122709987.0,38926352.0,552661371.0,2422081707.0,522.0,579625943.0,859.0,164906245.0,2.5,268.0,11.52,20.9,70.8,0.78,31.1,226130.0,991032.0,,,,,,,,,,,,,,,,,,,,,,,,,,51.0,42.0,99.0,26.0,125.0,12.0,113.0,0.0,10.0,18.0,0.0,0.0,0.0,28.0,2022-23,32.0,26.0,2180000.0,2.0,33.0,36.0,35.7,30.7,43.0,2268667.0,,,,,,,,,,,,,,,,,,,,,,,,,,,,,,,,,,,,
International Institute of Information Technology Hyderabad,IR-E-U-0014,2024,Engineering,data/raw/pdf/2024/Engineering/IR-E-U-0014.pdf,210.0,210.0,180.0,180.0,510,559.0,177.0,736.0,134.0,486.0,116.0,47.0,52.0,0.0,47.0,52.0,0.0,314.0,77.0,391.0,89.0,302.0,0.0,76.0,73.0,0.0,148.0,1.0,0.0,1391,350,1741,317,1285,139,220,169,0,336,53,0,2022-23,154.0,140.0,3030000.0,14.0,176.0,205.0,143.0,130.7,198.3,3006333.0,2022-23,137.0,133.0,2200000.0,4.0,155.0,180.0,138.7,131.0,180.0,2088333.0,327.0,306.0,21.0,510.0,0.9358,1.0,0.6412,3030000.0,128.0,40.0,17.0,8.0,16.3,16658659.0,106194076.0,5152729.0,58501746.0,498042615.0,381426442.0,10407213.0,120122085.0,685194555.0,248.0,318155598.0,55.0,6966119.0,2.5,130.0,14.38,20.1,73.8,7.98,22.3,68996.0,393564.0,120.0,120.0,518.0,96.0,614.0,94.0,497.0,23.0,97.0,44.0,0.0,141.0,0.0,0.0,2022-23,36.0,33.0,2700000.0,3.0,76.0,125.0,59.5,55.5,142.5,2550000.0,,,,,,,,,,,,,,,,,,,,,,,,,,,,,,,,,,,,,,,,,,,,,,,,,,,,,,,,,,,,,
Jawaharlal Nehru Technological University,IR-E-U-0017,2024,Engineering,data/raw/pdf/2024/Engineering/IR-E-U-0017.pdf,1620.0,1375.0,720.0,763.0,2340,3500.0,2046.0,5546.0,4500.0,1046.0,0.0,4500.0,50.0,4500.0,0.0,0.0,50.0,1000.0,483.0,1483.0,1400.0,83.0,0.0,1400.0,83.0,1300.0,0.0,0.0,183.0,4500,2529,7029,5900,1129,0,5900,133,5800,0,0,233,2022-23,1220.0,1100.0,625000.0,120.0,1244.0,1244.0,1147.3,746.0,1244.0,526667.0,2021-22,402.0,286.0,550000.0,65.0,723.0,763.0,390.5,240.5,765.5,475000.0,1622.0,1386.0,185.0,2007.0,0.8545,0.9686,0.8082,625000.0,87.0,378.0,8.0,146.0,200.7,10081622.0,36724772.0,15326353.0,137444374.0,1513287840.0,1207027821.0,19521253.0,515183069.0,2615776675.0,90.0,234955395.0,524.0,233512088.0,2.5,382.0,18.63,36.0,16.1,0.0,82.5,73294.0,372141.0,,,,,,,,,,,,,,,,,,,,,,,,,,,,,,,,,,,,,,,,,,,,,,,,,,,,,,,,,,,,,,,,,,,,,,,,,,,,,,,,,,,,,,
Koneru Lakshmaiah Education Foundation University (K L College of Engineering),IR-E-U-0020,2024,Engineering,data/raw/pdf/2024/Engineering/IR-E-U-0020.pdf,3420.0,3060.0,252.0,342.0,3672,6261.0,6482.0,12743.0,4990.0,7311.0,442.0,1123.0,1321.0,0.0,1117.0,0.0,1327.0,270.0,235.0,505.0,246.0,252.0,7.0,14.0,91.0,3.0,44.0,0.0,58.0,6531,6717,13248,5236,7563,449,1137,1412,3,1161,0,1385,2022-23,2891.0,1991.0,805500.0,798.0,3396.0,3480.0,2727.7,1820.0,3280.0,655167.0,2022-23,208.0,72.0,820000.0,90.0,253.0,342.0,280.3,104.3,402.0,582000.0,3099.0,2063.0,888.0,3822.0,0.6657,0.9522,0.8108,805500.0,406.0,411.0,119.0,0.0,129.7,59980217.0,237894079.0,25499421.0,200365001.0,1557882316.0,998169934.0,3805340.0,265529969.0,1966567106.0,495.0,82449684.0,504.0,22869862.0,2.5,945.0,14.45,50.7,57.1,3.39,8.8,20043.0,148443.0,,,,,,,,,,,,,,,,,,,,,,,,,,,,,,,,,,,,,,,,,,,,,,,,,,,,,,,,,,,,,,,,,,,,,,,,,,,,,,,,,,,,,,
National Institute of Technology Warangal,IR-E-U-0025,2024,Engineering,data/raw/pdf/2024/Engineering/IR-E-U-0025.pdf,989.0,989.0,688.0,688.0,1677,3378.0,888.0,4266.0,1925.0,1963.0,378.0,425.0,1963.0,259.0,1716.0,43.0,370.0,944.0,238.0,1182.0,496.0,686.0,0.0,105.0,560.0,6.0,239.0,0.0,420.0,4322,1126,5448,2421,2649,378,530,2523,265,1955,43,790,2022-23,1064.0,872.0,1500000.0,79.0,1126.0,1004.0,901.3,709.7,873.7,1364000.0,2022-23,542.0,452.0,1000000.0,43.0,640.0,688.0,536.7,322.0,688.0,991667.0,1606.0,1324.0,122.0,1692.0,0.8244,0.9004,0.9492,1500000.0,395.0,277.0,91.0,17.0,91.0,59099482.0,281512097.0,16338135.0,182281558.0,1214818000.0,1181716694.0,49386214.0,595502254.0,2095269540.0,336.0,106739075.0,354.0,20279073.0,2.5,420.0,13.91,20.7,48.6,6.94,41.5,109307.0,384594.0,,,,,,,,,,,,,,,,,,,,,,,,,,,,,,,,,,,,,,,,,,,,,,,,,,,,,,,,,,,,,,,,,,,,,,,,,,,,,,,,,,,,,,
University of Hyderabad,IR-E-U-0042,2024,Engineering,data/raw/pdf/2024/Engineering/IR-E-U-0042.pdf,,,274.0,256.0,274,,,,,,,,,,,,,103.0,80.0,183.0,45.0,137.0,1.0,20.0,80.0,0.0,0.0,0.0,100.0,103,80,183,45,137,1,20,80,0,0,0,100,,,,,,,,,,,,2022-23,16.0,12.0,620000.0,4.0,19.0,46.0,75.0,38.8,167.2,1308333.0,16.0,12.0,4.0,46.0,0.75,1.0,0.3478,,190.0,11.0,19.0,0.0,37.3,11761819.0,226000.0,336678.0,4000000.0,222257344.0,9500000.0,1900000.0,15746686.0,241562424.0,84.0,66100000.0,7.0,590333.0,2.5,55.0,6.78,43.7,74.9,0.55,0.0,86047.0,1320013.0,,,,,,,,,,,,,,,,,,,,,,,,,,,,,,,,,,,,,,,,,,,,,,,,,,,,,,,,,,,,,,,,,,,,,,,,,,,,,,,,,,,,,,
"Vignan's Foundation for Science, Technology and Research",IR-E-U-0043,2024,Engineering,data/raw/pdf/2024/Engineering/IR-E-U-0043.pdf,1830.0,1800.0,162.0,162.0,1992,3540.0,2973.0,6513.0,3336.0,2983.0,194.0,2260.0,2080.0,206.0,1849.0,1054.0,1231.0,113.0,128.0,241.0,112.0,125.0,4.0,74.0,111.0,14.0,83.0,24.0,64.0,3653,3101,6754,3448,3108,198,2334,2191,220,1932,1078,1295,2022-23,1706.0,868.0,682000.0,689.0,1715.0,2040.0,1583.7,747.7,1900.0,514000.0,2021-22,86.0,80.0,507000.0,5.0,90.0,180.0,93.5,85.0,189.0,491000.0,1792.0,948.0,694.0,2220.0,0.529,0.9163,0.8072,682000.0,472.0,133.0,32.0,20.0,56.3,12425806.0,42250151.0,6564600.0,58122535.0,452468671.0,433128804.0,5992909.0,73129310.0,708766213.0,687.0,34691633.0,610.0,28903090.0,2.5,565.0,12.79,45.9,46.0,2.93,47.8,10828.0,104940.0,,,,,,,,,,,,,,,,,,,,,,,,,,,,,,,,,,,,,,,,,,,,,,,,,,,,,,,,,,,,,,,,,,,,,,,,,,,,,,,,,,,,,,
Indian Institute of Technology Guwahati,IR-E-U-0053,2024,Engineering,data/raw/pdf/2024/Engineering/IR-E-U-0053.pdf,1008.0,902.0,993.0,873.0,2001,2985.0,792.0,3777.0,126.0,3638.0,13.0,341.0,1888.0,1339.0,0.0,0.0,890.0,1452.0,301.0,1753.0,97.0,1656.0,0.0,141.0,751.0,317.0,0.0,0.0,575.0,4437,1093,5530,223,5294,13,482,2639,1656,0,0,1465,2022-23,697.0,639.0,2160000.0,51.0,826.0,851.0,647.7,558.3,762.7,2093333.0,2021-22,567.0,357.0,1350000.0,190.0,668.0,825.0,613.0,307.5,807.0,1300000.0,1264.0,996.0,241.0,1676.0,0.788,0.9786,0.7542,2160000.0,1795.0,199.0,240.0,30.0,219.3,205193001.0,235455283.0,15232760.0,678091009.0,1733706888.0,816288401.0,71141200.0,984863862.0,2741119003.0,922.0,1598236073.0,638.0,184597870.0,2.5,509.0,14.39,19.8,95.7,0.24,29.9,178095.0,495682.0,,,,,,,,,,,,,,,,,,,,,,,,,,,,,,,,,,,,,,,,,,,,,,,,,,,,,,,,,,,,,,,,,,,,,,,,,,,,,,,,,,,,,,
National Institute of Technology Silchar,IR-E-U-0055,2024,Engineering,data/raw/pdf/2024/Engineering/IR-E-U-0055.pdf,825.0,825.0,368.0,368.0,1193,2819.0,643.0,3462.0,1667.0,1673.0,122.0,456.0,1751.0,457.0,1386.0,14.0,350.0,281.0,74.0,355.0,120.0,231.0,4.0,14.0,141.0,0.0,65.0,0.0,90.0,3100,717,3817,1787,1904,126,470,1892,457,1451,14,440,2022-23,823.0,694.0,1395000.0,28.0,868.0,825.0,691.0,589.3,705.7,1081667.0,2022-23,179.0,109.0,600000.0,30.0,219.0,368.0,202.3,106.0,338.0,616667.0,1002.0,803.0,58.0,1193.0,0.8014,0.8593,0.8399,1395000.0,333.0,312.0,79.0,11.0,71.0,84602832.0,73671825.0,33970290.0,48461935.0,807348905.0,445997512.0,27954134.0,227575739.0,1155625290.0,150.0,107701378.0,286.0,12566229.0,2.5,228.0,18.2,18.8,49.9,3.3,50.4,59622.0,302757.0,,,,,,,,,,,,,,,,,,,,,,,,,,,,,,,,,,,,,,,,,,,,,,,,,,,,,,,,,,,,,,,,,,,,,,,,,,,,,,,,,,,,,,
Indian Institute of Technology Patna,IR-E-U-0064,2024,Engineering,data/raw/pdf/2024/Engineering/IR-E-U-0064.pdf,582.0,547.0,231.0,196.0,813,1471.0,326.0,1797.0,332.0,1464.0,1.0,141.0,910.0,126.0,501.0,45.0,379.0,261.0,30.0,291.0,117.0,170.0,4.0,1.0,135.0,0.0,49.0,0.0,87.0,1732,356,2088,449,1634,5,142,1045,126,550,45,466,2022-23,333.0,273.0,1700000.0,13.0,335.0,361.0,263.7,214.7,278.7,1896667.0,2022-23,88.0,81.0,2300000.0,7.0,130.0,196.0,95.3,73.0,193.0,2150000.0,421.0,354.0,20.0,557.0,0.8409,0.8884,0.7558,1700000.0,551.0,89.0,72.0,9.0,74.3,126432017.0,713805099.0,17430742.0,123539258.0,562171509.0,573194133.0,20723857.0,537782304.0,966196241.0,141.0,326275996.0,135.0,39254370.0,2.5,166.0,15.9,17.0,78.3,0.24,34.5,257559.0,462738.0,,,,,,,,,,,,,,,,,,,,,,,,,,,,,,,,,,,,,,,,,,,,,,,,,,,,,,,,,,,,,,,,,,,,,,,,,,,,,,,,,,,,,,
National Institute of Technology Patna,IR-E-U-0072,2024,Engineering,data/raw/pdf/2024/Engineering/IR-E-U-0072.pdf,753.0,759.0,238.0,316.0,991,2236.0,528.0,2764.0,1449.0,1312.0,3.0,384.0,1584.0,603.0,1004.0,202.0,159.0,281.0,52.0,333.0,306.0,27.0,0.0,0.0,231.0,0.0,55.0,0.0,176.0,2517,580,3097,1755,1339,3,384,1815,603,1059,202,335,2022-23,626.0,601.0,988000.0,17.0,631.0,646.0,540.3,490.7,561.7,889333.0,2022-23,199.0,87.0,780000.0,83.0,214.0,316.0,218.3,75.3,327.7,685000.0,825.0,688.0,100.0,962.0,0.8339,0.9552,0.8576,988000.0,359.0,844.0,58.0,45.0,68.7,25380636.0,7611992.0,159680.0,18966527.0,681419637.0,412319479.0,10642437.0,128246380.0,966531440.0,229.0,44287093.0,3092.0,78295988.0,2.5,203.0,17.02,18.7,43.2,0.1,60.2,41410.0,312086.0,,,,,,,,,,,,,,,,,,,,,,,,,,,,,,,,,,,,,,,,,,,,,,,,,,,,,,,,,,,,,,,,,,,,,,,,,,,,,,,,,,,,,,
National Institute of Technology Raipur,IR-E-U-0092,2024,Engineering,data/raw/pdf/2024/Engineering/IR-E-U-0092.pdf,1119.0,1118.0,187.0,200.0,1325,3270.0,880.0,4150.0,2085.0,2058.0,7.0,709.0,2273.0,0.0,2337.0,0.0,645.0,129.0,58.0,187.0,99.0,88.0,0.0,26.0,101.0,0.0,35.0,0.0,92.0,3432,956,4388,2196,2185,7,745,2406,0,2383,0,768,2022-23,969.0,734.0,950000.0,50.0,996.0,1015.0,860.3,603.0,940.3,870000.0,2021-22,126.0,37.0,650000.0,10.0,143.0,200.0,120.0,30.5,192.5,355000.0,1110.0,771.0,60.0,1234.0,0.6946,0.7486,0.8995,950000.0,323.0,187.0,59.0,26.0,80.0,16503099.0,31484310.0,1037925.0,52906875.0,672898789.0,384790085.0,4295313.0,131564230.0,954941272.0,315.0,25579456.0,585.0,31848793.0,2.5,241.0,19.55,21.8,49.8,0.16,54.3,29983.0,217626.0,,,,,,,,,,,,,,,,,,,,,,,,,,19.0,19.0,33.0,18.0,51.0,12.0,39.0,0.0,10.0,32.0,0.0,11.0,0.0,31.0,2022-23,15.0,0.0,0.0,0.0,19.0,19.0,15.3,1.0,17.0,191667.0,,,,,,,,,,,,,,,,,,,,,,,,,,,,,,,,,,,,
Delhi Technological University,IR-E-U-0098,2024,Engineering,data/raw/pdf/2024/Engineering/IR-E-U-0098.pdf,2529.0,2529.0,350.0,418.0,2879,8977.0,1198.0,10175.0,4884.0,4744.0,547.0,216.0,4699.0,2364.0,586.0,52.0,1913.0,444.0,139.0,583.0,138.0,406.0,39.0,28.0,184.0,211.0,0.0,1.0,0.0,9421,1337,10758,5022,5150,586,244,4883,2575,586,53,1913,2022-23,2220.0,1965.0,1410000.0,255.0,2262.0,2360.0,2130.7,1884.0,2260.0,1270000.0,2022-23,300.0,246.0,1300000.0,54.0,300.0,418.0,293.0,237.3,418.0,1108500.0,2520.0,2211.0,309.0,2778.0,0.8774,1.0,0.9071,1410000.0,731.0,637.0,74.0,65.0,81.3,39921321.0,147431818.0,73233018.0,44492741.0,1426151762.0,913998599.0,245524961.0,268122133.0,2349725751.0,75.0,86450686.0,113.0,100084998.0,2.5,874.0,13.15,12.4,47.9,5.45,29.9,24923.0,218417.0,,,,,,,,,,,,,,,,,,,,,,,,,,,,,,,,,,,,,,,,,,,,,,,,,,,,,,,,,,,,,,,,,,,,,,,,,,,,,,,,,,,,,,
Guru Gobind Singh Indraprastha University,IR-E-U-0099,2024,Engineering,data/raw/pdf/2024/Engineering/IR-E-U-0099.pdf,900.0,367.0,125.0,125.0,1025,1467.0,380.0,1847.0,1223.0,586.0,38.0,157.0,522.0,1.0,136.0,0.0,542.0,111.0,121.0,232.0,163.0,69.0,0.0,2.0,22.0,0.0,3.0,0.0,21.0,1578,501,2079,1386,655,38,159,544,1,139,0,563,2022-23,210.0,190.0,815000.0,20.0,226.0,180.0,248.7,160.7,180.0,838333.0,2022-23,103.0,77.0,770000.0,26.0,110.0,125.0,79.0,41.0,116.7,619333.0,313.0,267.0,46.0,305.0,0.853,1.0,1.0262,815000.0,123.0,107.0,23.0,52.0,56.0,1922427.0,2838560.0,1633496.0,5072760.0,393643271.0,19886405.0,2872490.0,38794810.0,307342365.0,63.0,46885925.0,0.0,0.0,2.5,135.0,16.31,24.1,31.5,1.83,6.7,18660.0,147832.0,,,,,,,,,,,,,,,,,,,,,,,,,,,,,,,,,,,,,,,,,,,,,,,,,,,,,,,,,,,,,,,,,,,,,,,,,,,,,,,,,,,,,,
Indraprastha Institute of Information Technology,IR-E-U-0105,2024,Engineering,data/raw/pdf/2024/Engineering/IR-E-U-0105.pdf,540.0,525.0,273.0,273.0,813,1862.0,283.0,2145.0,1291.0,704.0,150.0,180.0,889.0,34.0,3.0,13.0,1019.0,263.0,134.0,397.0,79.0,316.0,2.0,36.0,39.0,0.0,0.0,0.0,75.0,2125,417,2542,1370,1020,152,216,928,34,3,13,1094,2022-23,425.0,390.0,1850000.0,33.0,451.0,495.0,368.7,334.7,434.3,1683333.0,2021-22,213.0,208.0,1541000.0,2.0,220.0,249.0,203.0,197.5,239.0,1470500.0,638.0,598.0,35.0,744.0,0.9373,0.9922,0.8575,1850000.0,316.0,0.0,21.0,0.0,22.0,24442593.0,69572939.0,1388488.0,119070623.0,500523383.0,445191721.0,9757878.0,151770967.0,783732916.0,209.0,274918826.0,20.0,12844219.0,2.5,145.0,19.71,16.4,40.1,5.98,2.0,59705.0,308313.0,,,,,,,,,,,,,,,,,,,,,,,,,,,,,,,,,,,,,,,,,,,,,,,,,,,,,,,,,,,,,,,,,,,,,,,,,,,,,,,,,,,,,,
Jamia Millia Islamia,IR-E-U-0108,2024,Engineering,data/raw/pdf/2024/Engineering/IR-E-U-0108.pdf,350.0,350.0,174.0,155.0,524,1127.0,282.0,1409.0,153.0,1134.0,122.0,1214.0,178.0,1011.0,142.0,239.0,0.0,182.0,152.0,334.0,36.0,293.0,5.0,277.0,54.0,148.0,108.0,68.0,7.0,1309,434,1743,189,1427,127,1491,232,1159,250,307,7,2022-23,353.0,292.0,1100000.0,61.0,353.0,350.0,356.7,265.3,350.0,816667.0,2022-23,157.0,126.0,1300000.0,31.0,157.0,155.0,158.7,114.7,156.0,986667.0,510.0,418.0,92.0,505.0,0.8196,1.0,1.0099,1100000.0,335.0,0.0,65.0,0.0,60.3,2021499.0,20332972.0,4554615.0,13914748.0,779087962.0,195374675.0,907878.0,30078399.0,668120257.0,106.0,99144202.0,1654.0,87204233.0,2.5,130.0,15.98,24.9,81.9,7.29,98.5,17257.0,383316.0,,,,,,,,,,,,,,,,,,,,,,,,,,,,,,,,,,,,,,,,,,,,,,,,,,,,,,,,,,,,,,,,,,,,,,,,,,,,,,,,,,,,,,
Indian Institute of Technology Gandhinagar,IR-E-U-0139,2024,Engineering,data/raw/pdf/2024/Engineering/IR-E-U-0139.pdf,225.0,225.0,100.0,72.0,365,750.0,183.0,933.0,137.0,792.0,4.0,53.0,469.0,222.0,149.0,8.0,143.0,100.0,49.0,149.0,12.0,122.0,15.0,18.0,53.0,16.0,30.0,0.0,25.0,880,241,1121,157,945,19,73,540,247,181,8,177,2022-23,188.0,123.0,1600000.0,26.0,203.0,193.0,173.0,112.3,189.0,1305667.0,2022-23,35.0,20.0,1375000.0,8.0,72.0,72.0,66.7,39.7,97.3,1108667.0,223.0,143.0,34.0,265.0,0.6413,0.7937,0.8415,1600000.0,560.0,2.0,40.0,1.0,54.7,31339902.0,216414304.0,1787382.0,13052790.0,790641159.0,563015438.0,44785268.0,344915810.0,1264995276.0,759.0,409645405.0,171.0,39324233.0,2.5,125.0,13.45,21.5,84.3,1.69,38.9,307686.0,1128453.0,40.0,0.0,30.0,9.0,39.0,8.0,31.0,0.0,2.0,18.0,9.0,2.0,0.0,9.0,2021-22,0.0,0.0,0.0,0.0,0.0,0.0,0.0,0.0,0.0,0.0,,,,,,,,,,,,,,,,,,,,,,,,,,,,,,,,,,,,,,,,,,,,,,,,,,,,,,,,,,,,,
Sardar Vallabhbhai National Institute of Technology,IR-E-U-0149,2024,Engineering,data/raw/pdf/2024/Engineering/IR-E-U-0149.pdf,866.0,1017.0,475.0,570.0,1341,2692.0,675.0,3367.0,1601.0,1651.0,115.0,603.0,1672.0,830.0,613.0,20.0,812.0,502.0,140.0,642.0,231.0,411.0,0.0,0.0,243.0,108.0,0.0,0.0,135.0,3194,815,4009,1832,2062,115,603,1915,938,613,20,947,2022-23,788.0,656.0,950000.0,81.0,843.0,910.0,743.0,567.7,857.3,813667.0,2021-22,376.0,252.0,650000.0,58.0,438.0,570.0,337.5,166.0,518.0,670000.0,1164.0,908.0,139.0,1480.0,0.7801,0.8995,0.7865,950000.0,396.0,252.0,55.0,42.0,59.7,63342666.0,137213329.0,25904832.0,113666784.0,871689788.0,611739957.0,7190579.0,208975511.0,1394707689.0,255.0,42971997.0,1176.0,104830242.0,2.5,286.0,15.4,20.3,51.4,2.87,39.2,52127.0,347894.0,,,,,,,,,,,,,,,,,,,,,,,,,,,,,,,,,,,,,,,,,,,,,,,,,,,,,,,,,,,,,,,,,,,,,,,,,,,,,,,,,,,,,,
National Institute of Technology Kurukshetra,IR-E-U-0172,2024,Engineering,data/raw/pdf/2024/Engineering/IR-E-U-0172.pdf,1161.0,1157.0,498.0,498.0,1659,3533.0,869.0,4402.0,2099.0,2253.0,50.0,394.0,2153.0,1074.0,1101.0,372.0,0.0,557.0,127.0,684.0,93.0,591.0,0.0,81.0,354.0,129.0,0.0,0.0,306.0,4090,996,5086,2192,2844,50,475,2507,1203,1101,372,306,2022-23,959.0,662.0,1107000.0,125.0,959.0,965.0,838.7,572.0,886.3,1035667.0,2022-23,388.0,197.0,900000.0,103.0,388.0,498.0,358.7,132.0,506.3,850000.0,1347.0,859.0,228.0,1463.0,0.6377,0.807,0.9207,1107000.0,230.0,189.0,34.0,11.0,50.0,36730573.0,21739204.0,30369437.0,128420884.0,1035470000.0,382870000.0,19994914.0,250384861.0,1365624638.0,78.0,42220900.0,3616.0,71897539.0,2.5,255.0,20.85,19.6,55.9,0.98,52.6,49230.0,268507.0,,,,,,,,,,,,,,,,,,,,,,,,,,,,,,,,,,,,,,,,,,,,,,,,,,,,,,,,,,,,,,,,,,,,,,,,,,,,,,,,,,,,,,
Indian Institute of Technology Mandi,IR-E-U-0184,2024,Engineering,data/raw/pdf/2024/Engineering/IR-E-U-0184.pdf,308.0,301.0,284.0,394.0,620,886.0,234.0,1120.0,24.0,1093.0,3.0,199.0,570.0,268.0,476.0,25.0,0.0,424.0,143.0,567.0,21.0,546.0,0.0,28.0,244.0,95.0,177.0,0.0,0.0,1375,393,1768,46,1719,3,232,848,377,678,25,0,2022-23,232.0,207.0,2200000.0,24.0,240.0,258.0,187.3,158.7,202.7,2033333.0,2022-23,247.0,145.0,800000.0,91.0,301.0,394.0,216.7,113.7,358.3,723333.0,479.0,352.0,115.0,652.0,0.7349,0.9749,0.7347,2200000.0,460.0,36.0,59.0,10.0,62.3,70004195.0,89947259.0,70111888.0,74201707.0,503949111.0,1184099998.0,2653847.0,212578665.0,1150052377.0,494.0,125020998.0,73.0,7603210.0,2.5,197.0,11.31,22.2,97.2,0.17,61.1,120237.0,650482.0,28.0,28.0,65.0,16.0,81.0,1.0,80.0,0.0,5.0,34.0,14.0,25.0,0.0,0.0,2021-22,0.0,0.0,0.0,0.0,0.0,0.0,0.0,0.0,0.0,0.0,,,,,,,,,,,,,,,,,,,,,,,,,,,,,,,,,,,,,,,,,,,,,,,,,,,,,,,,,,,,,
Shoolini University of Biotechnology and Management Sciences,IR-E-U-0190,2024,Engineering,data/raw/pdf/2024/Engineering/IR-E-U-0190.pdf,240.0,190.0,35.0,35.0,275,399.0,484.0,883.0,327.0,547.0,9.0,11.0,190.0,13.0,12.0,2.0,174.0,29.0,32.0,61.0,21.0,39.0,1.0,0.0,18.0,0.0,1.0,0.0,17.0,428,516,944,348,586,10,11,208,13,13,2,191,2022-23,237.0,130.0,400000.0,52.0,237.0,240.0,199.7,80.3,233.3,374667.0,2021-22,30.0,6.0,500000.0,18.0,30.0,32.0,22.0,5.5,23.5,414000.0,267.0,136.0,70.0,272.0,0.5094,0.7715,0.9816,400000.0,102.0,0.0,18.0,0.0,17.7,2655000.0,1813000.0,1155000.0,3275000.0,55034000.0,21679648.0,0.0,6806667.0,65692246.0,16.0,3483810.0,1.0,475610.0,2.5,68.0,15.38,54.7,62.1,1.06,3.0,7210.0,69589.0,,,,,,,,,,,,,,,,,,,,,,,,,,,,,,,,,,,,,,,,,,,,,,,,,,,,,,,,,,,,,,,,,,,,,,,,,,,,,,,,,,,,,,
National Institute of Technology Srinagar,IR-E-U-0197,2024,Engineering,data/raw/pdf/2024/Engineering/IR-E-U-0197.pdf,899.0,899.0,250.0,250.0,1149,2480.0,690.0,3170.0,1557.0,1610.0,3.0,1128.0,1442.0,0.0,2139.0,21.0,410.0,228.0,95.0,323.0,168.0,155.0,0.0,47.0,138.0,0.0,84.0,0.0,101.0,2708,785,3493,1725,1765,3,1175,1580,0,2223,21,511,2022-23,581.0,446.0,1100000.0,96.0,625.0,672.0,574.7,419.0,658.7,852667.0,2021-22,181.0,55.0,600000.0,52.0,196.0,204.0,148.5,44.5,183.5,495000.0,762.0,501.0,148.0,876.0,0.6575,0.8517,0.8699,1100000.0,350.0,18.0,59.0,2.0,53.3,44416208.0,88975857.0,2235820.0,100939887.0,769914171.0,594322906.0,12665392.0,306515044.0,1197307626.0,146.0,73915078.0,821.0,24458859.0,2.5,236.0,16.28,22.5,50.5,0.09,64.2,87751.0,342773.0,,,,,,,,,,,,,,,,,,,,,,,,,,,,,,,,,,,,,,,,,,,,,,,,,,,,,,,,,,,,,,,,,,,,,,,,,,,,,,,,,,,,,,
Birla Institute of Technology,IR-E-U-0202,2024,Engineering,data/raw/pdf/2024/Engineering/IR-E-U-0202.pdf,840.0,780.0,190.0,225.0,1030,2851.0,365.0,3216.0,1794.0,1358.0,64.0,696.0,1064.0,353.0,53.0,54.0,1300.0,256.0,120.0,376.0,153.0,223.0,0.0,45.0,87.0,8.0,2.0,0.0,122.0,3107,485,3592,1947,1581,64,741,1151,361,55,54,1422,2022-23,720.0,519.0,1057982.0,39.0,720.0,780.0,673.3,503.0,780.0,952661.0,2021-22,217.0,86.0,590000.0,17.0,232.0,323.0,165.5,50.0,332.0,495993.0,937.0,605.0,56.0,1103.0,0.6457,0.7054,0.8495,1057982.0,303.0,75.0,29.0,3.0,44.7,18357621.0,150421291.0,3547923.0,26550231.0,1051838446.0,297255363.0,6824995.0,211680548.0,1085665243.0,119.0,74074150.0,208.0,15202245.0,2.5,265.0,14.7,13.5,44.0,1.78,13.1,58931.0,302245.0,,,,,,,,,,,,,,,,,,,,,,,,,,,,,,,,,,,,,,,,,,,,,,,,,,,,,,,,,,,,,,,,,,,,,,,,,,,,,,,,,,,,,,
Indian Institute of Technology (Indian School of Mines) Dhanbad,IR-E-U-0205,2024,Engineering,data/raw/pdf/2024/Engineering/IR-E-U-0205.pdf,1028.0,1028.0,596.0,680.0,1721,3003.0,721.0,3724.0,291.0,3433.0,0.0,260.0,1897.0,3.0,1932.0,0.0,222.0,566.0,102.0,668.0,64.0,599.0,5.0,0.0,356.0,5.0,147.0,0.0,204.0,3926,900,4826,376,4445,5,282,2452,9,2295,0,430,2022-23,770.0,655.0,1500000.0,5.0,836.0,869.0,776.0,665.0,868.0,1366667.0,2022-23,304.0,227.0,1100000.0,17.0,479.0,680.0,295.0,192.7,743.3,908333.0,1157.0,955.0,23.0,1645.0,0.8254,0.8453,0.7033,1500000.0,834.0,268.0,239.0,204.0,268.7,79785921.0,423338548.0,1243910.0,97273747.0,1710510938.0,942376807.0,20185709.0,585298964.0,2520129294.0,466.0,274909484.0,156.0,39498735.0,2.5,414.0,13.67,18.6,92.1,0.1,47.7,121280.0,522198.0,97.0,97.0,357.0,77.0,434.0,21.0,413.0,0.0,22.0,199.0,1.0,216.0,0.0,4.0,2022-23,83.0,73.0,1280000.0,1.0,86.0,96.0,81.0,71.0,92.0,1523500.0,,,,,,,,,,,,,,,,,,,,,,,,,,,,,,,,,,,,,,,,,,,,,,,,,,,,,,,,,,,,,
Christ University,IR-E-U-0217,2024,Engineering,data/raw/pdf/2024/Engineering/IR-E-U-0217.pdf,780.0,660.0,84.0,108.0,864,1645.0,618.0,2263.0,446.0,1803.0,14.0,419.0,283.0,74.0,508.0,0.0,120.0,84.0,34.0,118.0,48.0,70.0,0.0,34.0,21.0,10.0,30.0,0.0,15.0,1729,652,2381,494,1873,14,453,304,84,538,0,135,2022-23,373.0,280.0,516000.0,69.0,380.0,660.0,428.0,118.0,660.0,472000.0,2022-23,38.0,23.0,540000.0,2.0,38.0,108.0,30.0,18.3,108.0,525333.0,411.0,303.0,71.0,768.0,0.7372,0.91,0.5352,516000.0,58.0,80.0,0.0,8.0,6.3,10352835.0,4175361.0,16284627.0,298634305.0,376316868.0,181043556.0,689156.0,129376137.0,392666759.0,16.0,2518973.0,29.0,934507.0,2.5,191.0,12.77,27.4,78.7,0.59,26.1,54337.0,164917.0,,,,,,,,,,,,,,,,,,,,,,,,,,,,,,,,,,,,,,,,,,,,,,,,,,,,,,,,,,,,,,,,,,,,,,,,,,,,,,,,,,,,,,
International Institute of Information Technology Bangalore,IR-E-U-0221,2024,Engineering,data/raw/pdf/2024/Engineering/IR-E-U-0221.pdf,,,180.0,180.0,180,,,,,,,,,,,,,300.0,57.0,357.0,21.0,334.0,2.0,5.0,0.0,0.0,2.0,1.0,2.0,300,57,357,21,334,2,5,0,0,2,1,2,,,,,,,,,,,,2021-22,61.0,55.0,2300000.0,4.0,63.0,120.0,134.0,131.0,156.0,2165800.0,61.0,55.0,4.0,120.0,0.9016,0.9672,0.5083,,62.0,28.0,9.0,2.0,8.7,8741963.0,9289945.0,373811.0,135630321.0,257144089.0,1015366957.0,38289838.0,117781139.0,1545074698.0,297.0,631740452.0,28.0,7761906.0,2.5,53.0,7.91,16.0,93.6,0.56,0.8,329919.0,4327940.0,,,,,,,,,,,,,,,,,,,,,,,,,,,,,,,,,,,,,,,,,,,,,,,,,,,,,,,,,,,,,,,,,,,,,,,,,,,,,,,,,,,,,,
"Jain University, Bangalore",IR-E-U-0223,2024,Engineering,data/raw/pdf/2024/Engineering/IR-E-U-0223.pdf,1320.0,1200.0,183.0,183.0,1503,3087.0,1519.0,4606.0,1249.0,2308.0,1049.0,93.0,1519.0,1162.0,86.0,12.0,352.0,81.0,51.0,132.0,47.0,61.0,24.0,44.0,41.0,32.0,7.0,4.0,42.0,3168,1570,4738,1296,2369,1073,137,1560,1194,93,16,394,2022-23,978.0,421.0,600000.0,194.0,1084.0,1550.0,897.7,367.7,1263.3,559333.0,2021-22,83.0,61.0,755000.0,12.0,93.0,213.0,91.5,62.5,222.0,711500.0,1061.0,482.0,206.0,1763.0,0.4543,0.6484,0.6018,600000.0,215.0,18.0,20.0,0.0,22.3,19864312.0,10152686.0,2192517.0,122821085.0,651715652.0,180265923.0,3518480.0,115902504.0,687258745.0,59.0,35690350.0,82.0,35152398.0,2.5,439.0,11.28,33.1,50.0,22.65,27.5,24462.0,145052.0,,,,,,,,,,,,,,,,,,,,,,,,,,,,,,,,,,,,,,,,,,,,,,,,,,,,,,,,,,,,,,,,,,,,,,,,,,,,,,,,,,,,,,
"National Institute of Technology Karnataka, Surathkal",IR-E-U-0237,2024,Engineering,data/raw/pdf/2024/Engineering/IR-E-U-0237.pdf,740.0,740.0,579.0,579.0,1319,3136.0,791.0,3927.0,1790.0,2112.0,25.0,1020.0,1421.0,226.0,1789.0,391.0,35.0,1239.0,387.0,1626.0,170.0,1455.0,1.0,678.0,570.0,59.0,263.0,55.0,871.0,4375,1178,5553,1960,3567,26,1698,1991,285,2052,446,906,2022-23,903.0,794.0,1500000.0,74.0,957.0,740.0,840.7,723.3,782.7,1261333.0,2022-23,629.0,580.0,1100000.0,15.0,694.0,579.0,618.7,531.0,630.0,992333.0,1532.0,1374.0,89.0,1319.0,0.8969,0.955,1.1615,1500000.0,853.0,267.0,121.0,17.0,128.0,60292768.0,1078378262.0,91327111.0,833963984.0,1341309464.0,1364427692.0,449654.0,1466266207.0,2562406948.0,648.0,370824004.0,2746.0,170557580.0,2.5,300.0,21.35,21.2,64.2,0.47,50.1,264049.0,461446.0,,,,,,,,,,,,,,,,,,,,,,,,,,,,,,,,,,,,,,,,,,,,,,,,,,,,,,,,,,,,,,,,,,,,,,,,,,,,,,,,,,,,,,
Visvesvaraya Technological University,IR-E-U-0249,2024,Engineering,data/raw/pdf/2024/Engineering/IR-E-U-0249.pdf,300.0,90.0,709.0,441.0,1009,264.0,262.0,526.0,526.0,0.0,0.0,150.0,329.0,85.0,0.0,0.0,394.0,453.0,492.0,945.0,941.0,4.0,0.0,89.0,541.0,180.0,0.0,0.0,450.0,717,754,1471,1467,4,0,239,870,265,0,0,844,2022-23,0.0,0.0,0.0,0.0,0.0,0.0,0.0,0.0,0.0,0.0,2022-23,365.0,210.0,540000.0,155.0,422.0,441.0,356.7,189.7,452.3,429333.0,365.0,210.0,155.0,441.0,0.5753,1.0,0.8277,0.0,43.0,202.0,26.0,164.0,118.3,210939416.0,184660549.0,98550000.0,23452368.0,439182765.0,222058060.0,0.0,266566228.0,596908237.0,9.0,29638333.0,15.0,4683081.0,2.5,139.0,10.89,51.3,0.3,0.0,18.0,181214.0,405784.0,,,,,,,,,,,,,,,,,,,,,,,,,,,,,,,,,,,,,,,,,,,,,,,,,,,,,,,,,,,,,,,,,,,,,,,,,,,,,,,,,,,,,,
Indian Institute of Space Science and Technology,IR-E-U-0255,2024,Engineering,data/raw/pdf/2024/Engineering/IR-E-U-0255.pdf,144.0,134.0,255.0,165.0,423,475.0,47.0,522.0,40.0,482.0,0.0,68.0,258.0,317.0,0.0,0.0,9.0,178.0,53.0,231.0,46.0,185.0,0.0,17.0,90.0,97.0,9.0,0.0,1.0,745,106,851,94,757,0,93,401,474,9,0,11,2022-23,125.0,101.0,1104048.0,24.0,132.0,132.0,112.7,88.7,124.0,1077120.0,2022-23,89.0,79.0,1000000.0,10.0,112.0,165.0,93.7,53.0,155.0,963333.0,232.0,194.0,38.0,317.0,0.8362,1.0,0.7319,1104048.0,261.0,67.0,27.0,5.0,24.3,27244368.0,177569328.0,238200.0,20888880.0,386370379.0,404033525.0,2428612.0,130448825.0,706959395.0,136.0,21584646.0,67.0,7639475.0,2.5,100.0,11.12,12.5,89.0,0.0,56.8,153289.0,830740.0,24.0,22.0,92.0,6.0,98.0,8.0,90.0,0.0,8.0,53.0,60.0,0.0,0.0,1.0,2022-23,18.0,14.0,1104048.0,4.0,20.0,20.0,19.0,15.5,20.0,1083852.0,,,,,,,,,,,,,,,,,,,,,,,,,,,,,,,,,,,,,,,,,,,,,,,,,,,,,,,,,,,,,
National Institute of Technology Calicut,IR-E-U-0263,2024,Engineering,data/raw/pdf/2024/Engineering/IR-E-U-0263.pdf,920.0,920.0,430.0,430.0,1350,2696.0,994.0,3690.0,1685.0,1954.0,51.0,933.0,1881.0,825.0,1573.0,298.0,118.0,645.0,221.0,866.0,256.0,606.0,4.0,78.0,457.0,13.0,522.0,0.0,0.0,3341,1215,4556,1941,2560,55,1011,2338,838,2095,298,118,2022-23,894.0,811.0,1170000.0,75.0,920.0,920.0,868.3,771.7,900.0,1073333.0,2022-23,428.0,390.0,1120000.0,30.0,430.0,430.0,416.3,366.3,430.0,1011667.0,1322.0,1201.0,105.0,1350.0,0.9085,0.9879,0.9793,1170000.0,739.0,25.0,90.0,0.0,91.7,54480136.0,201472515.0,15664244.0,106702508.0,1360714585.0,1018281795.0,26533973.0,295239233.0,1979721315.0,268.0,117278168.0,397.0,10259330.0,2.5,402.0,13.17,26.7,56.2,1.21,70.9,64802.0,434531.0,,,,,,,,,,,,,,,,,,,,,,,,,,,,,,,,,,,,,,,,,,,,,,,,,,,,,,,,,,,,,,,,,,,,,,,,,,,,,,,,,,,,,,
Indian Institute of Technology Indore,IR-E-U-0273,2024,Engineering,data/raw/pdf/2024/Engineering/IR-E-U-0273.pdf,360.0,360.0,270.0,265.0,630,1067.0,276.0,1343.0,215.0,1127.0,1.0,206.0,692.0,30.0,540.0,0.0,328.0,281.0,89.0,370.0,33.0,330.0,7.0,0.0,155.0,0.0,67.0,0.0,88.0,1348,365,1713,248,1457,8,206,847,30,607,0,416,2022-23,281.0,238.0,2120000.0,12.0,283.0,294.0,254.3,199.3,276.3,1790000.0,2022-23,164.0,93.0,800000.0,35.0,222.0,265.0,155.0,56.7,229.3,933333.0,445.0,331.0,47.0,559.0,0.7438,0.8494,0.7961,2120000.0,582.0,28.0,79.0,2.0,83.3,47193543.0,259181099.0,1202619.0,91974617.0,667850076.0,569258068.0,24535200.0,297770303.0,1066533543.0,733.0,269076934.0,201.0,33253563.0,2.5,204.0,11.25,21.3,85.1,0.47,37.2,173830.0,622612.0,,,,,,,,,,,,,,,,,,,,,,,,,,,,,,,,,,,,,,,,,,,,,,,,,,,,,,,,,,,,,,,,,,,,,,,,,,,,,,,,,,,,,,
Maulana Azad National Institute of Technology,IR-E-U-0284,2024,Engineering,data/raw/pdf/2024/Engineering/IR-E-U-0284.pdf,1021.0,1021.0,618.0,618.0,1639,3184.0,810.0,3994.0,1936.0,1988.0,70.0,908.0,1702.0,281.0,2329.0,0.0,0.0,450.0,192.0,642.0,254.0,388.0,0.0,192.0,324.0,3.0,132.0,0.0,381.0,3634,1002,4636,2190,2376,70,1100,2026,284,2461,0,381,2022-23,920.0,845.0,1383000.0,48.0,936.0,919.0,846.3,695.0,854.7,1094333.0,2022-23,0.0,0.0,0.0,0.0,0.0,0.0,126.0,83.2,235.6,394000.0,920.0,845.0,48.0,919.0,0.9185,0.9707,1.0011,1383000.0,404.0,0.0,57.0,8.0,64.3,16160397.0,15783449.0,49328653.0,93198806.0,935347205.0,546956252.0,9326787.0,201194884.0,1099025540.0,135.0,40695861.0,1271.0,72943801.0,2.5,231.0,21.82,21.6,51.3,1.51,59.2,43398.0,237063.0,,,,,,,,,,,,,,,,,,,,,,,,,,,,,,,,,,,,,,,,,,,,,,,,,,,,,,,,,,,,,,,,,,,,,,,,,,,,,,,,,,,,,,
Defence Institute of Advanced Technology,IR-E-U-0297,2024,Engineering,data/raw/pdf/2024/Engineering/IR-E-U-0297.pdf,,,466.0,370.0,466,,,,,,,,,,,,,317.0,221.0,538.0,102.0,429.0,7.0,151.0,211.0,342.0,0.0,20.0,0.0,317,221,538,102,429,7,151,211,342,0,20,0,,,,,,,,,,,,2022-23,295.0,265.0,2000000.0,15.0,297.0,370.0,236.7,221.0,405.3,1883333.0,295.0,265.0,15.0,370.0,0.8983,0.9492,0.7973,,70.0,95.0,11.0,11.0,25.3,29571080.0,124591416.0,75046500.0,74520420.0,229430777.0,127814383.0,4374324.0,220635389.0,326991148.0,70.0,221453056.0,30.0,156587055.0,2.5,73.0,8.33,41.1,79.7,1.3,67.3,410103.0,607790.0,,,,,,,,,,,,,,,,,,,,,,,,,,,,,,,,,,,,,,,,,,,,,,,,,,,,,,,,,,,,,,,,,,,,,,,,,,,,,,,,,,,,,,
Indian Institute of Technology Bombay,IR-E-U-0306,2024,Engineering,data/raw/pdf/2024/Engineering/IR-E-U-0306.pdf,1059.0,1039.0,1391.0,1371.0,2632,3886.0,905.0,4791.0,1346.0,3414.0,31.0,412.0,2481.0,1143.0,625.0,208.0,917.0,2136.0,432.0,2568.0,472.0,2039.0,57.0,140.0,1251.0,478.0,170.0,0.0,743.0,6972,1559,8531,2260,6181,90,623,4330,1892,918,234,1909,2022-23,798.0,644.0,1963000.0,154.0,927.0,874.0,711.7,578.3,838.7,1745000.0,2022-23,870.0,641.0,1500000.0,223.0,1312.0,1371.0,858.7,557.0,1286.7,1425396.0,1867.0,1472.0,389.0,2413.0,0.7884,0.9968,0.7737,1963000.0,3539.0,448.0,382.0,31.0,375.7,26225709.0,3091659479.0,82044432.0,8684226.0,6396252265.0,2047321211.0,24835283.0,1930784430.0,7596493447.0,4208.0,3742668604.0,3196.0,715076132.0,2.5,734.0,16.44,18.3,72.5,1.05,35.7,226326.0,890458.0,182.0,202.0,950.0,222.0,1172.0,442.0,728.0,2.0,71.0,598.0,271.0,123.0,26.0,249.0,2022-23,199.0,187.0,1850000.0,12.0,193.0,168.0,179.5,172.0,155.0,1925000.0,,,,,,,,,,,,,,,,,,,,,,,,,,,,,,,,,,,,,,,,,,,,,,,,,,,,,,,,,,,,,
Institute of Chemical Technology,IR-E-U-0308,2024,Engineering,data/raw/pdf/2024/Engineering/IR-E-U-0308.pdf,211.0,211.0,385.0,385.0,596,670.0,274.0,944.0,782.0,159.0,3.0,116.0,335.0,245.0,0.0,78.0,128.0,316.0,262.0,578.0,384.0,194.0,0.0,14.0,344.0,341.0,0.0,0.0,17.0,986,536,1522,1166,353,3,130,679,586,0,78,145,2022-23,240.0,114.0,800000.0,43.0,240.0,211.0,222.3,108.0,211.0,751667.0,2022-23,98.0,71.0,620000.0,3.0,100.0,120.0,132.2,98.8,155.4,333200.0,338.0,185.0,46.0,331.0,0.5473,0.6834,1.0211,800000.0,230.0,79.0,53.0,5.0,75.3,23889715.0,250796339.0,960097.0,38870514.0,608211455.0,370329734.0,9639097.0,284563734.0,892911112.0,482.0,322121509.0,588.0,47067466.0,2.5,178.0,9.84,35.2,23.2,0.2,43.6,186967.0,586670.0,,,,,,,,,,,,,,,,,,,,,,,,,,,,,,,,,,,,,,,,,,,,,,,,,,,,,,,,,,,,,,,,,,,,,,,,,,,,,,,,,,,,,,
Visvesvaraya National Institute of Technology Nagpur,IR-E-U-0334,2024,Engineering,data/raw/pdf/2024/Engineering/IR-E-U-0334.pdf,855.0,855.0,434.0,450.0,1289,2597.0,689.0,3286.0,1594.0,1625.0,67.0,385.0,1775.0,14.0,728.0,2.0,1416.0,455.0,184.0,639.0,367.0,272.0,0.0,49.0,356.0,0.0,0.0,0.0,405.0,3052,873,3925,1961,1897,67,434,2131,14,728,2,1821,2022-23,832.0,730.0,1192000.0,99.0,857.0,855.0,717.3,632.7,799.7,1044667.0,2022-23,315.0,238.0,815000.0,65.0,362.0,450.0,294.7,207.7,450.0,784667.0,1147.0,968.0,164.0,1305.0,0.8439,0.9869,0.8789,1192000.0,396.0,49.0,75.0,12.0,61.7,17956541.0,55750472.0,5243056.0,246939086.0,1198333666.0,353313663.0,30475800.0,395713214.0,1392603951.0,422.0,152935788.0,938.0,181810481.0,2.5,292.0,14.8,22.2,48.3,1.71,19.0,100819.0,354804.0,,,,,,,,,,,,,,,,,,,,,,,,,,,,,,,,,,,,,,,,,,,,,,,,,,,,,,,,,,,,,,,,,,,,,,,,,,,,,,,,,,,,,,
Indian Institute of Technology Bhubaneswar,IR-E-U-0355,2024,Engineering,data/raw/pdf/2024/Engineering/IR-E-U-0355.pdf,355.0,355.0,246.0,246.0,721,1057.0,257.0,1314.0,60.0,1254.0,0.0,145.0,671.0,0.0,594.0,0.0,222.0,317.0,49.0,366.0,79.0,287.0,0.0,24.0,187.0,0.0,211.0,0.0,0.0,1787,411,2198,171,2027,0,207,1131,0,1012,0,326,2022-23,299.0,247.0,1598000.0,10.0,303.0,312.0,265.0,227.0,277.3,1482667.0,2022-23,122.0,106.0,1200000.0,8.0,177.0,246.0,147.3,107.3,246.0,1110667.0,510.0,426.0,20.0,648.0,0.8353,0.8745,0.787,1598000.0,399.0,0.0,40.0,0.0,43.3,65953715.0,162295181.0,19118290.0,49849095.0,581795856.0,560022071.0,7116896.0,245987474.0,1004718241.0,503.0,116178734.0,296.0,52639365.0,2.5,178.0,14.59,18.7,92.2,0.0,46.0,111914.0,457106.0,120.0,120.0,413.0,105.0,518.0,32.0,486.0,0.0,38.0,273.0,0.0,207.0,0.0,104.0,2022-23,89.0,73.0,1558000.0,2.0,89.0,90.0,85.0,65.5,90.0,1579000.0,,,,,,,,,,,,,,,,,,,,,,,,,,,,,,,,,,,,,,,,,,,,,,,,,,,,,,,,,,,,,
Kalinga Institute of Industrial Technology,IR-E-U-0356,2024,Engineering,data/raw/pdf/2024/Engineering/IR-E-U-0356.pdf,3300.0,3300.0,212.0,212.0,3512,7019.0,6938.0,13957.0,101.0,12738.0,1118.0,1465.0,879.0,77.0,221.0,24.0,2022.0,89.0,135.0,224.0,9.0,172.0,43.0,46.0,31.0,23.0,52.0,1.0,1.0,7108,7073,14181,110,12910,1161,1511,910,100,273,25,2023,2022-23,3619.0,2636.0,750000.0,85.0,3536.0,3450.0,3727.7,2113.3,3450.0,616333.0,2022-23,114.0,105.0,800000.0,9.0,115.0,212.0,110.3,102.0,212.0,800000.0,3733.0,2741.0,94.0,3662.0,0.7343,0.7594,1.0194,750000.0,1267.0,0.0,143.0,0.0,111.3,113213358.0,67445984.0,169214183.0,447375565.0,1944389797.0,2425810549.0,116393055.0,709432068.0,3803437005.0,254.0,100127727.0,127.0,128985336.0,2.5,1066.0,14.49,49.9,91.0,8.19,2.8,50027.0,268207.0,,,,,,,,,,,,,,,,,,,,,,,,,,,,,,,,,,,,,,,,,,,,,,,,,,,,,,,,,,,,,,,,,,,,,,,,,,,,,,,,,,,,,,
National Institute of Technology Rourkela,IR-E-U-0357,2024,Engineering,data/raw/pdf/2024/Engineering/IR-E-U-0357.pdf,888.0,888.0,725.0,725.0,1613,3369.0,781.0,4150.0,1931.0,1979.0,240.0,640.0,1991.0,124.0,2284.0,52.0,171.0,837.0,217.0,1054.0,136.0,905.0,13.0,250.0,565.0,0.0,815.0,0.0,0.0,4206,998,5204,2067,2884,253,890,2556,124,3099,52,171,2022-23,910.0,795.0,1250000.0,40.0,1007.0,781.0,753.3,648.0,733.7,987500.0,2022-23,34.0,29.0,750000.0,1.0,39.0,40.0,244.0,172.0,334.0,829400.0,944.0,824.0,41.0,821.0,0.8729,0.9163,1.1498,1250000.0,650.0,274.0,111.0,0.0,108.0,39567888.0,120588734.0,2315423.0,97512692.0,1181712095.0,1287896551.0,95498663.0,225024906.0,2231991775.0,252.0,192613268.0,320.0,126531675.0,2.5,393.0,14.9,19.2,55.4,4.86,62.9,43241.0,428899.0,,,,,,,,,,,,,,,,,,,,,,,,,,,,,,,,,,,,,,,,,,,,,,,,,,,,,,,,,,,,,,,,,,,,,,,,,,,,,,,,,,,,,,
Siksha `O` Anusandhan,IR-E-U-0363,2024,Engineering,data/raw/pdf/2024/Engineering/IR-E-U-0363.pdf,2460.0,2160.0,90.0,90.0,2550,3728.0,5104.0,8832.0,1331.0,7397.0,104.0,759.0,1637.0,3.0,770.0,0.0,1623.0,53.0,72.0,125.0,22.0,94.0,9.0,8.0,18.0,1.0,3.0,0.0,22.0,3781,5176,8957,1353,7491,113,767,1655,4,773,0,1645,2022-23,2007.0,1836.0,575000.0,102.0,1957.0,2220.0,1502.0,1339.0,1780.0,475000.0,2021-22,38.0,31.0,450000.0,4.0,43.0,90.0,55.5,42.5,90.0,425000.0,2045.0,1867.0,106.0,2310.0,0.913,0.9648,0.8853,575000.0,743.0,72.0,124.0,3.0,84.0,47651894.0,676205713.0,174024324.0,118605394.0,1520808097.0,1589537456.0,29010990.0,842071754.0,2804495776.0,218.0,79150000.0,46.0,138200000.0,2.5,654.0,14.83,57.8,83.6,1.26,8.7,94013.0,313107.0,,,,,,,,,,,,,,,,,,,,,,,,,,,,,,,,,,,,,,,,,,,,,,,,,,,,,,,,,,,,,,,,,,,,,,,,,,,,,,,,,,,,,,
Chitkara University,IR-E-U-0373,2024,Engineering,data/raw/pdf/2024/Engineering/IR-E-U-0373.pdf,2100.0,2100.0,15.0,0.0,2115,5304.0,2406.0,7710.0,1944.0,5756.0,10.0,0.0,507.0,0.0,501.0,0.0,6.0,7.0,8.0,15.0,3.0,12.0,0.0,0.0,0.0,0.0,0.0,0.0,0.0,5324,2417,7741,1955,5776,10,0,507,0,501,0,6,2022-23,1450.0,569.0,600000.0,145.0,1470.0,1470.0,1149.3,619.7,1370.0,651333.0,2021-22,0.0,0.0,0.0,0.0,0.0,0.0,0.0,0.0,0.0,0.0,1456.0,575.0,145.0,1488.0,0.3949,0.4945,0.9785,600000.0,128.0,195.0,37.0,7.0,31.7,5263591.0,17832729.0,11464001.0,110696653.0,834366055.0,972888314.0,1679000.0,147761404.0,1400848508.0,53.0,4201219.0,0.0,0.0,2.5,447.0,17.6,31.2,74.6,0.13,6.5,19088.0,180965.0,,,,,,,,,,,,,,,,,,,,,,,,,,0.0,15.0,13.0,3.0,16.0,8.0,8.0,0.0,0.0,0.0,0.0,0.0,0.0,0.0,2022-23,6.0,6.0,750000.0,0.0,6.0,18.0,12.3,12.3,36.0,616667.0,,,,,,,,,,,,,,,,,,,,,,,,,,,,,,,,,,,,
Dr. B R Ambedkar National Institute of Technology Jalandhar,IR-E-U-0374,2024,Engineering,data/raw/pdf/2024/Engineering/IR-E-U-0374.pdf,1112.0,1117.0,634.0,609.0,1746,3321.0,948.0,4269.0,1924.0,2336.0,9.0,1155.0,2085.0,0.0,2055.0,0.0,1185.0,303.0,115.0,418.0,46.0,372.0,0.0,68.0,158.0,0.0,161.0,0.0,65.0,3624,1063,4687,1970,2708,9,1223,2243,0,2216,0,1250,2022-23,750.0,666.0,900000.0,43.0,1100.0,1113.0,704.7,533.7,902.0,813667.0,2022-23,262.0,127.0,720000.0,68.0,265.0,609.0,302.7,106.0,495.0,696667.0,1012.0,793.0,111.0,1722.0,0.7836,0.8933,0.5877,900000.0,308.0,208.0,33.0,10.0,46.0,32320345.0,62608921.0,937514.0,64803488.0,1017832091.0,266888715.0,3428035.0,130399137.0,1099348968.0,183.0,22441305.0,234.0,10567873.0,2.5,417.0,11.98,22.7,57.8,0.19,47.3,27821.0,234553.0,,,,,,,,,,,,,,,,,,,,,,,,,,,,,,,,,,,,,,,,,,,,,,,,,,,,,,,,,,,,,,,,,,,,,,,,,,,,,,,,,,,,,,
Indian Institute of Technology Ropar,IR-E-U-0378,2024,Engineering,data/raw/pdf/2024/Engineering/IR-E-U-0378.pdf,395.0,370.0,287.0,251.0,682,1135.0,273.0,1408.0,110.0,1298.0,0.0,449.0,715.0,12.0,736.0,0.0,416.0,368.0,96.0,464.0,25.0,421.0,18.0,50.0,228.0,0.0,28.0,0.0,250.0,1503,369,1872,135,1719,18,499,943,12,764,0,666,2022-23,293.0,247.0,2000000.0,25.0,319.0,330.0,267.0,221.7,295.7,1651333.0,2022-23,11.0,10.0,1800000.0,1.0,11.0,12.0,79.4,51.4,104.6,1622800.0,304.0,257.0,26.0,342.0,0.8454,0.9309,0.8889,2000000.0,779.0,92.0,62.0,2.0,49.3,75746137.0,213322815.0,2268087.0,12459316.0,672720230.0,777227956.0,50874389.0,346549199.0,1320839666.0,388.0,343472095.0,367.0,49173014.0,2.5,179.0,14.81,19.7,91.8,0.96,41.5,185122.0,705577.0,,,,,,,,,,,,,,,,,,,,,,,,,,,,,,,,,,,,,,,,,,,,,,,,,,,,,,,,,,,,,,,,,,,,,,,,,,,,,,,,,,,,,,
Lovely Professional University,IR-E-U-0379,2024,Engineering,data/raw/pdf/2024/Engineering/IR-E-U-0379.pdf,6095.0,3085.0,96.0,144.0,6191,15278.0,2579.0,17857.0,936.0,16387.0,534.0,6064.0,1913.0,307.0,3087.0,0.0,4583.0,164.0,71.0,235.0,21.0,183.0,31.0,106.0,6.0,6.0,90.0,0.0,16.0,15442,2650,18092,957,16570,565,6170,1919,313,3177,0,4599,2022-23,4099.0,3508.0,650000.0,205.0,3911.0,3900.0,4269.0,2781.3,4340.0,602333.0,2022-23,19.0,19.0,840000.0,0.0,19.0,20.0,72.8,57.4,80.8,741000.0,4118.0,3527.0,205.0,3920.0,0.8565,0.9063,1.0505,650000.0,401.0,438.0,50.0,58.0,85.0,60063085.0,36741692.0,128770.0,56387390.0,1060907169.0,1553817259.0,4091805.0,96514310.0,1806344342.0,413.0,15050282.0,226.0,16956735.0,2.5,942.0,19.63,14.6,91.6,3.12,19.3,5335.0,99842.0,,,,,,,,,,,,,,,,,,,,,,,,,,,,,,,,,,,,,,,,,,,,,,,,,,,,,,,,,,,,,,,,,,,,,,,,,,,,,,,,,,,,,,
Sant Longowal Institute of Engineering and Technology,IR-E-U-0384,2024,Engineering,data/raw/pdf/2024/Engineering/IR-E-U-0384.pdf,237.0,237.0,110.0,110.0,347,1662.0,356.0,2018.0,176.0,1842.0,0.0,246.0,999.0,226.0,142.0,0.0,877.0,56.0,35.0,91.0,12.0,79.0,0.0,5.0,34.0,23.0,0.0,0.0,16.0,1718,391,2109,188,1921,0,251,1033,249,142,0,893,2022-23,606.0,400.0,400000.0,38.0,211.0,237.0,551.7,339.7,237.0,383333.0,2022-23,47.0,21.0,420000.0,12.0,54.0,110.0,41.7,13.7,110.0,395000.0,653.0,421.0,50.0,347.0,0.6447,0.7213,1.8818,400000.0,88.0,52.0,23.0,10.0,27.0,19264334.0,20978848.0,472081.0,79658100.0,576464270.0,323016297.0,857447.0,90113934.0,848220754.0,17.0,4335566.0,8.0,438615.0,2.5,170.0,12.92,18.5,91.1,0.0,18.5,42728.0,402191.0,,,,,,,,,,,,,,,,,,,,,,,,,,,,,,,,,,,,,,,,,,,,,,,,,,,,,,,,,,,,,,,,,,,,,,,,,,,,,,,,,,,,,,
Banasthali Vidyapith,IR-E-U-0389,2024,Engineering,data/raw/pdf/2024/Engineering/IR-E-U-0389.pdf,1050.0,930.0,198.0,162.0,1248,0.0,2976.0,2976.0,183.0,2620.0,173.0,1754.0,233.0,171.0,925.0,44.0,847.0,0.0,61.0,61.0,6.0,55.0,0.0,44.0,3.0,0.0,43.0,0.0,4.0,0,3037,3037,189,2675,173,1798,236,171,968,44,851,2022-23,885.0,864.0,905000.0,16.0,885.0,930.0,868.3,780.3,870.0,738333.0,2021-22,44.0,19.0,560000.0,11.0,45.0,162.0,43.0,17.0,162.0,505000.0,929.0,883.0,27.0,1092.0,0.9505,0.9795,0.8507,905000.0,243.0,0.0,49.0,0.0,55.3,9017459.0,71230151.0,28966181.0,10371977.0,608354521.0,260084700.0,533732.0,126529228.0,739735773.0,18.0,40104756.0,11.0,22649547.0,2.5,290.0,11.31,100.0,88.1,5.7,39.0,41663.0,243575.0,,,,,,,,,,,,,,,,,,,,,,,,,,,,,,,,,,,,,,,,,,,,,,,,,,,,,,,,,,,,,,,,,,,,,,,,,,,,,,,,,,,,,,
"Birla Institute of Technology and Science, Pilani",IR-E-U-0391,2024,Engineering,data/raw/pdf/2024/Engineering/IR-E-U-0391.pdf,2961.0,2691.0,620.0,664.0,3581,9723.0,1451.0,11174.0,2146.0,8580.0,448.0,1280.0,549.0,1.0,7.0,0.0,1821.0,1023.0,263.0,1286.0,217.0,1069.0,0.0,660.0,280.0,0.0,0.0,0.0,940.0,10746,1714,12460,2363,9649,448,1940,829,1,7,0,2761,2022-23,2804.0,2443.0,1900000.0,303.0,2831.0,2831.0,2706.7,2387.7,2739.3,1673333.0,2021-22,699.0,613.0,1480000.0,4.0,704.0,704.0,679.0,588.5,684.0,1340000.0,3503.0,3056.0,307.0,3535.0,0.8724,0.96,0.9909,1900000.0,486.0,221.0,61.0,20.0,74.0,9936992.0,555363054.0,23591679.0,128863803.0,3165020733.0,2748281657.0,14400859.0,589790124.0,4116534142.0,428.0,203809509.0,87.0,21107488.0,2.5,748.0,17.31,13.8,77.4,3.6,0.1,47335.0,330380.0,,,,,,,,,,,,,,,,,,,,,,,,,,,,,,,,,,,,,,,,,,,,,,,,,,,,,,,,,,,,,,,,,,,,,,,,,,,,,,,,,,,,,,
Indian Institute of Technology Jodhpur,IR-E-U-0395,2024,Engineering,data/raw/pdf/2024/Engineering/IR-E-U-0395.pdf,530.0,490.0,229.0,199.0,759,1424.0,318.0,1742.0,387.0,1355.0,0.0,268.0,869.0,112.0,634.0,28.0,363.0,330.0,98.0,428.0,67.0,359.0,2.0,105.0,180.0,0.0,63.0,3.0,219.0,1754,416,2170,454,1714,2,373,1049,112,697,31,582,2022-23,312.0,256.0,1600000.0,56.0,330.0,352.0,230.0,183.0,259.7,1433333.0,2022-23,124.0,91.0,1000000.0,29.0,198.0,199.0,125.7,82.7,176.3,1050000.0,436.0,347.0,85.0,551.0,0.7959,0.9908,0.7913,1600000.0,652.0,82.0,20.0,2.0,21.7,109871530.0,365488037.0,917395.0,385635193.0,778949563.0,1496975993.0,22484069.0,699984260.0,1758474367.0,631.0,372262196.0,128.0,84837715.0,2.5,238.0,11.86,19.2,79.0,0.09,38.7,322573.0,810357.0,,,,,,,,,,,,,,,,,,,,,,,,,,,,,,,,,,,,,,,,,,,,,,,,,,,,,,,,,,,,,,,,,,,,,,,,,,,,,,,,,,,,,,
Malaviya National Institute of Technology,IR-E-U-0410,2024,Engineering,data/raw/pdf/2024/Engineering/IR-E-U-0410.pdf,811.0,811.0,511.0,573.0,1322,2562.0,662.0,3224.0,1560.0,1661.0,3.0,82.0,1597.0,64.0,1503.0,5.0,107.0,570.0,180.0,750.0,307.0,441.0,2.0,47.0,318.0,0.0,156.0,0.0,209.0,3132,842,3974,1867,2102,5,129,1915,64,1659,5,316,2022-23,749.0,671.0,1150000.0,15.0,824.0,811.0,681.0,555.3,702.3,953333.0,2022-23,365.0,265.0,980000.0,20.0,436.0,573.0,386.0,242.7,573.0,889000.0,1114.0,936.0,35.0,1384.0,0.8402,0.8716,0.8049,1150000.0,576.0,253.0,56.0,21.0,88.0,32651810.0,193477394.0,0.0,51000323.0,965795213.0,392491683.0,7393224.0,161050026.0,1289334346.0,97.0,103553148.0,1148.0,121180441.0,2.5,277.0,16.43,21.2,52.9,0.13,43.5,40526.0,324442.0,,,,,,,,,,,,,,,,,,,,,,,,,,,,,,,,,,,,,,,,,,,,,,,,,,,,,,,,,,,,,,,,,,,,,,,,,,,,,,,,,,,,,,
Amrita Vishwa Vidyapeetham,IR-E-U-0436,2024,Engineering,data/raw/pdf/2024/Engineering/IR-E-U-0436.pdf,3180.0,3240.0,800.0,1039.0,3980,8473.0,2598.0,11071.0,3448.0,7511.0,112.0,2448.0,4267.0,8.0,3653.0,0.0,3054.0,560.0,305.0,865.0,187.0,669.0,9.0,247.0,281.0,3.0,355.0,0.0,170.0,9033,2903,11936,3635,8180,121,2695,4548,11,4008,0,3224,2022-23,2267.0,1834.0,724000.0,433.0,2312.0,2700.0,2196.7,1708.7,2300.0,539667.0,2021-22,681.0,489.0,640500.0,172.0,778.0,662.0,521.0,325.5,817.0,607750.0,2948.0,2323.0,605.0,3362.0,0.788,0.9932,0.8769,724000.0,280.0,637.0,24.0,20.0,42.3,207943270.0,304576494.0,257584479.0,773780126.0,2078938324.0,1303946542.0,56966676.0,965799666.0,2796929086.0,164.0,641779549.0,129.0,111198148.0,2.5,1030.0,11.86,24.3,68.5,1.01,33.7,80915.0,234327.0,,,,,,,,,,,,,,,,,,,,,,,,,,,,,,,,,,,,,,,,,,,,,,,,,,,,,,,,,,,,,,,,,,,,,,,,,,,,,,,,,,,,,,
Anna University,IR-E-U-0439,2024,Engineering,data/raw/pdf/2024/Engineering/IR-E-U-0439.pdf,2380.0,2290.0,1450.0,1407.0,3830,5241.0,3329.0,8570.0,8273.0,197.0,100.0,465.0,7204.0,2942.0,105.0,484.0,4138.0,738.0,618.0,1356.0,1303.0,52.0,1.0,96.0,1217.0,737.0,0.0,3.0,573.0,5979,3947,9926,9576,249,101,561,8421,3679,105,487,4711,2022-23,1961.0,1593.0,750000.0,165.0,2268.0,2470.0,2232.3,1491.0,2650.0,626667.0,2021-22,696.0,241.0,550000.0,27.0,846.0,1445.0,874.0,298.5,1571.5,525000.0,2657.0,1834.0,192.0,3915.0,0.6903,0.7625,0.6787,750000.0,916.0,573.0,145.0,85.0,240.3,39965888.0,188876533.0,4330583.0,26078907.0,2853192994.0,687243463.0,18312596.0,420239161.0,2985158290.0,290.0,411712180.0,2371.0,276621065.0,2.5,892.0,12.15,39.8,2.5,1.02,43.0,42337.0,300741.0,,,,,,,,,,,,,,,,,,,,,,,,,,,,,,,,,,,,,,,,,,,,,,,,,,,,,,,,,,,,,,,,,,,,,,,,,,,,,,,,,,,,,,
Indian Institute of Technology Madras,IR-E-U-0456,2024,Engineering,data/raw/pdf/2024/Engineering/IR-E-U-0456.pdf,877.0,877.0,670.0,511.0,1969,2739.0,701.0,3440.0,584.0,2854.0,2.0,406.0,1821.0,226.0,1639.0,317.0,45.0,1026.0,179.0,1205.0,97.0,1060.0,48.0,336.0,612.0,7.0,821.0,87.0,33.0,5382,1230,6612,1164,5391,57,1136,3296,267,3584,482,99,2022-23,639.0,496.0,1663440.0,96.0,806.0,762.0,455.0,361.7,572.0,1621147.0,2022-23,429.0,390.0,1500000.0,12.0,501.0,511.0,365.7,326.7,485.3,1366667.0,1644.0,1358.0,186.0,1876.0,0.826,0.9392,0.8763,1663440.0,2529.0,45.0,278.0,3.0,239.0,166121795.0,5097869999.0,35946386.0,803415910.0,5264103350.0,8190818672.0,151382796.0,4558638161.0,12626678528.0,2040.0,4983408019.0,3081.0,2190665720.0,2.5,674.0,13.56,18.6,81.5,0.86,65.5,689449.0,1909661.0,177.0,177.0,1201.0,268.0,1469.0,366.0,1103.0,0.0,174.0,677.0,32.0,728.0,70.0,21.0,2022-23,385.0,325.0,1700000.0,41.0,385.0,358.0,384.3,321.3,367.3,1715333.0,245.0,245.0,416.0,82.0,498.0,117.0,374.0,7.0,220.0,186.0,2.0,396.0,8.0,0.0,2022-23,191.0,147.0,1500000.0,37.0,267.0,245.0,156.3,120.0,245.0,1398000.0,,,,,,,,,,,,,,,,,,,,,,,,,,,,,,,,,,,,
Kalasalingam Academy of Research and Education,IR-E-U-0458,2024,Engineering,data/raw/pdf/2024/Engineering/IR-E-U-0458.pdf,1719.0,1590.0,108.0,108.0,1827,2955.0,3107.0,6062.0,1657.0,4211.0,194.0,1210.0,3190.0,100.0,2233.0,407.0,1660.0,81.0,133.0,214.0,50.0,141.0,23.0,52.0,119.0,17.0,66.0,22.0,66.0,3036,3240,6276,1707,4352,217,1262,3309,117,2299,429,1726,2022-23,1278.0,1219.0,675000.0,50.0,1255.0,1290.0,1221.3,1150.0,1280.0,568333.0,2021-22,129.0,109.0,684000.0,5.0,129.0,132.0,129.5,108.5,132.0,631000.0,1407.0,1328.0,55.0,1422.0,0.9439,0.9829,0.9895,675000.0,407.0,106.0,89.0,13.0,84.3,21508924.0,77910681.0,38152005.0,142088300.0,851093792.0,612738499.0,80311203.0,261084169.0,1400428477.0,485.0,14207309.0,381.0,80847915.0,2.5,455.0,14.69,51.6,69.3,3.46,45.3,41600.0,223140.0,,,,,,,,,,,,,,,,,,,,,,,,,,,,,,,,,,,,,,,,,,,,,,,,,,,,,,,,,,,,,,,,,,,,,,,,,,,,,,,,,,,,,,
National Institute of Technology Tiruchirappalli,IR-E-U-0467,2024,Engineering,data/raw/pdf/2024/Engineering/IR-E-U-0467.pdf,964.0,964.0,658.0,688.0,1622,3399.0,905.0,4304.0,1883.0,2304.0,117.0,535.0,2204.0,71.0,2140.0,36.0,492.0,948.0,159.0,1107.0,76.0,1029.0,2.0,168.0,599.0,5.0,732.0,30.0,0.0,4347,1064,5411,1959,3333,119,703,2803,76,2872,66,492,2022-23,1075.0,853.0,1576000.0,142.0,1126.0,964.0,917.0,687.0,833.3,1285333.0,2022-23,533.0,516.0,1000000.0,4.0,584.0,688.0,488.0,425.5,635.0,850000.0,1608.0,1369.0,146.0,1652.0,0.8514,0.9422,0.9734,1576000.0,720.0,236.0,102.0,35.0,141.3,901170.0,128400156.0,100000.0,369420501.0,1377511528.0,1115508711.0,4145050.0,556334106.0,2393742694.0,113.0,169831132.0,382.0,55300909.0,2.5,305.0,20.1,19.7,61.6,2.2,55.7,102815.0,442385.0,,,,,,,,,,,,,,,,,,,,,,,,,,,,,,,,,,,,,,,,,,,,,,,,,,,,,,,,,,,,,,,,,,,,,,,,,,,,,,,,,,,,,,
S.R.M. Institute of Science and Technology,IR-E-U-0473,2024,Engineering,data/raw/pdf/2024/Engineering/IR-E-U-0473.pdf,5040.0,4740.0,862.0,684.0,5902,13148.0,7081.0,20229.0,3024.0,16790.0,415.0,4248.0,4046.0,42.0,1305.0,101.0,6846.0,358.0,248.0,606.0,60.0,491.0,55.0,133.0,128.0,2.0,259.0,0.0,0.0,13506,7329,20835,3084,17281,470,4381,4174,44,1564,101,6846,2022-23,4195.0,4031.0,610000.0,78.0,4377.0,5490.0,4257.3,4005.7,5411.7,486333.0,2022-23,0.0,0.0,0.0,0.0,0.0,0.0,135.4,113.2,316.8,215000.0,4195.0,4031.0,78.0,5490.0,0.9609,0.9795,0.7641,610000.0,898.0,524.0,169.0,105.0,178.3,133745713.0,523020643.0,127226147.0,125892982.0,3222121074.0,2895721104.0,17297893.0,810221340.0,5198497036.0,473.0,97857485.0,897.0,25901437.0,2.5,1659.0,13.1,35.2,82.9,2.26,8.2,38888.0,249508.0,,,,,,,,,,,,,,,,,,,,,,,,,,,,,,,,,,,,,,,,,,,,,,,,,,,,,,,,,,,,,,,,,,,,,,,,,,,,,,,,,,,,,,
Sathyabama Institute of Science and Technology,IR-E-U-0474,2024,Engineering,data/raw/pdf/2024/Engineering/IR-E-U-0474.pdf,2730.0,2580.0,150.0,150.0,2880,6254.0,4357.0,10611.0,1022.0,9467.0,122.0,0.0,6342.0,0.0,354.0,0.0,5988.0,109.0,174.0,283.0,102.0,181.0,0.0,0.0,155.0,0.0,121.0,0.0,34.0,6363,4531,10894,1124,9648,122,0,6497,0,475,0,6022,2022-23,2243.0,1356.0,482102.0,210.0,2361.0,2700.0,1964.0,1298.0,2700.0,422367.0,2021-22,139.0,89.0,490000.0,31.0,146.0,150.0,105.5,77.5,168.0,480000.0,2382.0,1445.0,241.0,2850.0,0.6066,0.7078,0.8358,482102.0,174.0,408.0,65.0,44.0,116.0,82215818.0,452354869.0,1430609.0,256249312.0,1235274862.0,211814542.0,3482450.0,486743654.0,1378545349.0,378.0,103084552.0,297.0,29496186.0,2.5,1074.0,10.31,41.6,88.6,1.12,4.4,44680.0,126542.0,,,,,,,,,,,,,,,,,,,,,,,,,,,,,,,,,,,,,,,,,,,,,,,,,,,,,,,,,,,,,,,,,,,,,,,,,,,,,,,,,,,,,,
Shanmugha Arts Science Technology and Research Academy,IR-E-U-0476,2024,Engineering,data/raw/pdf/2024/Engineering/IR-E-U-0476.pdf,2220.0,1980.0,81.0,132.0,2301,4454.0,3512.0,7966.0,3390.0,4559.0,17.0,2468.0,1550.0,166.0,2271.0,26.0,1555.0,118.0,95.0,213.0,181.0,32.0,0.0,63.0,45.0,12.0,5.0,2.0,89.0,4572,3607,8179,3571,4591,17,2531,1595,178,2276,28,1644,2022-23,1806.0,1617.0,760000.0,115.0,1874.0,1920.0,1762.3,1556.3,1860.0,703333.0,2022-23,45.0,33.0,550000.0,12.0,51.0,48.0,73.0,49.6,82.4,490000.0,1851.0,1650.0,127.0,1968.0,0.8914,0.96,0.9405,760000.0,397.0,132.0,130.0,9.0,86.7,41609405.0,368850712.0,0.0,608823474.0,946520965.0,800997322.0,51959861.0,1185296095.0,1389787467.0,241.0,326732494.0,1262.0,242234531.0,2.5,677.0,12.67,44.1,56.1,0.21,30.3,144919.0,169921.0,,,,,,,,,,,,,,,,,,,,,,,,,,,,,,,,,,,,,,,,,,,,,,,,,,,,,,,,,,,,,,,,,,,,,,,,,,,,,,,,,,,,,,
Vel Tech Rangarajan Dr. Sagunthala R & D Institute of Science and Technology,IR-E-U-0489,2024,Engineering,data/raw/pdf/2024/Engineering/IR-E-U-0489.pdf,2364.0,2220.0,216.0,216.0,2580,7542.0,1630.0,9172.0,1037.0,7963.0,172.0,1892.0,3012.0,0.0,3847.0,0.0,1057.0,161.0,38.0,199.0,141.0,57.0,1.0,0.0,163.0,0.0,0.0,0.0,163.0,7703,1668,9371,1178,8020,173,1892,3175,0,3847,0,1220,2022-23,2273.0,1328.0,400000.0,377.0,2347.0,2400.0,2001.7,1083.0,2400.0,381000.0,2021-22,96.0,91.0,500000.0,1.0,112.0,354.0,99.0,90.5,354.0,500000.0,2369.0,1419.0,378.0,2754.0,0.599,0.7585,0.8602,400000.0,136.0,336.0,8.0,39.0,42.3,3007321.0,34005665.0,11964743.0,10473080.0,710750705.0,189325932.0,5723385.0,39310567.0,690847639.0,67.0,36361187.0,139.0,6277764.0,2.5,653.0,14.56,17.8,85.6,1.85,41.1,4195.0,73722.0,,,,,,,,,,,,,,,,,,,,,,,,,,,,,,,,,,,,,,,,,,,,,,,,,,,,,,,,,,,,,,,,,,,,,,,,,,,,,,,,,,,,,,
Vellore Institute of Technology,IR-E-U-0490,2024,Engineering,data/raw/pdf/2024/Engineering/IR-E-U-0490.pdf,7620.0,7620.0,1563.0,1551.0,9183,27749.0,7628.0,35377.0,7607.0,26362.0,1408.0,11314.0,10169.0,11.0,243.0,0.0,21229.0,1871.0,813.0,2684.0,797.0,1865.0,22.0,1008.0,1260.0,0.0,0.0,0.0,2268.0,29620,8441,38061,8404,28227,1430,12322,11429,11,243,0,23497,2022-23,7053.0,4923.0,900000.0,1051.0,7404.0,7620.0,6174.7,4159.0,7201.0,783333.0,2022-23,502.0,454.0,700000.0,6.0,513.0,660.0,912.2,607.0,1057.8,639000.0,7555.0,5377.0,1057.0,8280.0,0.7117,0.8516,0.9124,900000.0,2448.0,490.0,145.0,12.0,197.3,94234385.0,412190251.0,3320766.0,694373417.0,4873132813.0,1392336862.0,7298541.0,743510650.0,5296403599.0,378.0,160442069.0,584.0,21666168.0,2.5,3068.0,13.2,22.2,74.2,3.76,0.7,19535.0,139156.0,,,,,,,,,,,,,,,,,,,,,,,,,,,,,,,,,,,,,,,,,,,,,,,,,,,,,,,,,,,,,,,,,,,,,,,,,,,,,,,,,,,,,,
National Institute of Technology Agartala,IR-E-U-0493,2024,Engineering,data/raw/pdf/2024/Engineering/IR-E-U-0493.pdf,959.0,959.0,262.0,270.0,1221,2644.0,895.0,3539.0,1664.0,1875.0,0.0,1006.0,2140.0,678.0,1300.0,288.0,880.0,160.0,71.0,231.0,138.0,93.0,0.0,3.0,119.0,112.0,0.0,0.0,10.0,2804,966,3770,1802,1968,0,1009,2259,790,1300,288,890,2022-23,761.0,723.0,850000.0,26.0,801.0,862.0,695.7,622.3,815.3,716667.0,2021-22,161.0,106.0,650000.0,22.0,184.0,270.0,154.5,93.0,301.0,625000.0,922.0,829.0,48.0,1132.0,0.8991,0.9512,0.8145,850000.0,231.0,115.0,34.0,11.0,46.7,24956.0,6663000.0,2725000.0,1023000.0,537084000.0,5704190000.0,413000.0,103647912.0,2590076172.0,34.0,12503609.0,220.0,7360283.0,2.5,222.0,18.02,25.6,52.2,0.0,63.1,27493.0,687023.0,,,,,,,,,,,,,,,,,,,,,,,,,,,,,,,,,,,,,,,,,,,,,,,,,,,,,,,,,,,,,,,,,,,,,,,,,,,,,,,,,,,,,,
Aligarh Muslim University,IR-E-U-0496,2024,Engineering,data/raw/pdf/2024/Engineering/IR-E-U-0496.pdf,365.0,365.0,325.0,325.0,690,1530.0,302.0,1832.0,1435.0,396.0,1.0,648.0,452.0,410.0,40.0,150.0,500.0,502.0,97.0,599.0,475.0,120.0,4.0,306.0,205.0,150.0,0.0,31.0,330.0,2032,399,2431,1910,516,5,954,657,560,40,181,830,2022-23,379.0,312.0,600000.0,67.0,431.0,365.0,378.7,256.7,371.7,570667.0,2022-23,134.0,18.0,587000.0,53.0,287.0,325.0,115.0,17.7,319.0,512333.0,513.0,330.0,120.0,690.0,0.6433,0.8772,0.7435,600000.0,241.0,25.0,49.0,2.0,40.3,6270903.0,20795203.0,1764152.0,6810400.0,1112746231.0,68456204.0,1940789.0,28101682.0,993938465.0,45.0,132195580.0,204.0,26170945.0,2.5,232.0,11.52,16.4,21.2,0.21,32.1,11560.0,408860.0,,,,,,,,,,,,,,,,,,,,,,,,,,,,,,,,,,,,,,,,,,,,,,,,,,,,,,,,,,,,,,,,,,,,,,,,,,,,,,,,,,,,,,
Amity University,IR-E-U-0497,2024,Engineering,data/raw/pdf/2024/Engineering/IR-E-U-0497.pdf,1140.0,1140.0,150.0,150.0,1290,3469.0,1661.0,5130.0,1594.0,3515.0,21.0,127.0,756.0,0.0,91.0,0.0,792.0,187.0,109.0,296.0,84.0,210.0,2.0,27.0,81.0,0.0,2.0,0.0,106.0,3656,1770,5426,1678,3725,23,154,837,0,93,0,898,2022-23,1401.0,1198.0,630000.0,186.0,1567.0,1710.0,1555.7,1208.3,1820.0,480000.0,2022-23,82.0,61.0,463000.0,19.0,86.0,90.0,99.2,76.6,144.0,437200.0,1483.0,1259.0,205.0,1800.0,0.849,0.9872,0.8239,630000.0,325.0,668.0,50.0,108.0,131.7,15258870.0,1625661.0,0.0,59828305.0,749209662.0,1364057130.0,6250013.0,40094401.0,1727540924.0,181.0,84167212.0,16.0,2022815.0,2.5,449.0,12.81,32.6,68.7,0.42,1.7,7389.0,318382.0,,,,,,,,,,,,,,,,,,,,,,,,,,,,,,,,,,,,,,,,,,,,,,,,,,,,,,,,,,,,,,,,,,,,,,,,,,,,,,,,,,,,,,
Indian Institute of Information Technology Allahabad,IR-E-U-0516,2024,Engineering,data/raw/pdf/2024/Engineering/IR-E-U-0516.pdf,489.0,439.0,179.0,220.0,668,1381.0,334.0,1715.0,408.0,1307.0,0.0,146.0,838.0,0.0,374.0,0.0,610.0,270.0,60.0,330.0,88.0,242.0,0.0,28.0,138.0,0.0,0.0,0.0,166.0,1651,394,2045,496,1549,0,174,976,0,374,0,776,2022-23,384.0,372.0,3000000.0,9.0,386.0,388.0,293.3,274.3,309.7,2600000.0,2022-23,176.0,133.0,1500000.0,6.0,181.0,220.0,147.3,121.0,191.0,1441667.0,560.0,505.0,15.0,608.0,0.9018,0.9286,0.9211,3000000.0,206.0,47.0,21.0,0.0,33.0,18098000.0,17833000.0,0.0,18174000.0,335629000.0,104629000.0,5485695.0,49680667.0,400325325.0,145.0,34681667.0,95.0,6333610.0,2.5,81.0,27.79,19.3,75.7,0.0,18.3,24294.0,195758.0,,,,,,,,,,,,,,,,,,,,,,,,,,,,,,,,,,,,,,,,,,,,,,,,,,,,,,,,,,,,,,,,,,,,,,,,,,,,,,,,,,,,,,
Motilal Nehru National Institute of Technology,IR-E-U-0530,2024,Engineering,data/raw/pdf/2024/Engineering/IR-E-U-0530.pdf,1074.0,1074.0,595.0,595.0,1669,3543.0,841.0,4384.0,2071.0,2212.0,101.0,825.0,1946.0,37.0,2286.0,1.0,447.0,683.0,156.0,839.0,447.0,392.0,0.0,73.0,408.0,0.0,158.0,0.0,323.0,4226,997,5223,2518,2604,101,898,2354,37,2444,1,770,2022-23,905.0,803.0,1700000.0,4.0,930.0,1006.0,884.7,759.3,948.7,1266667.0,2021-22,430.0,208.0,1100000.0,30.0,542.0,595.0,398.5,156.0,561.5,1082500.0,1335.0,1011.0,34.0,1601.0,0.7573,0.7828,0.8339,1700000.0,469.0,150.0,35.0,14.0,72.0,84493600.0,51498989.0,1075334.0,144187795.0,1090861681.0,1085425738.0,9399625.0,363572319.0,1784267761.0,182.0,92896136.0,1283.0,122704278.0,2.5,280.0,20.33,19.1,49.9,1.93,47.5,69610.0,341617.0,,,,,,,,,,,,,,,,,,,,,,,,,,,,,,,,,,,,,,,,,,,,,,,,,,,,,,,,,,,,,,,,,,,,,,,,,,,,,,,,,,,,,,
Rajiv Gandhi Institute of Petroleum Technology,IR-E-U-0535,2024,Engineering,data/raw/pdf/2024/Engineering/IR-E-U-0535.pdf,409.0,207.0,7.0,44.0,416,827.0,99.0,926.0,259.0,660.0,7.0,161.0,431.0,103.0,103.0,0.0,386.0,40.0,11.0,51.0,19.0,32.0,0.0,0.0,29.0,0.0,0.0,0.0,29.0,867,110,977,278,692,7,161,460,103,103,0,415,2022-23,121.0,83.0,950000.0,38.0,128.0,128.0,113.3,72.0,119.7,816667.0,2022-23,44.0,27.0,550000.0,17.0,44.0,44.0,35.7,19.3,36.7,520000.0,165.0,110.0,55.0,172.0,0.6667,1.0,0.9593,950000.0,130.0,53.0,11.0,0.0,15.0,3064659.0,140757719.0,8756800.0,48913855.0,315332664.0,189804668.0,6692449.0,183393372.0,405074775.0,182.0,58079735.0,20.0,9057622.0,2.5,118.0,9.38,11.3,70.8,0.72,21.1,187711.0,414611.0,,,,,,,,,,,,,,,,,,,,,,,,,,,,,,,,,,,,,,,,,,,,,,,,,,,,,,,,,,,,,,,,,,,,,,,,,,,,,,,,,,,,,,
Graphic Era University,IR-E-U-0555,2024,Engineering,data/raw/pdf/2024/Engineering/IR-E-U-0555.pdf,1110.0,1110.0,90.0,72.0,1200,2639.0,1889.0,4528.0,1315.0,3198.0,15.0,263.0,692.0,0.0,126.0,0.0,829.0,53.0,22.0,75.0,44.0,30.0,1.0,0.0,15.0,0.0,15.0,0.0,0.0,2692,1911,4603,1359,3228,16,263,707,0,141,0,829,2022-23,895.0,571.0,592822.0,65.0,1188.0,1230.0,732.3,475.7,910.0,589274.0,2021-22,52.0,36.0,635000.0,10.0,64.0,72.0,48.0,31.0,81.0,592500.0,947.0,607.0,75.0,1302.0,0.641,0.7202,0.7273,592822.0,69.0,195.0,5.0,7.0,31.0,72011823.0,46107863.0,3362216.0,10959217.0,456266488.0,295646204.0,4543271.0,255442390.0,860467219.0,114.0,7492013.0,84.0,72273596.0,2.5,323.0,14.46,41.5,70.1,0.35,3.1,55495.0,186936.0,,,,,,,,,,,,,,,,,,,,,,,,,,,,,,,,,,,,,,,,,,,,,,,,,,,,,,,,,,,,,,,,,,,,,,,,,,,,,,,,,,,,,,
Indian Institute of Technology Roorkee,IR-E-U-0560,2024,Engineering,data/raw/pdf/2024/Engineering/IR-E-U-0560.pdf,1100.0,1100.0,883.0,827.0,1983,3493.0,841.0,4334.0,119.0,4209.0,6.0,377.0,2173.0,16.0,1574.0,1.0,959.0,1074.0,298.0,1372.0,64.0,1185.0,123.0,148.0,618.0,0.0,273.0,0.0,493.0,4567,1139,5706,183,5394,129,525,2791,16,1847,1,1452,2022-23,911.0,733.0,1969000.0,178.0,940.0,959.0,834.3,698.0,884.3,1780333.0,2022-23,114.0,86.0,2320000.0,28.0,119.0,134.0,296.6,135.2,377.6,1707800.0,1025.0,819.0,206.0,1093.0,0.799,1.0,0.9378,1969000.0,2502.0,262.0,143.0,5.0,167.3,144800648.0,792417985.0,12625688.0,476369600.0,3712489727.0,1322442509.0,50353929.0,1218123832.0,4295428147.0,511.0,832493181.0,2432.0,607474286.0,2.5,556.0,14.76,20.0,94.5,2.26,32.7,213481.0,752791.0,,,,,,,,,,,,,,,,,,,,,,,,,,,,,,,,,,,,,,,,,,,,,,,,,,,,,,,,,,,,,,,,,,,,,,,,,,,,,,,,,,,,,,
UPES,IR-E-U-0564,2024,Engineering,data/raw/pdf/2024/Engineering/IR-E-U-0564.pdf,1470.0,1205.0,225.0,190.0,1695,4098.0,1187.0,5285.0,1071.0,4195.0,19.0,745.0,73.0,0.0,25.0,0.0,793.0,309.0,104.0,413.0,94.0,318.0,1.0,75.0,3.0,0.0,2.0,0.0,76.0,4407,1291,5698,1165,4513,20,820,76,0,27,0,869,2022-23,925.0,900.0,650000.0,17.0,989.0,850.0,1373.7,951.3,1571.7,533333.0,2022-23,181.0,161.0,600000.0,5.0,196.0,190.0,162.7,138.0,165.0,556000.0,1106.0,1061.0,22.0,1040.0,0.9593,0.9792,1.0635,650000.0,163.0,201.0,1.0,19.0,25.7,87250214.0,63060587.0,18561117.0,25600625.0,1075618127.0,1462340612.0,17048300.0,109346070.0,2048072861.0,40.0,20948745.0,148.0,13756918.0,2.5,509.0,11.51,22.7,79.2,0.35,0.5,19190.0,359437.0,,,,,,,,,,,,,,,,,,,,,,,,,,,,,,,,,,,,,,,,,,,,,,,,,,,,,,,,,,,,,,,,,,,,,,,,,,,,,,,,,,,,,,
Indian Institute of Technology Kharagpur,IR-E-U-0573,2024,Engineering,data/raw/pdf/2024/Engineering/IR-E-U-0573.pdf,1262.0,1262.0,1755.0,1679.0,3611,3187.0,672.0,3859.0,530.0,3313.0,16.0,363.0,1929.0,1650.0,0.0,0.0,642.0,2501.0,532.0,3033.0,660.0,2343.0,30.0,294.0,1624.0,1918.0,0.0,0.0,0.0,9154,1897,11051,1668,9329,54,908,5690,5930,0,0,668,2022-23,580.0,460.0,2400000.0,40.0,607.0,785.0,485.0,391.7,705.7,1925000.0,2022-23,1034.0,555.0,1250000.0,182.0,1274.0,1679.0,1003.7,477.0,1668.3,1245000.0,2444.0,1659.0,287.0,3157.0,0.6788,0.7962,0.7742,2400000.0,3676.0,0.0,324.0,0.0,356.3,236852100.0,703133435.0,0.0,598787058.0,6587670702.0,2292037840.0,61969857.0,1131863273.0,8638814491.0,2800.0,1518826212.0,1930.0,272030403.0,2.5,900.0,16.36,17.2,84.4,0.49,53.7,102422.0,781722.0,569.0,569.0,3429.0,684.0,4113.0,468.0,3637.0,8.0,251.0,2115.0,2355.0,0.0,0.0,11.0,2022-23,819.0,637.0,2128000.0,62.0,856.0,668.0,800.0,642.0,656.5,1964000.0,25.0,25.0,37.0,9.0,46.0,10.0,36.0,0.0,0.0,22.0,7.0,0.0,0.0,15.0,2022-23,11.0,7.0,1800000.0,3.0,17.0,25.0,10.0,3.3,18.3,1200000.0,,,,,,,,,,,,,,,,,,,,,,,,,,,,,,,,,,,,
Jadavpur University,IR-E-U-0575,2024,Engineering,data/raw/pdf/2024/Engineering/IR-E-U-0575.pdf,1150.0,1150.0,547.0,540.0,1697,4462.0,521.0,4983.0,4217.0,763.0,3.0,677.0,2185.0,2340.0,390.0,88.0,44.0,623.0,158.0,781.0,431.0,349.0,1.0,342.0,267.0,578.0,11.0,15.0,5.0,5085,679,5764,4648,1112,4,1019,2452,2918,401,103,49,2022-23,1078.0,948.0,1000000.0,130.0,1172.0,1150.0,1084.7,924.0,1147.7,991667.0,2021-22,365.0,258.0,910000.0,107.0,518.0,508.0,412.0,310.0,520.5,906000.0,1443.0,1206.0,237.0,1658.0,0.8358,1.0,0.8703,1000000.0,1057.0,0.0,131.0,0.0,123.0,46731403.0,50965101.0,513451.0,11865375.0,1179256961.0,931981079.0,6497585.0,157933087.0,1929455457.0,386.0,325171466.0,5043.0,185868953.0,2.5,463.0,14.73,11.8,19.3,0.07,59.4,27400.0,334742.0,,,,,,,,,,,,,,,,,,,,,,,,,,,,,,,,,,,,,,,,,,,,,,,,,,,,,,,,,,,,,,,,,,,,,,,,,,,,,,,,,,,,,,
National Institute of Technology Durgapur,IR-E-U-0577,2024,Engineering,data/raw/pdf/2024/Engineering/IR-E-U-0577.pdf,876.0,876.0,305.0,380.0,1195,2641.0,707.0,3348.0,1333.0,1934.0,81.0,475.0,1767.0,293.0,1942.0,7.0,0.0,326.0,126.0,452.0,148.0,302.0,2.0,36.0,214.0,0.0,250.0,0.0,0.0,3002,848,3850,1506,2261,83,518,2013,295,2228,7,1,2022-23,776.0,640.0,1370000.0,136.0,777.0,790.0,697.0,549.3,712.3,953333.0,2022-23,241.0,132.0,935000.0,109.0,278.0,380.0,248.7,101.3,367.3,858333.0,1025.0,775.0,250.0,1180.0,0.7561,1.0,0.8686,1370000.0,421.0,264.0,57.0,8.0,77.7,102063587.0,90244980.0,0.0,50204938.0,1132043313.0,389765365.0,846724.0,188056387.0,1483321407.0,381.0,148087667.0,149.0,24588899.0,2.5,270.0,15.82,22.0,58.7,2.16,65.7,48846.0,385278.0,14.0,14.0,35.0,15.0,50.0,25.0,25.0,0.0,7.0,32.0,2.0,36.0,0.0,1.0,2022-23,8.0,3.0,710000.0,5.0,9.0,10.0,4.0,1.5,5.0,355000.0,,,,,,,,,,,,,,,,,,,,,,,,,,,,,,,,,,,,,,,,,,,,,,,,,,,,,,,,,,,,,
"Indian Institute of Engineering Science and Technology, Shibpur",IR-E-U-0584,2024,Engineering,data/raw/pdf/2024/Engineering/IR-E-U-0584.pdf,740.0,740.0,426.0,426.0,1166,2156.0,511.0,2667.0,1231.0,1412.0,24.0,573.0,1395.0,655.0,873.0,111.0,329.0,195.0,108.0,303.0,136.0,167.0,0.0,28.0,107.0,46.0,0.0,0.0,89.0,2351,619,2970,1367,1579,24,601,1502,701,873,111,418,2022-23,629.0,567.0,850000.0,60.0,685.0,703.0,555.0,460.3,619.3,766667.0,2022-23,205.0,136.0,750000.0,57.0,296.0,426.0,232.0,105.3,412.0,745333.0,834.0,703.0,117.0,1129.0,0.8429,0.9832,0.7387,850000.0,831.0,0.0,69.0,0.0,92.7,37005674.0,119928655.0,0.0,110825105.0,1059625452.0,504199101.0,2775996.0,165138096.0,1452254412.0,105.0,53371864.0,234.0,67535227.0,2.5,284.0,13.38,20.8,53.2,0.81,56.7,55602.0,488975.0,,,,,,,,,,,,,,,,,,,,,,,,,,,,,,,,,,,,,,,,,,,,,,,,,,,,,,,,,,,,,,,,,,,,,,,,,,,,,,,,,,,,,,
National Institute of Technology Meghalaya,IR-E-U-0619,2024,Engineering,data/raw/pdf/2024/Engineering/IR-E-U-0619.pdf,175.0,165.0,125.0,100.0,300,480.0,150.0,630.0,299.0,303.0,28.0,106.0,432.0,1.0,446.0,1.0,90.0,32.0,9.0,41.0,7.0,31.0,3.0,11.0,23.0,18.0,16.0,0.0,0.0,512,159,671,306,334,31,117,455,19,462,1,90,2022-23,146.0,118.0,1000000.0,11.0,154.0,150.0,139.0,105.7,150.0,865000.0,2021-22,37.0,12.0,816000.0,7.0,43.0,100.0,37.0,11.0,100.0,720500.0,183.0,130.0,18.0,250.0,0.7104,0.8087,0.732,1000000.0,151.0,99.0,27.0,2.0,20.7,16861743.0,142778633.0,99515262.0,81677607.0,217245251.0,59528568.0,2642184.0,202884974.0,240233143.0,72.0,44035247.0,102.0,12087618.0,2.5,97.0,8.47,23.7,49.8,4.62,71.8,302362.0,358023.0,,,,,,,,,,,,,,,,,,,,,,,,,,,,,,,,,,,,,,,,,,,,,,,,,,,,,,,,,,,,,,,,,,,,,,,,,,,,,,,,,,,,,,
National Institute of Technology Puducherry,IR-E-U-0621,2024,Engineering,data/raw/pdf/2024/Engineering/IR-E-U-0621.pdf,275.0,240.0,50.0,35.0,325,710.0,257.0,967.0,377.0,542.0,48.0,452.0,378.0,195.0,602.0,31.0,2.0,19.0,17.0,36.0,0.0,36.0,0.0,0.0,21.0,0.0,6.0,0.0,15.0,729,274,1003,377,578,48,452,399,195,608,31,17,2022-23,243.0,155.0,980000.0,20.0,243.0,240.0,235.3,139.7,240.0,778333.0,2022-23,21.0,15.0,1055000.0,1.0,21.0,35.0,24.3,13.3,35.0,901667.0,264.0,170.0,21.0,275.0,0.6439,0.7235,0.96,980000.0,136.0,49.0,17.0,5.0,14.3,2651004.0,138214986.0,248738.0,63043503.0,188350956.0,89330583.0,5715969.0,147849403.0,210572480.0,41.0,11919322.0,65.0,2937533.0,2.5,78.0,14.6,27.3,57.6,4.79,83.2,147407.0,209943.0,,,,,,,,,,,,,,,,,,,,,,,,,,,,,,,,,,,,,,,,,,,,,,,,,,,,,,,,,,,,,,,,,,,,,,,,,,,,,,,,,,,,,,
National Institute of Technology Delhi,IR-E-U-0622,2024,Engineering,data/raw/pdf/2024/Engineering/IR-E-U-0622.pdf,212.0,182.0,75.0,75.0,287,501.0,257.0,758.0,163.0,568.0,27.0,126.0,510.0,48.0,538.0,0.0,50.0,95.0,49.0,144.0,26.0,118.0,0.0,42.0,65.0,15.0,34.0,0.0,58.0,596,306,902,189,686,27,168,575,63,572,0,108,2022-23,164.0,143.0,1550000.0,17.0,169.0,182.0,163.7,127.0,182.0,1275000.0,2021-22,56.0,33.0,1500000.0,5.0,58.0,75.0,55.0,24.5,75.0,1349000.0,220.0,176.0,22.0,257.0,0.8,0.9,0.856,1550000.0,102.0,1.0,18.0,0.0,15.7,10912400.0,58717915.0,1609934.0,196961986.0,249488618.0,202135308.0,292167.0,107408466.0,392218388.0,55.0,21557005.0,22.0,2198877.0,2.5,85.0,11.81,33.9,76.1,2.99,70.4,119078.0,434832.0,,,,,,,,,,,,,,,,,,,,,,,,,,,,,,,,,,,,,,,,,,,,,,,,,,,,,,,,,,,,,,,,,,,,,,,,,,,,,,,,,,,,,,
Indian Institute of Technology (Banaras Hindu University) Varanasi,IR-E-U-0701,2024,Engineering,data/raw/pdf/2024/Engineering/IR-E-U-0701.pdf,1163.0,1163.0,555.0,555.0,2118,3524.0,835.0,4359.0,1089.0,3268.0,2.0,1008.0,1962.0,785.0,1984.0,201.0,0.0,626.0,105.0,731.0,181.0,541.0,9.0,219.0,490.0,0.0,709.0,0.0,0.0,5506,1258,6764,1662,5089,13,1595,3214,902,3672,235,0,2022-23,954.0,915.0,2000000.0,35.0,965.0,1012.0,834.0,785.7,901.0,1832000.0,2022-23,223.0,188.0,1200000.0,30.0,348.0,555.0,293.3,238.0,548.0,1533333.0,1424.0,1337.0,75.0,1858.0,0.9389,0.9916,0.7664,2000000.0,969.0,76.0,188.0,5.0,133.3,90573233.0,301637795.0,15429016.0,151940732.0,2087636535.0,1636481738.0,23570324.0,397732085.0,3170172904.0,965.0,303025502.0,2511.0,188298830.0,2.5,381.0,20.3,18.6,75.2,0.19,71.1,58801.0,468683.0,400.0,400.0,1356.0,318.0,1674.0,392.0,1280.0,2.0,368.0,762.0,117.0,979.0,34.0,0.0,2022-23,247.0,234.0,2150000.0,10.0,253.0,291.0,249.0,225.5,283.0,1875000.0,,,,,,,,,,,,,,,,,,,,,,,,,,,,,,,,,,,,,,,,,,,,,,,,,,,,,,,,,,,,,
Madan Mohan Malaviya University of Technology,IR-E-U-0739,2024,Engineering,data/raw/pdf/2024/Engineering/IR-E-U-0739.pdf,780.0,780.0,108.0,216.0,888,1678.0,1322.0,3000.0,1654.0,1340.0,6.0,661.0,1529.0,525.0,1639.0,26.0,0.0,131.0,104.0,235.0,130.0,105.0,0.0,52.0,120.0,43.0,129.0,0.0,0.0,1809,1426,3235,1784,1445,6,713,1649,568,1768,26,0,2022-23,781.0,606.0,944000.0,112.0,720.0,720.0,750.0,427.0,702.0,598000.0,2022-23,169.0,151.0,914224.0,18.0,171.0,216.0,278.7,95.0,399.0,579741.0,950.0,757.0,130.0,936.0,0.7968,0.9337,1.015,944000.0,258.0,0.0,32.0,0.0,28.0,15630393.0,55854000.0,21923884.0,147812413.0,379739307.0,366370747.0,26954165.0,133586828.0,528575710.0,408.0,43638425.0,292.0,19403215.0,2.5,241.0,14.49,44.1,44.7,0.19,73.0,41294.0,163393.0,,,,,,,,,,,,,,,,,,,,,,,,,,,,,,,,,,,,,,,,,,,,,,,,,,,,,,,,,,,,,,,,,,,,,,,,,,,,,,,,,,,,,,
Chandigarh University,IR-E-U-0747,2024,Engineering,data/raw/pdf/2024/Engineering/IR-E-U-0747.pdf,3210.0,3240.0,226.0,244.0,3522,6379.0,6516.0,12895.0,1251.0,10807.0,837.0,2279.0,2601.0,707.0,1227.0,0.0,2946.0,211.0,251.0,462.0,36.0,316.0,110.0,69.0,74.0,52.0,46.0,0.0,45.0,6639,6804,13443,1296,11198,949,2356,2686,771,1275,0,2996,2022-23,2921.0,2311.0,800000.0,610.0,3222.0,3240.0,2933.0,1726.0,3240.0,736667.0,2022-23,223.0,151.0,720000.0,72.0,236.0,244.0,172.0,115.7,189.3,673333.0,3144.0,2462.0,682.0,3484.0,0.7831,1.0,0.9024,800000.0,484.0,137.0,77.0,38.0,90.3,37248675.0,276603168.0,9443035.0,583735389.0,1453941806.0,625012626.0,7181813.0,830427936.0,2092419397.0,146.0,44196558.0,130.0,53588420.0,2.5,976.0,14.27,50.6,83.3,7.06,15.2,61774.0,155651.0,86.0,0.0,49.0,37.0,86.0,9.0,75.0,2.0,8.0,11.0,12.0,2.0,0.0,5.0,2021-22,0.0,0.0,0.0,0.0,0.0,0.0,0.0,0.0,0.0,0.0,,,,,,,,,,,,,,,,,,,,,,,,,,,,,,,,,,,,,,,,,,,,,,,,,,,,,,,,,,,,,
"Manipal University, Jaipur",IR-E-U-0749,2024,Engineering,data/raw/pdf/2024/Engineering/IR-E-U-0749.pdf,2460.0,2130.0,84.0,144.0,2544,4265.0,2808.0,7073.0,584.0,6255.0,234.0,26.0,145.0,0.0,43.0,0.0,128.0,28.0,10.0,38.0,10.0,28.0,0.0,13.0,0.0,0.0,13.0,0.0,0.0,4293,2818,7111,594,6283,234,39,145,0,56,0,128,2022-23,1256.0,678.0,600000.0,157.0,1258.0,1350.0,1203.3,672.7,1282.7,583333.0,2022-23,11.0,11.0,700000.0,0.0,11.0,144.0,9.7,6.3,78.0,633333.0,1267.0,689.0,157.0,1494.0,0.5438,0.6677,0.8481,600000.0,186.0,132.0,5.0,23.0,22.7,804766.0,71652611.0,0.0,90603376.0,555573029.0,800108437.0,8578549.0,93604817.0,1030079836.0,38.0,59079325.0,20.0,2556066.0,2.5,591.0,12.35,39.6,88.4,3.29,0.8,13163.0,144857.0,,,,,,,,,,,,,,,,,,,,,,,,,,,,,,,,,,,,,,,,,,,,,,,,,,,,,,,,,,,,,,,,,,,,,,,,,,,,,,,,,,,,,,
Indian Institute of Technology Tirupati,IR-E-U-0844,2024,Engineering,data/raw/pdf/2024/Engineering/IR-E-U-0844.pdf,237.0,237.0,119.0,175.0,356,680.0,172.0,852.0,305.0,547.0,0.0,80.0,438.0,150.0,350.0,7.0,11.0,132.0,33.0,165.0,37.0,126.0,2.0,12.0,90.0,0.0,34.0,0.0,68.0,812,205,1017,342,673,2,92,528,150,384,7,79,2022-23,189.0,120.0,1600000.0,51.0,191.0,203.0,153.7,109.0,168.0,1236667.0,2022-23,0.0,0.0,0.0,0.0,0.0,0.0,22.4,14.4,50.8,465000.0,189.0,120.0,51.0,203.0,0.6349,0.9048,0.931,1600000.0,148.0,1.0,3.0,0.0,2.7,45049803.0,387810044.0,1912856.0,127113414.0,406473898.0,270327094.0,3458992.0,305613549.0,599868632.0,172.0,79061618.0,112.0,30692202.0,2.5,119.0,9.79,20.2,66.2,0.2,53.2,300505.0,589841.0,,,,,,,,,,,,,,,,,,,,,,,,,,,,,,,,,,,,,,,,,,,,,,,,,,,,,,,,,,,,,,,,,,,,,,,,,,,,,,,,,,,,,,
Indian Institute of Technology Palakkad,IR-E-U-0878,2024,Engineering,data/raw/pdf/2024/Engineering/IR-E-U-0878.pdf,180.0,169.0,120.0,107.0,300,500.0,139.0,639.0,89.0,550.0,0.0,79.0,337.0,159.0,173.0,0.0,84.0,133.0,43.0,176.0,39.0,133.0,4.0,17.0,80.0,22.0,2.0,0.0,73.0,633,182,815,128,683,4,96,417,181,175,0,157,2022-23,154.0,130.0,1410000.0,13.0,164.0,181.0,137.0,104.0,154.7,1170000.0,2022-23,70.0,51.0,950000.0,7.0,75.0,107.0,57.7,39.3,82.0,850000.0,224.0,181.0,20.0,288.0,0.808,0.8973,0.7778,1410000.0,138.0,19.0,13.0,0.0,5.0,44024355.0,70755812.0,75977529.0,72929013.0,337009280.0,109176495.0,8710363.0,254244081.0,374605710.0,80.0,101802379.0,62.0,18136830.0,2.5,127.0,7.5,22.3,83.8,0.49,43.7,311956.0,459639.0,,,,,,,,,,,,,,,,,,,,,,,,,,,,,,,,,,,,,,,,,,,,,,,,,,,,,,,,,,,,,,,,,,,,,,,,,,,,,,,,,,,,,,
Indian Institute of Technology Jammu,IR-E-U-0906,2024,Engineering,data/raw/pdf/2024/Engineering/IR-E-U-0906.pdf,240.0,240.0,92.0,84.0,380,626.0,158.0,784.0,23.0,761.0,0.0,132.0,405.0,4.0,202.0,0.0,331.0,107.0,12.0,119.0,9.0,110.0,0.0,0.0,56.0,0.0,20.0,0.0,36.0,759,174,933,34,899,0,132,476,4,226,0,378,2022-23,179.0,134.0,1600000.0,16.0,181.0,213.0,134.0,93.7,162.3,1366667.0,2021-22,46.0,36.0,1800000.0,4.0,63.0,84.0,41.0,29.5,66.0,1450000.0,230.0,174.0,21.0,305.0,0.7565,0.8478,0.7541,1600000.0,245.0,0.0,17.0,0.0,6.7,38207541.0,198997546.0,42796235.0,2066394069.0,353441764.0,426639422.0,4062592.0,1096804792.0,562420017.0,157.0,110085644.0,178.0,28278777.0,2.5,116.0,10.16,18.6,96.4,0.0,24.7,1175568.0,602808.0,,,,,,,,,,,,,,,,,,,,,,,,,,48.0,8.0,26.0,4.0,30.0,2.0,28.0,0.0,0.0,15.0,0.0,4.0,0.0,11.0,2022-23,5.0,4.0,2737000.0,1.0,6.0,8.0,1.7,1.3,2.7,912333.0,,,,,,,,,,,,,,,,,,,,,,,,,,,,,,,,,,,,
Indian Institute of Technology Bhilai,IR-E-U-0946,2024,Engineering,data/raw/pdf/2024/Engineering/IR-E-U-0946.pdf,190.0,170.0,69.0,49.0,259,520.0,132.0,652.0,21.0,631.0,0.0,74.0,336.0,3.0,306.0,0.0,101.0,39.0,7.0,46.0,4.0,39.0,3.0,6.0,24.0,0.0,30.0,0.0,0.0,559,139,698,25,670,3,80,360,3,336,0,101,2022-23,126.0,101.0,1500000.0,4.0,131.0,133.0,119.3,95.3,124.3,1300000.0,2022-23,24.0,21.0,1000000.0,3.0,24.0,49.0,17.3,14.0,40.3,1016667.0,150.0,122.0,7.0,182.0,0.8133,0.86,0.8242,1500000.0,90.0,18.0,1.0,1.0,3.3,24674941.0,371247590.0,71129164.0,6374110895.0,240135927.0,123923177.0,5139631.0,3594665771.0,313043417.0,160.0,160682803.0,14.0,37672272.0,2.5,71.0,11.1,19.9,96.0,0.43,48.6,5149951.0,448486.0,,,,,,,,,,,,,,,,,,,,,,,,,,,,,,,,,,,,,,,,,,,,,,,,,,,,,,,,,,,,,,,,,,,,,,,,,,,,,,,,,,,,,,
M. S. Ramaiah Institute of Technology,IR-E-C-1331,2025,Engineering,data/raw/pdf/2025/Engineering/IR-E-C-1331.pdf,1401.0,1260.0,180.0,264.0,1581,3130.0,1684.0,4814.0,2861.0,1834.0,119.0,524.0,1115.0,1391.0,50.0,0.0,198.0,111.0,115.0,226.0,215.0,11.0,0.0,80.0,45.0,112.0,0.0,0.0,13.0,3241,1799,5040,3076,1845,119,604,1160,1503,50,0,211,2023-24,1075.0,787.0,750000.0,195.0,1001.0,1080.0,1106.7,841.7,1080.0,721667.0,2022-23,117.0,110.0,600000.0,6.0,127.0,264.0,149.0,126.0,264.0,600000.0,1192.0,897.0,201.0,1344.0,0.7525,0.9211,0.8869,750000.0,140.0,217.0,14.0,34.0,44.7,10665875.0,79035657.0,16961149.0,83872966.0,791798791.0,425116883.0,8688893.0,126197071.0,1087700948.0,89.0,29145515.0,171.0,9364238.0,2.5,398.0,13.02,35.7,36.6,2.36,30.8,25039.0,215814.0,,,,,,,,,,,,,,,,,,,,,,,,,,,,,,,,,,,,,,,,,,,,,,,,,,,,,,,,,,,,,,,,,,,,,,,,,,,,,,,,,,,,,,
Sri Sivasubramaniya Nadar College of Engineering,IR-E-C-16604,2025,Engineering,data/raw/pdf/2025/Engineering/IR-E-C-16604.pdf,840.0,840.0,162.0,180.0,1002,2316.0,1278.0,3594.0,3014.0,507.0,73.0,484.0,2197.0,668.0,1010.0,462.0,541.0,58.0,43.0,101.0,93.0,8.0,0.0,9.0,74.0,15.0,18.0,10.0,40.0,2374,1321,3695,3107,515,73,493,2271,683,1028,472,581,2023-24,803.0,624.0,860000.0,155.0,802.0,780.0,910.3,735.3,840.0,806667.0,2023-24,0.0,0.0,0.0,0.0,0.0,0.0,17.6,15.2,72.0,240000.0,803.0,624.0,155.0,780.0,0.7771,0.9701,1.0295,860000.0,232.0,248.0,31.0,25.0,72.7,7236493.0,44722965.0,5441176.0,82493126.0,794937552.0,470679351.0,5248874.0,118070877.0,1180917346.0,183.0,55121704.0,132.0,17822114.0,2.5,340.0,11.55,35.8,13.9,1.98,59.1,31954.0,319599.0,,,,,,,,,,,,,,,,,,,,,,,,,,,,,,,,,,,,,,,,,,,,,,,,,,,,,,,,,,,,,,,,,,,,,,,,,,,,,,,,,,,,,,
SR University,IR-E-C-19754,2025,Engineering,data/raw/pdf/2025/Engineering/IR-E-C-19754.pdf,1590.0,1080.0,96.0,96.0,1686,2456.0,2413.0,4869.0,3356.0,1477.0,36.0,909.0,2981.0,1727.0,1161.0,107.0,895.0,92.0,88.0,180.0,99.0,54.0,27.0,34.0,63.0,29.0,50.0,8.0,10.0,2548,2501,5049,3455,1531,63,943,3044,1756,1211,115,905,2023-24,873.0,708.0,600000.0,153.0,1080.0,1080.0,703.7,531.3,840.0,467329.0,2022-23,81.0,63.0,480000.0,9.0,91.0,96.0,94.5,67.5,123.0,465000.0,954.0,771.0,162.0,1176.0,0.8082,0.978,0.8112,600000.0,333.0,122.0,3.0,2.0,7.7,7414563.0,111869584.0,41056677.0,34307864.0,553179673.0,246163576.0,10685254.0,138301027.0,595597072.0,21.0,1355440.0,30.0,1537350.0,2.5,360.0,14.95,49.5,30.3,1.25,61.0,27392.0,117963.0,,,,,,,,,,,,,,,,,,,,,,,,,,,,,,,,,,,,,,,,,,,,,,,,,,,,,,,,,,,,,,,,,,,,,,,,,,,,,,,,,,,,,,
AU College of Engineering (A),IR-E-C-24004,2025,Engineering,data/raw/pdf/2025/Engineering/IR-E-C-24004.pdf,546.0,530.0,502.0,510.0,1048,965.0,1171.0,2136.0,455.0,1388.0,293.0,467.0,1582.0,1039.0,943.0,67.0,0.0,474.0,538.0,1012.0,575.0,405.0,32.0,101.0,754.0,685.0,88.0,41.0,41.0,1439,1709,3148,1030,1793,325,568,2336,1724,1031,108,41,2023-24,513.0,292.0,625000.0,17.0,530.0,530.0,436.0,334.7,548.0,621000.0,2022-23,510.0,430.0,680000.0,78.0,510.0,510.0,510.0,372.5,510.0,670000.0,1023.0,722.0,95.0,1040.0,0.7058,0.7986,0.9837,625000.0,97.0,41.0,112.0,83.0,148.7,42124547.0,664884212.0,134514574.0,134512812.0,1257453124.0,294512457.0,9347854.0,868882042.0,1251054377.0,15.0,14608775.0,3946.0,89792147.0,2.5,262.0,12.39,54.3,57.0,10.32,90.9,276011.0,397412.0,,,,,,,,,,,,,,,,,,,,,,,,,,,,,,,,,,,,,,,,,,,,,,,,,,,,,,,,,,,,,,,,,,,,,,,,,,,,,,,,,,,,,,
"C.V. Raman Global University, Odisha",IR-E-C-30045,2025,Engineering,data/raw/pdf/2025/Engineering/IR-E-C-30045.pdf,1050.0,1050.0,132.0,132.0,1182,2590.0,2388.0,4978.0,1665.0,3059.0,254.0,2590.0,1138.0,870.0,645.0,598.0,1615.0,138.0,126.0,264.0,112.0,126.0,26.0,118.0,47.0,61.0,32.0,37.0,35.0,2728,2514,5242,1777,3185,280,2708,1185,931,677,635,1650,2023-24,1158.0,1062.0,645000.0,88.0,1037.0,1320.0,1041.3,962.3,1200.0,555000.0,2023-24,129.0,123.0,485000.0,6.0,132.0,132.0,118.0,109.3,126.0,410000.0,1287.0,1185.0,94.0,1452.0,0.9207,0.9938,0.8864,645000.0,265.0,51.0,27.0,3.0,14.3,5745909.0,59769561.0,200942266.0,381724752.0,570060720.0,488347758.0,133058559.0,509963205.0,1163166942.0,29.0,20566009.0,44.0,12772747.0,2.5,451.0,12.21,48.0,60.8,5.34,42.8,97284.0,221894.0,,,,,,,,,,,,,,,,,,,,,,,,,,,,,,,,,,,,,,,,,,,,,,,,,,,,,,,,,,,,,,,,,,,,,,,,,,,,,,,,,,,,,,
Sri Krishna College of Engineering and Technology,IR-E-C-36995,2025,Engineering,data/raw/pdf/2025/Engineering/IR-E-C-36995.pdf,1542.0,1362.0,39.0,60.0,1641,3957.0,1414.0,5371.0,4831.0,532.0,8.0,1853.0,3187.0,672.0,559.0,322.0,3487.0,22.0,28.0,50.0,35.0,15.0,0.0,14.0,31.0,1.0,30.0,0.0,14.0,4152,1527,5679,5100,571,8,1906,3416,695,609,322,3696,2023-24,1084.0,991.0,700000.0,92.0,1045.0,1140.0,1100.0,994.0,1120.0,616667.0,2023-24,32.0,30.0,620000.0,2.0,32.0,60.0,52.3,48.3,72.0,590000.0,1116.0,1021.0,94.0,1200.0,0.9149,0.9991,0.93,700000.0,36.0,70.0,10.0,25.0,20.0,9508541.0,79597448.0,28012500.0,187339964.0,459964920.0,792289260.0,6433091.0,277954584.0,1116664901.0,59.0,6704018.0,122.0,23558419.0,2.5,404.0,14.15,26.9,10.1,0.14,28.6,48944.0,196631.0,60.0,60.0,173.0,85.0,258.0,234.0,24.0,0.0,39.0,198.0,22.0,20.0,0.0,195.0,2022-23,0.0,0.0,0.0,0.0,0.0,0.0,0.0,0.0,0.0,0.0,,,,,,,,,,,,,,,,,,,,,,,,,,,,,,,,,,,,,,,,,,,,,,,,,,,,,,,,,,,,,
PSG College of Technology,IR-E-C-37013,2025,Engineering,data/raw/pdf/2025/Engineering/IR-E-C-37013.pdf,1254.0,1254.0,270.0,421.0,1704,3287.0,1821.0,5108.0,4921.0,161.0,26.0,461.0,4647.0,860.0,181.0,2.0,4065.0,179.0,124.0,303.0,298.0,5.0,0.0,34.0,269.0,9.0,0.0,1.0,293.0,4177,2055,6232,6032,174,26,532,5700,1058,239,3,4932,2023-24,1114.0,831.0,700000.0,83.0,1140.0,1140.0,1191.7,886.3,1140.0,683336.0,2023-24,120.0,91.0,700000.0,0.0,127.0,421.0,138.3,82.3,439.0,676667.0,1405.0,1058.0,89.0,1741.0,0.753,0.8164,0.807,700000.0,127.0,219.0,16.0,33.0,55.3,13837000.0,58629000.0,0.0,103075000.0,690867000.0,352474000.0,4206000.0,120860000.0,970366488.0,62.0,52585543.0,415.0,5781041.0,2.5,468.0,13.59,33.0,2.8,0.42,20.9,19393.0,155707.0,180.0,180.0,711.0,110.0,821.0,813.0,8.0,0.0,37.0,784.0,189.0,58.0,0.0,574.0,2023-24,171.0,136.0,600000.0,6.0,180.0,180.0,181.0,137.5,180.0,550000.0,,,,,,,,,,,,,,,,,,,,,,,,,,,,,,,,,,,,,,,,,,,,,,,,,,,,,,,,,,,,,
Netaji Subhas University of Technology (NSUT),IR-E-C-6379,2025,Engineering,data/raw/pdf/2025/Engineering/IR-E-C-6379.pdf,2054.0,2005.0,150.0,150.0,2204,6051.0,1169.0,7220.0,4526.0,2474.0,220.0,748.0,3419.0,1062.0,1100.0,0.0,2005.0,191.0,87.0,278.0,109.0,169.0,0.0,17.0,86.0,0.0,0.0,0.0,103.0,6242,1256,7498,4635,2643,220,765,3505,1062,1100,0,2108,2023-24,1725.0,1362.0,1650000.0,57.0,1868.0,1876.0,1258.0,1055.0,1374.0,1650000.0,2023-24,127.0,70.0,1350000.0,11.0,150.0,150.0,152.7,104.7,195.3,1416667.0,1852.0,1432.0,68.0,2026.0,0.7732,0.8099,0.9141,1650000.0,296.0,0.0,30.0,0.0,51.7,9205471.0,134054043.0,9366289.0,318321136.0,870941471.0,725242456.0,170086412.0,383411532.0,1497076944.0,38.0,8678306.0,28.0,26382899.0,2.5,521.0,14.96,16.8,35.2,2.93,28.8,51135.0,199664.0,,,,,,,,,,,,,,,,,,,,,,,,,,,,,,,,,,,,,,,,,,,,,,,,,,,,,,,,,,,,,,,,,,,,,,,,,,,,,,,,,,,,,,
Manipal Institute of Technology,IR-E-C-7252,2025,Engineering,data/raw/pdf/2025/Engineering/IR-E-C-7252.pdf,2400.0,2340.0,775.0,775.0,3175,6306.0,1920.0,8226.0,1704.0,6366.0,156.0,436.0,37.0,33.0,375.0,4.0,61.0,549.0,341.0,890.0,620.0,269.0,1.0,31.0,41.0,29.0,34.0,0.0,9.0,6855,2261,9116,2324,6635,157,467,78,62,409,4,70,2023-24,1755.0,1140.0,850000.0,288.0,2040.0,2040.0,1766.0,1122.0,1920.0,846083.0,2022-23,399.0,264.0,750000.0,4.0,445.0,691.0,430.0,286.5,676.0,748230.0,2154.0,1404.0,292.0,2731.0,0.6518,0.7874,0.7887,850000.0,370.0,102.0,42.0,0.0,35.3,93485827.0,212008748.0,8738233.0,120817757.0,1353586395.0,740414016.0,16692158.0,271249628.0,1860446251.0,172.0,34238831.0,5751.0,3595276.0,2.5,735.0,12.91,24.8,72.8,1.72,5.2,29755.0,204086.0,,,,,,,,,,,,,,,,,,,,,,,,,,,,,,,,,,,,,,,,,,,,,,,,,,,,,,,,,,,,,,,,,,,,,,,,,,,,,,,,,,,,,,
Indian Institute of Technology Delhi,IR-E-I-1074,2025,Engineering,data/raw/pdf/2025/Engineering/IR-E-I-1074.pdf,1113.0,1093.0,1510.0,1654.0,2739,3439.0,898.0,4337.0,429.0,3907.0,1.0,445.0,2175.0,0.0,1973.0,38.0,609.0,1620.0,397.0,2017.0,106.0,1853.0,58.0,161.0,864.0,0.0,511.0,0.0,514.0,5488,1409,6897,593,6245,59,654,3341,0,2725,38,1232,2023-24,946.0,711.0,1908000.0,49.0,1071.0,1071.0,822.0,669.3,935.7,1986000.0,2023-24,666.0,538.0,1559000.0,112.0,1133.0,1654.0,768.7,389.3,1605.7,1403000.0,1705.0,1341.0,162.0,2834.0,0.7865,0.8815,0.6016,1908000.0,2866.0,546.0,409.0,55.0,375.3,172854705.0,2563276596.0,5271461.0,127478339.0,7014005469.0,3324411413.0,204155327.0,4105393206.0,9642803662.0,2309.0,3574427630.0,1422.0,522046768.0,2.5,677.0,14.42,20.4,90.5,0.86,40.1,595243.0,1398116.0,116.0,116.0,429.0,114.0,543.0,58.0,485.0,0.0,48.0,302.0,0.0,241.0,0.0,109.0,2022-23,93.0,92.0,2200000.0,1.0,108.0,109.0,86.5,86.0,105.5,2100000.0,,,,,,,,,,,,,,,,,,,,,,,,,,,,,,,,,,,,,,,,,,,,,,,,,,,,,,,,,,,,,
Indian Institute of Technology Kanpur,IR-E-I-1075,2025,Engineering,data/raw/pdf/2025/Engineering/IR-E-I-1075.pdf,1210.0,1210.0,1041.0,991.0,2251,3760.0,956.0,4716.0,1041.0,3675.0,0.0,290.0,2351.0,721.0,1764.0,0.0,156.0,1420.0,296.0,1716.0,688.0,1012.0,16.0,133.0,815.0,114.0,739.0,0.0,95.0,5180,1252,6432,1729,4687,16,423,3166,835,2503,0,251,2023-24,1133.0,754.0,1940000.0,283.0,1157.0,927.0,969.3,687.7,914.7,2149000.0,2022-23,826.0,544.0,1600000.0,226.0,1018.0,956.0,799.0,563.5,956.0,1564500.0,1959.0,1298.0,509.0,1883.0,0.6626,0.9224,1.0404,1940000.0,2068.0,43.0,237.0,1.0,223.3,184600000.0,1103242000.0,123000000.0,156200000.0,4016034700.0,5307317000.0,55400000.0,1387110300.0,8216110567.0,3140.0,2190729733.0,1268.0,732313600.0,2.5,579.0,14.68,19.5,72.9,0.25,51.9,215658.0,1277380.0,,,,,,,,,,,,,,,,,,,,,,,,,,,,,,,,,,,,,,,,,,,,,,,,,,,,,,,,,,,,,,,,,,,,,,,,,,,,,,,,,,,,,,
Saveetha Institute of Medical and Technical Sciences,IR-E-I-1441,2025,Engineering,data/raw/pdf/2025/Engineering/IR-E-I-1441.pdf,2910.0,1410.0,306.0,90.0,3216,3934.0,3376.0,7310.0,1730.0,5573.0,7.0,780.0,1671.0,12.0,1878.0,53.0,508.0,220.0,116.0,336.0,134.0,200.0,2.0,37.0,146.0,0.0,127.0,3.0,53.0,4154,3492,7646,1864,5773,9,817,1817,12,2005,56,561,2023-24,1269.0,786.0,472000.0,172.0,1320.0,1800.0,1227.7,488.7,1640.0,426333.0,2022-23,29.0,28.0,450000.0,1.0,30.0,90.0,29.0,28.0,60.0,450000.0,1298.0,814.0,173.0,1890.0,0.6271,0.7604,0.6868,472000.0,293.0,352.0,42.0,76.0,65.3,56250114.0,77775934.0,110294342.0,45955976.0,901997227.0,674529311.0,2408470.0,183958894.0,1123572519.0,34.0,51749341.0,32.0,32540501.0,2.5,621.0,12.78,45.7,75.5,0.12,27.1,24059.0,146949.0,,,,,,,,,,,,,,,,,,,,,,,,,,,,,,,,,,,,,,,,,,,,,,,,,,,,,,,,,,,,,,,,,,,,,,,,,,,,,,,,,,,,,,
Thapar Institute of Engineering and Technology (Deemed-to-be-university),IR-E-I-1480,2025,Engineering,data/raw/pdf/2025/Engineering/IR-E-I-1480.pdf,2500.0,2500.0,276.0,300.0,2776,6460.0,3635.0,10095.0,3098.0,6866.0,131.0,495.0,787.0,84.0,1192.0,0.0,6.0,221.0,168.0,389.0,134.0,253.0,2.0,40.0,141.0,40.0,136.0,0.0,5.0,6681,3803,10484,3232,7119,133,535,928,124,1328,0,11,2023-24,2082.0,1708.0,1000000.0,152.0,2065.0,2395.0,2011.0,1697.3,2175.0,1063000.0,2023-24,183.0,125.0,1050000.0,31.0,188.0,300.0,219.0,140.7,300.0,953333.0,2265.0,1833.0,183.0,2695.0,0.8093,0.8901,0.8404,1000000.0,469.0,26.0,104.0,14.0,105.7,46424349.0,187135390.0,109869511.0,452995099.0,2279570118.0,1927388284.0,45850122.0,578732599.0,3321448482.0,139.0,100504333.0,535.0,35122018.0,2.5,731.0,14.98,36.3,67.9,1.27,13.8,55202.0,316811.0,,,,,,,,,,,,,,,,,,,,,,,,,,,,,,,,,,,,,,,,,,,,,,,,,,,,,,,,,,,,,,,,,,,,,,,,,,,,,,,,,,,,,,
Indian Institute of Technology Hyderabad,IR-E-U-0013,2025,Engineering,data/raw/pdf/2025/Engineering/IR-E-U-0013.pdf,595.0,595.0,443.0,320.0,1086,1561.0,397.0,1958.0,670.0,1266.0,22.0,77.0,537.0,31.0,583.0,0.0,0.0,567.0,152.0,719.0,105.0,610.0,4.0,69.0,92.0,0.0,92.0,0.0,69.0,2244,574,2818,793,1999,26,156,630,31,676,0,79,2023-24,399.0,306.0,2100000.0,37.0,414.0,425.0,320.0,270.7,345.3,2066667.0,2023-24,320.0,283.0,1450000.0,23.0,320.0,320.0,282.0,241.0,308.0,1550000.0,755.0,617.0,65.0,787.0,0.8172,0.9033,0.9593,2100000.0,711.0,165.0,80.0,9.0,87.0,28995305.0,337408737.0,0.0,400422417.0,1450713808.0,1398202506.0,62064882.0,643516234.0,2876758355.0,580.0,769468701.0,1291.0,201644345.0,2.5,282.0,12.51,20.4,70.9,0.92,25.1,228359.0,1020851.0,,,,,,,,,,,,,,,,,,,,,,,,,,48.0,51.0,116.0,25.0,141.0,18.0,123.0,0.0,10.0,1.0,0.0,1.0,0.0,10.0,2023-24,36.0,28.0,3460000.0,5.0,42.0,42.0,37.3,31.3,43.3,2580000.0,,,,,,,,,,,,,,,,,,,,,,,,,,,,,,,,,,,,
International Institute of Information Technology Hyderabad,IR-E-U-0014,2025,Engineering,data/raw/pdf/2025/Engineering/IR-E-U-0014.pdf,200.0,210.0,135.0,180.0,445,558.0,207.0,765.0,159.0,487.0,119.0,72.0,85.0,0.0,89.0,1.0,67.0,237.0,49.0,286.0,49.0,237.0,0.0,53.0,52.0,25.0,16.0,0.0,64.0,1273,348,1621,292,1188,141,219,193,39,207,35,131,2023-24,188.0,177.0,3200000.0,11.0,196.0,205.0,165.7,152.7,205.0,3088667.0,2023-24,145.0,136.0,2300000.0,9.0,146.0,180.0,139.3,130.3,180.0,2231667.0,371.0,348.0,23.0,506.0,0.938,1.0,0.7332,3200000.0,128.0,40.0,23.0,9.0,26.3,15682698.0,102710067.0,9133487.0,18666960.0,487410015.0,753513171.0,49523506.0,140554808.0,927899492.0,312.0,403998348.0,56.0,11068420.0,2.5,141.0,12.4,21.5,73.3,8.7,17.3,86709.0,572424.0,110.0,120.0,478.0,92.0,570.0,84.0,464.0,22.0,94.0,56.0,14.0,102.0,34.0,0.0,2023-24,38.0,35.0,3000000.0,3.0,92.0,121.0,69.0,64.5,146.0,2899000.0,,,,,,,,,,,,,,,,,,,,,,,,,,,,,,,,,,,,,,,,,,,,,,,,,,,,,,,,,,,,,
Jawaharlal Nehru Technological University,IR-E-U-0017,2025,Engineering,data/raw/pdf/2025/Engineering/IR-E-U-0017.pdf,1620.0,1620.0,720.0,720.0,2340,2901.0,3021.0,5922.0,3720.0,1777.0,425.0,710.0,5212.0,5235.0,0.0,603.0,84.0,705.0,735.0,1440.0,1012.0,403.0,25.0,152.0,1288.0,1402.0,0.0,38.0,0.0,3606,3756,7362,4732,2180,450,862,6500,6637,0,641,84,2023-24,1301.0,577.0,500000.0,397.0,1307.0,1307.0,1223.7,510.0,1265.0,487333.0,2022-23,720.0,600.0,800000.0,100.0,740.0,763.0,561.0,443.0,763.0,675000.0,2021.0,1177.0,497.0,2070.0,0.5824,0.8283,0.9763,500000.0,101.0,216.0,12.0,192.0,172.3,30060405.0,188690918.0,122399005.0,89755706.0,1977224435.0,522695518.0,815000.0,194531093.0,2131633882.0,106.0,31387212.0,680.0,252070811.0,2.5,501.0,14.9,51.0,29.6,6.11,98.9,26424.0,289545.0,,,,,,,,,,,,,,,,,,,,,,,,,,,,,,,,,,,,,,,,,,,,,,,,,,,,,,,,,,,,,,,,,,,,,,,,,,,,,,,,,,,,,,
Koneru Lakshmaiah Education Foundation University (K L College of Engineering),IR-E-U-0020,2025,Engineering,data/raw/pdf/2025/Engineering/IR-E-U-0020.pdf,3510.0,3420.0,162.0,252.0,3672,6313.0,6544.0,12857.0,4827.0,7572.0,458.0,937.0,1542.0,0.0,1154.0,0.0,1325.0,209.0,205.0,414.0,192.0,216.0,6.0,18.0,87.0,5.0,44.0,0.0,56.0,6522,6749,13271,5019,7788,464,955,1629,5,1198,0,1381,2023-24,2674.0,1854.0,852000.0,778.0,3180.0,3180.0,2737.7,1865.7,3280.0,772500.0,2023-24,214.0,84.0,800000.0,102.0,252.0,252.0,221.0,81.3,306.0,698667.0,2888.0,1938.0,880.0,3432.0,0.6711,0.9758,0.8415,852000.0,503.0,438.0,158.0,23.0,147.3,64212009.0,194532939.0,23631908.0,236748056.0,1952929155.0,866168999.0,5532692.0,393215365.0,2454244418.0,606.0,93848351.0,421.0,31335531.0,2.5,942.0,14.62,50.9,58.7,3.5,9.1,29630.0,184933.0,,,,,,,,,,,,,,,,,,,,,,,,,,,,,,,,,,,,,,,,,,,,,,,,,,,,,,,,,,,,,,,,,,,,,,,,,,,,,,,,,,,,,,
National Institute of Technology Warangal,IR-E-U-0025,2025,Engineering,data/raw/pdf/2025/Engineering/IR-E-U-0025.pdf,929.0,989.0,688.0,688.0,1617,3162.0,894.0,4056.0,1846.0,1845.0,365.0,691.0,2026.0,281.0,1730.0,36.0,670.0,810.0,231.0,1041.0,365.0,665.0,11.0,84.0,517.0,6.0,217.0,0.0,378.0,3972,1125,5097,2211,2510,376,775,2543,287,1947,36,1048,2023-24,909.0,650.0,1420000.0,93.0,1025.0,945.0,947.3,720.3,922.0,1504000.0,2023-24,539.0,356.0,1000000.0,105.0,542.0,688.0,541.0,381.3,688.0,1058333.0,1448.0,1006.0,198.0,1633.0,0.6948,0.8315,0.8867,1420000.0,478.0,355.0,89.0,18.0,98.3,61208287.0,131846194.0,12493884.0,72766807.0,1289147390.0,1388646412.0,76575245.0,363401933.0,2376449428.0,433.0,146973009.0,358.0,25329287.0,2.5,398.0,14.01,22.1,49.2,7.38,44.5,71297.0,466245.0,,,,,,,,,,,,,,,,,,,,,,,,,,,,,,,,,,,,,,,,,,,,,,,,,,,,,,,,,,,,,,,,,,,,,,,,,,,,,,,,,,,,,,
University of Hyderabad,IR-E-U-0042,2025,Engineering,data/raw/pdf/2025/Engineering/IR-E-U-0042.pdf,,,61.0,274.0,61,,,,,,,,,,,,,78.0,57.0,135.0,32.0,99.0,4.0,7.0,66.0,0.0,1.0,0.0,72.0,78,57,135,32,99,4,7,66,0,1,0,72,,,,,,,,,,,,2023-24,16.0,16.0,1500000.0,0.0,23.0,21.0,63.7,34.8,170.8,812500.0,16.0,16.0,0.0,21.0,1.0,1.0,0.7619,,180.0,12.0,20.0,4.0,40.3,10586054.0,14740708.0,3256154.0,17448756.0,213327279.0,52924534.0,365240.0,26570363.0,247878264.0,90.0,84061622.0,9.0,1340333.0,2.5,59.0,5.34,42.2,73.3,2.96,0.7,196818.0,1836135.0,,,,,,,,,,,,,,,,,,,,,,,,,,,,,,,,,,,,,,,,,,,,,,,,,,,,,,,,,,,,,,,,,,,,,,,,,,,,,,,,,,,,,,
"Vignan's Foundation for Science, Technology and Research",IR-E-U-0043,2025,Engineering,data/raw/pdf/2025/Engineering/IR-E-U-0043.pdf,2580.0,1830.0,180.0,162.0,2760,4244.0,3745.0,7989.0,3751.0,3876.0,362.0,2329.0,2147.0,253.0,2367.0,1163.0,693.0,136.0,135.0,271.0,145.0,120.0,6.0,64.0,67.0,19.0,89.0,10.0,13.0,4380,3880,8260,3896,3996,368,2393,2214,272,2456,1173,706,2023-24,1594.0,691.0,336000.0,605.0,1602.0,1830.0,1646.7,776.0,1970.0,472667.0,2022-23,147.0,131.0,590000.0,13.0,151.0,162.0,116.5,105.5,171.0,548500.0,1741.0,822.0,618.0,1992.0,0.4721,0.8271,0.874,336000.0,512.0,143.0,54.0,12.0,61.0,17832486.0,65792618.0,14510133.0,97819410.0,549916720.0,391430514.0,4686164.0,127250121.0,860094322.0,622.0,36638967.0,790.0,57386973.0,2.5,610.0,14.38,47.0,48.4,4.46,47.2,15406.0,104128.0,,,,,,,,,,,,,,,,,,,,,,,,,,,,,,,,,,,,,,,,,,,,,,,,,,,,,,,,,,,,,,,,,,,,,,,,,,,,,,,,,,,,,,
Indian Institute of Technology Guwahati,IR-E-U-0053,2025,Engineering,data/raw/pdf/2025/Engineering/IR-E-U-0053.pdf,1008.0,1008.0,795.0,993.0,1803,3084.0,830.0,3914.0,140.0,3759.0,15.0,1103.0,1963.0,0.0,1487.0,0.0,1579.0,1242.0,257.0,1499.0,69.0,1424.0,6.0,170.0,844.0,337.0,0.0,0.0,677.0,4326,1087,5413,209,5183,21,1273,2807,337,1487,0,2256,2023-24,856.0,658.0,1948000.0,179.0,956.0,978.0,734.0,626.7,858.7,2119333.0,2022-23,636.0,473.0,1200000.0,151.0,842.0,873.0,601.5,415.0,849.0,1275000.0,1492.0,1131.0,330.0,1851.0,0.758,0.9792,0.8061,1948000.0,2146.0,174.0,241.0,22.0,247.3,135765692.0,508454775.0,24626782.0,494657138.0,1977540053.0,1323045038.0,54514323.0,1146178820.0,2794321170.0,978.0,1382965072.0,837.0,256653893.0,2.5,460.0,16.43,20.1,95.8,0.39,33.7,211746.0,516224.0,,,,,,,,,,,,,,,,,,,,,,,,,,,,,,,,,,,,,,,,,,,,,,,,,,,,,,,,,,,,,,,,,,,,,,,,,,,,,,,,,,,,,,
National Institute of Technology Silchar,IR-E-U-0055,2025,Engineering,data/raw/pdf/2025/Engineering/IR-E-U-0055.pdf,825.0,825.0,368.0,368.0,1193,2848.0,674.0,3522.0,1691.0,1699.0,132.0,798.0,1789.0,575.0,1056.0,1.0,955.0,253.0,66.0,319.0,131.0,185.0,3.0,16.0,151.0,3.0,82.0,0.0,82.0,3101,740,3841,1822,1884,135,814,1940,578,1138,1,1037,2023-24,823.0,520.0,1100000.0,39.0,915.0,825.0,769.3,604.7,770.0,1198333.0,2023-24,159.0,89.0,600000.0,47.0,170.0,368.0,195.7,107.3,358.0,600000.0,982.0,609.0,86.0,1193.0,0.6202,0.7077,0.8231,1100000.0,315.0,331.0,68.0,26.0,79.7,88560600.0,77580942.0,44365986.0,52186849.0,890373102.0,521900561.0,29587637.0,241930709.0,1282697035.0,170.0,132189200.0,133.0,11232426.0,2.5,257.0,16.17,19.3,49.0,3.51,44.7,62986.0,333949.0,,,,,,,,,,,,,,,,,,,,,,,,,,,,,,,,,,,,,,,,,,,,,,,,,,,,,,,,,,,,,,,,,,,,,,,,,,,,,,,,,,,,,,
Indian Institute of Technology Patna,IR-E-U-0064,2025,Engineering,data/raw/pdf/2025/Engineering/IR-E-U-0064.pdf,582.0,582.0,186.0,231.0,768,1633.0,364.0,1997.0,346.0,1649.0,2.0,381.0,1088.0,348.0,1095.0,10.0,16.0,354.0,56.0,410.0,163.0,246.0,1.0,44.0,276.0,213.0,93.0,9.0,5.0,1987,420,2407,509,1895,3,425,1364,561,1188,19,21,2023-24,335.0,320.0,2250000.0,15.0,394.0,427.0,303.7,267.0,346.0,2050000.0,2023-24,130.0,120.0,2800000.0,10.0,203.0,231.0,109.0,99.0,207.7,2383333.0,465.0,440.0,25.0,658.0,0.9462,1.0,0.7067,2250000.0,636.0,106.0,124.0,8.0,105.0,121605650.0,337272917.0,21676092.0,124005462.0,662210115.0,776352724.0,38997493.0,703963318.0,1195642091.0,203.0,629265221.0,248.0,94887047.0,2.5,264.0,11.53,17.4,78.7,0.12,73.5,292465.0,496735.0,,,,,,,,,,,,,,,,,,,,,,,,,,,,,,,,,,,,,,,,,,,,,,,,,,,,,,,,,,,,,,,,,,,,,,,,,,,,,,,,,,,,,,
National Institute of Technology Patna,IR-E-U-0072,2025,Engineering,data/raw/pdf/2025/Engineering/IR-E-U-0072.pdf,746.0,753.0,265.0,238.0,1011,2320.0,570.0,2890.0,1719.0,1154.0,17.0,878.0,1653.0,564.0,1769.0,198.0,0.0,208.0,27.0,235.0,133.0,102.0,0.0,20.0,103.0,0.0,0.0,0.0,123.0,2528,597,3125,1852,1256,17,898,1756,564,1769,198,123,2023-24,738.0,591.0,700000.0,51.0,757.0,766.0,638.0,568.0,654.0,896000.0,2023-24,121.0,21.0,680000.0,91.0,130.0,238.0,192.0,77.7,290.0,686667.0,859.0,612.0,142.0,1004.0,0.7125,0.8778,0.8556,700000.0,333.0,1009.0,87.0,72.0,110.0,19043160.0,38361122.0,0.0,48214940.0,682650917.0,416759074.0,9733738.0,92697094.0,1040295811.0,204.0,51880407.0,3177.0,85061783.0,2.5,173.0,19.99,19.1,40.2,0.54,81.0,29663.0,332895.0,,,,,,,,,,,,,,,,,,,,,,,,,,,,,,,,,,,,,,,,,,,,,,,,,,,,,,,,,,,,,,,,,,,,,,,,,,,,,,,,,,,,,,
Panjab University,IR-E-U-0078,2025,Engineering,data/raw/pdf/2025/Engineering/IR-E-U-0078.pdf,698.0,698.0,222.0,222.0,956,2124.0,585.0,2709.0,331.0,2369.0,9.0,97.0,548.0,227.0,238.0,81.0,99.0,100.0,84.0,184.0,18.0,166.0,0.0,0.0,36.0,12.0,8.0,2.0,14.0,2319,696,3015,364,2642,9,107,608,252,252,90,121,2023-24,625.0,489.0,825000.0,120.0,758.0,698.0,607.3,454.3,698.0,776667.0,2023-24,46.0,32.0,725000.0,9.0,99.0,222.0,58.7,32.0,222.0,583333.0,698.0,542.0,132.0,975.0,0.7765,0.9656,0.7159,825000.0,153.0,0.0,29.0,0.0,20.7,1456638.0,22541298.0,1446430.0,19114812.0,550208867.0,4516071.0,948606.0,29655919.0,477013120.0,122.0,194605055.0,77.0,23947762.0,2.5,143.0,22.15,23.1,87.6,0.3,19.7,9836.0,158213.0,36.0,36.0,95.0,27.0,122.0,15.0,107.0,0.0,10.0,24.0,13.0,6.0,7.0,8.0,2023-24,27.0,21.0,750000.0,3.0,40.0,55.0,23.0,16.0,54.0,675000.0,,,,,,,,,,,,,,,,,,,,,,,,,,,,,,,,,,,,,,,,,,,,,,,,,,,,,,,,,,,,,
"National Institute of Technology, Raipur",IR-E-U-0092,2025,Engineering,data/raw/pdf/2025/Engineering/IR-E-U-0092.pdf,1119.0,1119.0,156.0,187.0,1294,3266.0,890.0,4156.0,2093.0,2057.0,6.0,761.0,2269.0,0.0,2379.0,0.0,651.0,124.0,61.0,185.0,128.0,57.0,0.0,20.0,108.0,0.0,45.0,0.0,83.0,3423,972,4395,2233,2156,6,791,2412,0,2435,0,768,2023-24,1000.0,724.0,850000.0,49.0,1086.0,1118.0,928.3,695.0,1015.3,900000.0,2023-24,70.0,25.0,750000.0,21.0,77.0,187.0,98.0,31.0,193.5,700000.0,1088.0,756.0,71.0,1324.0,0.6949,0.7601,0.8218,850000.0,437.0,221.0,57.0,28.0,83.3,18121341.0,30672070.0,3430395.0,54899237.0,757896128.0,422229913.0,5976087.0,121716961.0,1060055969.0,306.0,29374584.0,469.0,38590313.0,2.5,272.0,17.76,22.1,49.1,0.14,55.4,27694.0,241196.0,,,,,,,,,,,,,,,,,,,,,,,,,,19.0,19.0,33.0,21.0,54.0,12.0,42.0,0.0,10.0,35.0,0.0,11.0,0.0,34.0,2023-24,18.0,7.0,600000.0,1.0,19.0,19.0,16.7,2.3,18.3,200000.0,,,,,,,,,,,,,,,,,,,,,,,,,,,,,,,,,,,,
Delhi Technological University,IR-E-U-0098,2025,Engineering,data/raw/pdf/2025/Engineering/IR-E-U-0098.pdf,2529.0,2529.0,435.0,350.0,2964,8979.0,1452.0,10431.0,4923.0,5031.0,477.0,216.0,4946.0,542.0,829.0,52.0,3739.0,404.0,103.0,507.0,77.0,406.0,24.0,34.0,167.0,191.0,8.0,2.0,0.0,9383,1555,10938,5000,5437,501,250,5113,733,837,54,3739,2023-24,2412.0,1759.0,1325000.0,653.0,2484.0,2529.0,2254.3,1868.0,2366.3,1345000.0,2022-23,300.0,246.0,1300000.0,54.0,300.0,418.0,302.5,251.5,418.0,1162750.0,2712.0,2005.0,707.0,2947.0,0.7393,1.0,0.9203,1325000.0,753.0,556.0,137.0,66.0,131.3,29908027.0,38927080.0,6255671.0,430554226.0,1503660663.0,653474149.0,217171565.0,350407682.0,2433196372.0,59.0,74780437.0,138.0,103188180.0,2.5,878.0,13.32,14.2,49.7,4.58,14.8,32036.0,222453.0,,,,,,,,,,,,,,,,,,,,,,,,,,,,,,,,,,,,,,,,,,,,,,,,,,,,,,,,,,,,,,,,,,,,,,,,,,,,,,,,,,,,,,
IIIT-Delhi (Indraprastha Institute of Information Technology Delhi),IR-E-U-0105,2025,Engineering,data/raw/pdf/2025/Engineering/IR-E-U-0105.pdf,480.0,480.0,240.0,240.0,720,1972.0,254.0,2226.0,1248.0,794.0,184.0,199.0,930.0,162.0,38.0,19.0,910.0,352.0,113.0,465.0,86.0,378.0,1.0,21.0,167.0,5.0,0.0,2.0,181.0,2324,367,2691,1334,1172,185,220,1097,167,38,21,1091,2023-24,444.0,420.0,1800000.0,24.0,444.0,480.0,408.0,383.3,467.0,1783333.0,2022-23,202.0,197.0,1725000.0,4.0,239.0,273.0,207.5,202.5,261.0,1633000.0,646.0,617.0,28.0,753.0,0.9551,0.9985,0.8579,1800000.0,342.0,0.0,29.0,0.0,25.3,22989784.0,60017090.0,8611012.0,38508029.0,606950535.0,530776179.0,8545034.0,134816107.0,988327785.0,199.0,282988154.0,32.0,23273129.0,2.5,184.0,16.48,13.6,43.6,6.87,8.4,50099.0,367272.0,,,,,,,,,,,,,,,,,,,,,,,,,,,,,,,,,,,,,,,,,,,,,,,,,,,,,,,,,,,,,,,,,,,,,,,,,,,,,,,,,,,,,,
Jamia Millia Islamia,IR-E-U-0108,2025,Engineering,data/raw/pdf/2025/Engineering/IR-E-U-0108.pdf,350.0,350.0,174.0,174.0,524,1061.0,343.0,1404.0,128.0,1150.0,126.0,1131.0,147.0,959.0,284.0,28.0,7.0,182.0,164.0,346.0,31.0,308.0,7.0,257.0,47.0,148.0,138.0,13.0,5.0,1243,507,1750,159,1458,133,1388,194,1107,422,41,12,2023-24,351.0,297.0,1378000.0,54.0,351.0,350.0,354.3,286.3,350.0,1076000.0,2023-24,171.0,138.0,1500000.0,33.0,171.0,174.0,163.0,128.0,161.3,1266667.0,522.0,435.0,87.0,524.0,0.8333,1.0,0.9962,1378000.0,367.0,0.0,69.0,0.0,65.7,3308750.0,18322088.0,5664026.0,15262938.0,859520053.0,349729433.0,5095119.0,40102806.0,915921135.0,114.0,121636247.0,2072.0,110551053.0,2.5,131.0,16.16,29.0,83.3,7.6,89.7,22916.0,523384.0,,,,,,,,,,,,,,,,,,,,,,,,,,,,,,,,,,,,,,,,,,,,,,,,,,,,,,,,,,,,,,,,,,,,,,,,,,,,,,,,,,,,,,
Indian Institute of Technology Gandhinagar,IR-E-U-0139,2025,Engineering,data/raw/pdf/2025/Engineering/IR-E-U-0139.pdf,310.0,225.0,275.0,90.0,645,844.0,206.0,1050.0,181.0,864.0,5.0,49.0,518.0,232.0,143.0,10.0,182.0,259.0,104.0,363.0,37.0,310.0,16.0,29.0,167.0,70.0,61.0,0.0,65.0,1166,329,1495,233,1241,21,83,729,326,213,10,263,2023-24,214.0,160.0,1400000.0,51.0,237.0,225.0,191.7,144.0,204.0,1472333.0,2023-24,73.0,52.0,1350000.0,14.0,91.0,90.0,47.7,30.7,74.0,1275333.0,287.0,212.0,65.0,315.0,0.7387,0.9652,0.9111,1400000.0,590.0,5.0,73.0,0.0,50.7,66119918.0,199890174.0,6185036.0,28334309.0,896246515.0,847764679.0,32598864.0,325928934.0,1492546085.0,797.0,674664959.0,187.0,62873248.0,2.5,154.0,13.54,22.0,83.0,1.4,36.7,218013.0,998359.0,60.0,40.0,63.0,19.0,82.0,15.0,67.0,0.0,5.0,44.0,24.0,9.0,0.0,16.0,2022-23,0.0,0.0,0.0,0.0,0.0,0.0,0.0,0.0,0.0,0.0,,,,,,,,,,,,,,,,,,,,,,,,,,,,,,,,,,,,,,,,,,,,,,,,,,,,,,,,,,,,,
Pandit Deendayal Energy University,IR-E-U-0147,2025,Engineering,data/raw/pdf/2025/Engineering/IR-E-U-0147.pdf,1260.0,1260.0,234.0,234.0,1494,4264.0,897.0,5161.0,4617.0,343.0,201.0,47.0,680.0,514.0,213.0,0.0,0.0,199.0,57.0,256.0,219.0,29.0,8.0,2.0,53.0,3.0,0.0,0.0,52.0,4463,954,5417,4836,372,209,49,733,517,213,0,52,2023-24,1112.0,618.0,642000.0,418.0,1153.0,1080.0,936.7,488.0,880.0,630667.0,2022-23,140.0,69.0,500000.0,5.0,148.0,270.0,153.5,67.5,270.0,460000.0,1252.0,687.0,423.0,1350.0,0.5487,0.8866,0.9274,642000.0,103.0,113.0,10.0,7.0,16.7,21369581.0,137073097.0,0.0,155630030.0,788778861.0,343137628.0,9819335.0,284751260.0,1002107048.0,140.0,52710762.0,73.0,6673451.0,2.5,332.0,16.63,17.6,6.9,3.86,13.5,52566.0,184993.0,,,,,,,,,,,,,,,,,,,,,,,,,,,,,,,,,,,,,,,,,,,,,,,,,,,,,,,,,,,,,,,,,,,,,,,,,,,,,,,,,,,,,,
Sardar Vallabhbhai National Institute of Technology,IR-E-U-0149,2025,Engineering,data/raw/pdf/2025/Engineering/IR-E-U-0149.pdf,1100.0,866.0,475.0,475.0,1575,2863.0,755.0,3618.0,1727.0,1766.0,125.0,747.0,1658.0,807.0,546.0,8.0,1044.0,443.0,126.0,569.0,240.0,329.0,0.0,0.0,222.0,103.0,0.0,3.0,116.0,3306,881,4187,1967,2095,125,747,1880,910,546,11,1160,2023-24,808.0,596.0,968000.0,35.0,900.0,991.0,769.7,606.7,915.0,906333.0,2023-24,259.0,196.0,800000.0,9.0,279.0,475.0,326.7,226.7,475.0,703333.0,1067.0,792.0,44.0,1466.0,0.7423,0.7835,0.7278,968000.0,339.0,248.0,42.0,39.0,72.3,55696364.0,100219284.0,1401969.0,382997473.0,1025370217.0,616922275.0,8116174.0,353628609.0,1514298835.0,339.0,67012801.0,1549.0,153115335.0,2.5,283.0,15.99,21.0,50.0,2.99,35.0,84459.0,361667.0,,,,,,,,,,,,,,,,,,,,,,,,,,,,,,,,,,,,,,,,,,,,,,,,,,,,,,,,,,,,,,,,,,,,,,,,,,,,,,,,,,,,,,
National Institute of Technology Kurukshetra,IR-E-U-0172,2025,Engineering,data/raw/pdf/2025/Engineering/IR-E-U-0172.pdf,1161.0,1161.0,473.0,498.0,1634,3642.0,940.0,4582.0,2182.0,2351.0,49.0,457.0,2382.0,468.0,2208.0,87.0,76.0,395.0,87.0,482.0,64.0,418.0,0.0,53.0,257.0,102.0,0.0,0.0,208.0,4037,1027,5064,2246,2769,49,510,2639,570,2208,87,284,2023-24,1100.0,590.0,900000.0,266.0,1155.0,1158.0,949.3,628.0,995.0,1035667.0,2023-24,290.0,247.0,901000.0,32.0,296.0,498.0,345.3,203.0,498.0,900333.0,1390.0,837.0,298.0,1656.0,0.6022,0.8165,0.8394,900000.0,256.0,166.0,31.0,37.0,53.3,34026000.0,22806000.0,20127000.0,96807000.0,1048845000.0,483262000.0,21549000.0,208323897.0,1457631638.0,70.0,61240333.0,2989.0,80453432.0,2.5,201.0,26.47,20.3,54.7,0.97,56.6,41138.0,287842.0,,,,,,,,,,,,,,,,,,,,,,,,,,,,,,,,,,,,,,,,,,,,,,,,,,,,,,,,,,,,,,,,,,,,,,,,,,,,,,,,,,,,,,
Indian Institute of Technology Mandi,IR-E-U-0184,2025,Engineering,data/raw/pdf/2025/Engineering/IR-E-U-0184.pdf,520.0,308.0,231.0,284.0,751,1075.0,270.0,1345.0,21.0,1321.0,3.0,327.0,683.0,317.0,346.0,23.0,324.0,371.0,144.0,515.0,30.0,484.0,1.0,22.0,254.0,97.0,179.0,0.0,0.0,1500,428,1928,52,1872,4,372,963,421,539,23,352,2023-24,280.0,196.0,1850000.0,73.0,293.0,301.0,233.0,186.7,253.0,2050000.0,2023-24,251.0,95.0,715000.0,111.0,284.0,284.0,222.0,109.0,341.7,745000.0,537.0,292.0,186.0,609.0,0.5438,0.8901,0.8818,1850000.0,672.0,48.0,47.0,2.0,59.0,72507108.0,107640688.0,145737145.0,71658477.0,628458192.0,1535480911.0,7569965.0,283169873.0,1605773055.0,528.0,185679660.0,113.0,15634399.0,2.5,211.0,12.32,22.2,97.1,0.21,51.0,146872.0,832870.0,0.0,28.0,54.0,14.0,68.0,1.0,67.0,0.0,23.0,26.0,7.0,14.0,0.0,28.0,2023-24,6.0,1.0,4400000.0,2.0,19.0,24.0,3.0,0.5,12.0,2200000.0,,,,,,,,,,,,,,,,,,,,,,,,,,,,,,,,,,,,,,,,,,,,,,,,,,,,,,,,,,,,,
National Institute of Technology Hamirpur,IR-E-U-0189,2025,Engineering,data/raw/pdf/2025/Engineering/IR-E-U-0189.pdf,830.0,830.0,342.0,450.0,1172,2536.0,757.0,3293.0,1543.0,1728.0,22.0,529.0,2025.0,277.0,1600.0,73.0,604.0,350.0,96.0,446.0,251.0,195.0,0.0,52.0,219.0,84.0,145.0,0.0,42.0,2886,853,3739,1794,1923,22,581,2244,361,1745,73,646,2023-24,757.0,632.0,1005000.0,105.0,825.0,830.0,663.7,517.0,708.3,861333.0,2023-24,142.0,105.0,1451000.0,5.0,152.0,151.0,170.2,98.0,236.6,1134000.0,899.0,737.0,110.0,981.0,0.8198,0.9422,0.9164,1005000.0,224.0,48.0,43.0,6.0,35.0,50905664.0,80254466.0,8776791.0,8490050.0,581526737.0,431413302.0,1886467.0,124003037.0,957675318.0,100.0,25032421.0,1207.0,35461609.0,2.5,237.0,16.72,22.8,51.4,0.59,58.3,33165.0,256131.0,,,,,,,,,,,,,,,,,,,,,,,,,,,,,,,,,,,,,,,,,,,,,,,,,,,,,,,,,,,,,,,,,,,,,,,,,,,,,,,,,,,,,,
National Institute of Technology Srinagar,IR-E-U-0197,2025,Engineering,data/raw/pdf/2025/Engineering/IR-E-U-0197.pdf,899.0,899.0,250.0,250.0,1149,2583.0,861.0,3444.0,1456.0,1988.0,0.0,1225.0,1914.0,0.0,2721.0,276.0,142.0,225.0,122.0,347.0,232.0,115.0,0.0,231.0,69.0,113.0,101.0,35.0,51.0,2808,983,3791,1688,2103,0,1456,1983,113,2822,311,193,2023-24,713.0,413.0,1100000.0,244.0,758.0,778.0,623.0,442.3,707.3,1011000.0,2022-23,162.0,32.0,920000.0,108.0,213.0,250.0,171.5,43.5,227.0,760000.0,875.0,445.0,352.0,1028.0,0.5086,0.9109,0.8512,1100000.0,330.0,30.0,78.0,12.0,67.0,25246509.0,47231985.0,6261517.0,139395946.0,895915850.0,725389122.0,25612560.0,277952534.0,1384208130.0,278.0,112286537.0,874.0,21365506.0,2.5,222.0,18.56,25.9,55.5,0.0,85.6,73319.0,365130.0,,,,,,,,,,,,,,,,,,,,,,,,,,,,,,,,,,,,,,,,,,,,,,,,,,,,,,,,,,,,,,,,,,,,,,,,,,,,,,,,,,,,,,
Birla Institute of Technology,IR-E-U-0202,2025,Engineering,data/raw/pdf/2025/Engineering/IR-E-U-0202.pdf,930.0,840.0,220.0,190.0,1150,3064.0,436.0,3500.0,1988.0,1438.0,74.0,631.0,1219.0,446.0,108.0,43.0,1253.0,164.0,59.0,223.0,73.0,150.0,0.0,10.0,50.0,14.0,1.0,0.0,45.0,3228,495,3723,2061,1588,74,641,1269,460,109,43,1298,2023-24,694.0,512.0,952576.0,67.0,745.0,780.0,694.3,542.7,780.0,1000186.0,2022-23,184.0,54.0,900000.0,30.0,186.0,225.0,200.5,70.0,274.0,745000.0,878.0,566.0,97.0,1005.0,0.6446,0.7551,0.8736,952576.0,352.0,82.0,48.0,7.0,46.0,13441211.0,256623042.0,10490921.0,35284852.0,1196253076.0,350118470.0,3331318.0,222206470.0,1324096035.0,176.0,94835325.0,218.0,29736436.0,2.5,280.0,14.55,13.3,42.7,1.99,16.4,59685.0,355653.0,,,,,,,,,,,,,,,,,,,,,,,,,,,,,,,,,,,,,,,,,,,,,,,,,,,,,,,,,,,,,,,,,,,,,,,,,,,,,,,,,,,,,,
Indian Institute of Technology (Indian School of Mines),IR-E-U-0205,2025,Engineering,data/raw/pdf/2025/Engineering/IR-E-U-0205.pdf,1028.0,1028.0,592.0,596.0,1717,3119.0,772.0,3891.0,301.0,3590.0,0.0,408.0,1974.0,13.0,2034.0,9.0,326.0,625.0,118.0,743.0,82.0,643.0,18.0,0.0,382.0,14.0,368.0,0.0,0.0,4100,973,5073,411,4644,18,449,2564,28,2617,9,359,2023-24,884.0,714.0,1200000.0,33.0,927.0,1028.0,818.0,715.0,936.0,1400000.0,2023-24,324.0,229.0,1000000.0,40.0,444.0,596.0,311.3,229.0,708.3,1008333.0,1287.0,1011.0,74.0,1707.0,0.7855,0.843,0.754,1200000.0,992.0,380.0,190.0,111.0,331.3,86900300.0,203212190.0,3705514.0,133980866.0,1980321612.0,1531827189.0,33203365.0,527361261.0,2884824724.0,573.0,331864981.0,215.0,82916037.0,2.5,459.0,13.21,19.2,91.5,0.35,52.3,103955.0,568662.0,97.0,97.0,356.0,83.0,439.0,28.0,411.0,0.0,41.0,208.0,1.0,215.0,0.0,33.0,2023-24,79.0,68.0,1443000.0,1.0,83.0,83.0,79.5,72.5,85.5,1899000.0,,,,,,,,,,,,,,,,,,,,,,,,,,,,,,,,,,,,,,,,,,,,,,,,,,,,,,,,,,,,,
"National Institute of Technology, Jamshedpur",IR-E-U-0207,2025,Engineering,data/raw/pdf/2025/Engineering/IR-E-U-0207.pdf,751.0,751.0,320.0,432.0,1071,2150.0,829.0,2979.0,1258.0,1686.0,35.0,414.0,1689.0,251.0,1832.0,16.0,4.0,173.0,117.0,290.0,47.0,243.0,0.0,52.0,172.0,115.0,106.0,0.0,3.0,2323,946,3269,1305,1929,35,466,1861,366,1938,16,7,2023-24,740.0,701.0,1080000.0,39.0,751.0,751.0,681.3,617.3,691.7,1056667.0,2022-23,242.0,94.0,908000.0,107.0,273.0,432.0,268.0,99.5,432.0,925000.0,982.0,795.0,146.0,1183.0,0.8096,0.9582,0.8301,1080000.0,251.0,27.0,84.0,20.0,58.0,64619296.0,37165334.0,7808673.0,117932029.0,892977412.0,470807984.0,16800642.0,230517026.0,1126808862.0,156.0,110748801.0,178.0,5494654.0,2.5,221.0,15.93,28.9,59.0,1.07,71.0,70516.0,344695.0,,,,,,,,,,,,,,,,,,,,,,,,,,,,,,,,,,,,,,,,,,,,,,,,,,,,,,,,,,,,,,,,,,,,,,,,,,,,,,,,,,,,,,
Christ University,IR-E-U-0217,2025,Engineering,data/raw/pdf/2025/Engineering/IR-E-U-0217.pdf,780.0,780.0,84.0,84.0,864,1964.0,720.0,2684.0,592.0,2073.0,19.0,276.0,269.0,12.0,391.0,3.0,139.0,84.0,34.0,118.0,42.0,76.0,0.0,22.0,39.0,0.0,35.0,1.0,25.0,2048,754,2802,634,2149,19,298,308,12,426,4,164,2023-24,465.0,86.0,500000.0,62.0,455.0,660.0,427.3,134.7,660.0,505333.0,2023-24,46.0,35.0,896000.0,4.0,48.0,84.0,40.0,26.3,100.0,650667.0,511.0,121.0,66.0,744.0,0.2368,0.3659,0.6868,500000.0,35.0,97.0,1.0,4.0,6.3,12250175.0,6254879.0,29414893.0,121565758.0,522389542.0,216705912.0,4555583.0,86363726.0,547919893.0,16.0,2554945.0,38.0,1789793.0,2.5,216.0,13.13,26.9,76.7,0.68,15.8,30822.0,195546.0,,,,,,,,,,,,,,,,,,,,,,,,,,,,,,,,,,,,,,,,,,,,,,,,,,,,,,,,,,,,,,,,,,,,,,,,,,,,,,,,,,,,,,
International Institute of Information Technology Bangalore,IR-E-U-0221,2025,Engineering,data/raw/pdf/2025/Engineering/IR-E-U-0221.pdf,,,180.0,180.0,180,,,,,,,,,,,,,268.0,92.0,360.0,30.0,329.0,1.0,1.0,0.0,0.0,1.0,0.0,0.0,268,92,360,30,329,1,1,0,0,1,0,0,,,,,,,,,,,,2022-23,110.0,102.0,2730000.0,7.0,115.0,120.0,139.0,135.6,156.0,2324800.0,110.0,102.0,7.0,120.0,0.9273,0.9909,0.9167,,73.0,21.0,8.0,3.0,10.7,16043302.0,6602237.0,1396176.0,50413969.0,280314075.0,955011703.0,47386804.0,132945465.0,1423689797.0,321.0,819083082.0,27.0,8171293.0,2.5,77.0,5.62,25.6,91.4,0.28,0.3,369293.0,3954694.0,,,,,,,,,,,,,,,,,,,,,,,,,,,,,,,,,,,,,,,,,,,,,,,,,,,,,,,,,,,,,,,,,,,,,,,,,,,,,,,,,,,,,,
"Jain university,Bangalore",IR-E-U-0223,2025,Engineering,data/raw/pdf/2025/Engineering/IR-E-U-0223.pdf,1320.0,1320.0,174.0,183.0,1494,3094.0,1641.0,4735.0,1335.0,2553.0,847.0,115.0,1735.0,1215.0,95.0,20.0,520.0,81.0,54.0,135.0,53.0,71.0,11.0,40.0,54.0,38.0,9.0,4.0,43.0,3175,1695,4870,1388,2624,858,155,1789,1253,104,24,563,2023-24,891.0,344.0,756000.0,211.0,1015.0,1260.0,927.0,384.7,1396.7,663000.0,2023-24,53.0,48.0,800000.0,4.0,56.0,183.0,67.7,53.3,193.0,792333.0,944.0,392.0,215.0,1443.0,0.4153,0.643,0.6542,756000.0,225.0,18.0,24.0,0.0,21.7,19932716.0,8745821.0,2294654.0,136285284.0,721694301.0,298200402.0,2614956.0,149030364.0,851540967.0,75.0,45237751.0,86.0,43863895.0,2.5,442.0,11.53,34.8,53.9,17.62,28.4,30602.0,174854.0,,,,,,,,,,,,,,,,,,,,,,,,,,,,,,,,,,,,,,,,,,,,,,,,,,,,,,,,,,,,,,,,,,,,,,,,,,,,,,,,,,,,,,
"National Institute of Technology Karnataka, Surathkal",IR-E-U-0237,2025,Engineering,data/raw/pdf/2025/Engineering/IR-E-U-0237.pdf,740.0,740.0,579.0,579.0,1319,3139.0,848.0,3987.0,1827.0,2141.0,19.0,1098.0,1814.0,271.0,1809.0,436.0,396.0,1143.0,371.0,1514.0,223.0,1288.0,3.0,651.0,559.0,19.0,239.0,106.0,846.0,4282,1219,5501,2050,3429,22,1749,2373,290,2048,542,1242,2023-24,986.0,756.0,1400000.0,114.0,1063.0,740.0,908.7,761.3,740.0,1394667.0,2023-24,665.0,550.0,1000000.0,32.0,694.0,579.0,647.7,569.0,579.0,1014000.0,1651.0,1306.0,146.0,1319.0,0.791,0.8795,1.2517,1400000.0,647.0,240.0,106.0,33.0,134.3,62311577.0,452001358.0,57511059.0,1039789220.0,1458058274.0,1796968475.0,9810600.0,1666343188.0,2861465090.0,680.0,282586708.0,3409.0,207166133.0,2.5,316.0,19.46,22.2,62.3,0.4,52.4,302916.0,520172.0,,,,,,,,,,,,,,,,,,,,,,,,,,,,,,,,,,,,,,,,,,,,,,,,,,,,,,,,,,,,,,,,,,,,,,,,,,,,,,,,,,,,,,
Indian Institute of Space Science and Technology,IR-E-U-0255,2025,Engineering,data/raw/pdf/2025/Engineering/IR-E-U-0255.pdf,144.0,144.0,255.0,255.0,423,464.0,60.0,524.0,35.0,489.0,0.0,84.0,250.0,103.0,155.0,0.0,76.0,194.0,70.0,264.0,42.0,222.0,0.0,12.0,117.0,120.0,9.0,0.0,0.0,747,140,887,86,801,0,109,420,247,190,0,92,2023-24,116.0,89.0,1164636.0,14.0,127.0,132.0,116.0,92.0,128.0,1110780.0,2023-24,114.0,79.0,820000.0,18.0,133.0,255.0,102.0,72.3,190.0,940000.0,252.0,186.0,32.0,409.0,0.7381,0.8651,0.6161,1164636.0,256.0,109.0,29.0,4.0,31.0,28236097.0,171144933.0,7163937.0,33208979.0,468978473.0,464487608.0,3748497.0,190017925.0,816808175.0,160.0,29943738.0,91.0,15787797.0,2.0,103.0,11.1,15.8,90.3,0.0,49.3,214225.0,920866.0,24.0,24.0,89.0,10.0,99.0,9.0,90.0,0.0,13.0,53.0,24.0,26.0,0.0,16.0,2023-24,22.0,18.0,1164636.0,0.0,22.0,22.0,20.0,16.0,21.0,1134342.0,,,,,,,,,,,,,,,,,,,,,,,,,,,,,,,,,,,,,,,,,,,,,,,,,,,,,,,,,,,,,
National Institute of Technology Calicut,IR-E-U-0263,2025,Engineering,data/raw/pdf/2025/Engineering/IR-E-U-0263.pdf,920.0,920.0,430.0,430.0,1350,2961.0,912.0,3873.0,1822.0,2018.0,33.0,991.0,2107.0,990.0,1961.0,46.0,101.0,626.0,246.0,872.0,350.0,521.0,1.0,67.0,496.0,14.0,537.0,12.0,0.0,3587,1158,4745,2172,2539,34,1058,2603,1004,2498,58,101,2023-24,902.0,799.0,1250000.0,76.0,920.0,920.0,885.7,789.7,910.0,1166667.0,2022-23,428.0,390.0,1120000.0,30.0,430.0,430.0,424.5,377.0,430.0,1050000.0,1330.0,1189.0,106.0,1350.0,0.894,0.9737,0.9852,1250000.0,810.0,33.0,94.0,0.0,91.0,63570605.0,336669641.0,21845275.0,351762529.0,1955710816.0,899892830.0,25374403.0,493748558.0,2398799761.0,377.0,122299034.0,62.0,13671604.0,2.5,361.0,15.39,24.4,53.5,0.72,75.0,104057.0,505543.0,,,,,,,,,,,,,,,,,,,,,,,,,,,,,,,,,,,,,,,,,,,,,,,,,,,,,,,,,,,,,,,,,,,,,,,,,,,,,,,,,,,,,,
Atal Bihari Vajpayee Indian Institute of Information Technology and Management,IR-E-U-0267,2025,Engineering,data/raw/pdf/2025/Engineering/IR-E-U-0267.pdf,172.0,76.0,50.0,50.0,222,324.0,71.0,395.0,28.0,340.0,27.0,46.0,175.0,92.0,14.0,4.0,111.0,33.0,9.0,42.0,10.0,32.0,0.0,9.0,14.0,0.0,14.0,2.0,7.0,357,80,437,38,372,27,55,189,92,28,6,118,2023-24,73.0,54.0,2200000.0,18.0,74.0,74.0,72.3,59.0,71.3,2140000.0,2023-24,110.0,83.0,2200000.0,25.0,119.0,119.0,71.4,55.2,84.4,1784200.0,183.0,137.0,43.0,193.0,0.7486,0.9836,0.9482,2200000.0,67.0,38.0,12.0,0.0,9.3,16526879.0,34256063.0,11563195.0,20391122.0,270319111.0,161627647.0,19153534.0,50254252.0,340870243.0,108.0,15541798.0,14.0,1857315.0,2.5,78.0,6.46,18.3,85.1,6.18,28.8,114998.0,780023.0,,,,,,,,,,,,,,,,,,,,,,,,,,,,,,,,,,,,,,,,,,,,,,,,,,,,,,,,,,,,,,,,,,,,,,,,,,,,,,,,,,,,,,
Indian Institute of Technology Indore,IR-E-U-0273,2025,Engineering,data/raw/pdf/2025/Engineering/IR-E-U-0273.pdf,397.0,360.0,345.0,270.0,742,1210.0,314.0,1524.0,230.0,1294.0,0.0,233.0,768.0,90.0,607.0,0.0,304.0,365.0,98.0,463.0,65.0,394.0,4.0,0.0,201.0,0.0,86.0,0.0,115.0,1575,412,1987,295,1688,4,233,969,90,693,0,419,2023-24,331.0,234.0,1948000.0,27.0,350.0,360.0,286.3,227.0,309.7,1972667.0,2023-24,153.0,63.0,1000000.0,49.0,193.0,270.0,160.3,69.7,256.7,933333.0,484.0,297.0,76.0,630.0,0.6136,0.7707,0.7683,1948000.0,633.0,41.0,78.0,3.0,86.0,55235239.0,177000729.0,36349590.0,57909848.0,822579933.0,724344355.0,30840722.0,308752122.0,1281916327.0,645.0,351269208.0,279.0,64041549.0,2.5,229.0,11.44,20.7,85.0,0.2,39.4,155386.0,645152.0,,,,,,,,,,,,,,,,,,,,,,,,,,,,,,,,,,,,,,,,,,,,,,,,,,,,,,,,,,,,,,,,,,,,,,,,,,,,,,,,,,,,,,
Maulana Azad National Institute of Technology,IR-E-U-0284,2025,Engineering,data/raw/pdf/2025/Engineering/IR-E-U-0284.pdf,1021.0,1021.0,578.0,578.0,1599,3210.0,848.0,4058.0,1989.0,2010.0,59.0,588.0,1998.0,2056.0,323.0,174.0,33.0,342.0,136.0,478.0,192.0,286.0,0.0,40.0,263.0,111.0,0.0,0.0,192.0,3552,984,4536,2181,2296,59,628,2261,2167,323,174,225,2023-24,963.0,863.0,1100000.0,66.0,1012.0,1021.0,905.3,791.3,922.7,1194333.0,2023-24,0.0,0.0,0.0,0.0,0.0,0.0,134.2,74.2,231.2,341800.0,963.0,863.0,66.0,1021.0,0.8962,0.9647,0.9432,1100000.0,475.0,0.0,46.0,0.0,53.7,34820947.0,55876242.0,223359599.0,169894174.0,983074998.0,488412944.0,6609004.0,327083598.0,1312539260.0,147.0,63829152.0,1419.0,88663650.0,2.5,263.0,19.05,21.7,50.6,1.3,58.7,72108.0,289361.0,,,,,,,,,,,,,,,,,,,,,,,,,,,,,,,,,,,,,,,,,,,,,,,,,,,,,,,,,,,,,,,,,,,,,,,,,,,,,,,,,,,,,,
Defence Institute of Advanced Technology,IR-E-U-0297,2025,Engineering,data/raw/pdf/2025/Engineering/IR-E-U-0297.pdf,,,478.0,466.0,478,,,,,,,,,,,,,348.0,89.0,437.0,102.0,335.0,0.0,19.0,168.0,187.0,0.0,0.0,0.0,348,89,437,102,335,0,19,168,187,0,0,0,,,,,,,,,,,,2023-24,220.0,156.0,929000.0,15.0,220.0,466.0,243.3,209.7,428.0,1626333.0,220.0,156.0,15.0,466.0,0.7091,0.7773,0.4721,,75.0,91.0,8.0,15.0,19.7,25769182.0,137924844.0,60488608.0,26207574.0,267284114.0,211124441.0,13202681.0,259238710.0,405214366.0,109.0,360305546.0,55.0,163475994.0,2.5,63.0,8.13,20.4,76.7,0.0,42.8,593224.0,927264.0,,,,,,,,,,,,,,,,,,,,,,,,,,,,,,,,,,,,,,,,,,,,,,,,,,,,,,,,,,,,,,,,,,,,,,,,,,,,,,,,,,,,,,
Indian Institute of Technology Bombay,IR-E-U-0306,2025,Engineering,data/raw/pdf/2025/Engineering/IR-E-U-0306.pdf,1161.0,1059.0,1406.0,1391.0,2647,4170.0,994.0,5164.0,1443.0,3684.0,37.0,947.0,2668.0,1227.0,539.0,419.0,1430.0,2144.0,409.0,2553.0,596.0,1957.0,0.0,275.0,1247.0,469.0,648.0,0.0,405.0,7215,1611,8826,2439,6348,39,1396,4479,1949,1533,480,1913,2023-24,990.0,731.0,1961000.0,259.0,1163.0,1030.0,820.7,655.3,909.7,1934667.0,2023-24,851.0,552.0,1540000.0,286.0,1273.0,1391.0,858.0,605.3,1375.0,1505396.0,2023.0,1439.0,571.0,2599.0,0.7113,0.9936,0.7784,1961000.0,3523.0,466.0,451.0,40.0,448.7,177105628.0,2817100804.0,0.0,92855422.0,8342255381.0,4638375571.0,247557830.0,2544744389.0,9831683111.0,4240.0,4716957519.0,3423.0,972136002.0,2.5,792.0,15.59,18.3,71.9,0.44,44.9,288324.0,1113946.0,80.0,182.0,901.0,208.0,1109.0,400.0,707.0,2.0,174.0,564.0,253.0,346.0,61.0,78.0,2023-24,182.0,156.0,1925000.0,26.0,211.0,178.0,190.5,171.5,173.0,1887500.0,,,,,,,,,,,,,,,,,,,,,,,,,,,,,,,,,,,,,,,,,,,,,,,,,,,,,,,,,,,,,
Institute of Chemical Technology,IR-E-U-0308,2025,Engineering,data/raw/pdf/2025/Engineering/IR-E-U-0308.pdf,211.0,211.0,385.0,385.0,596,669.0,271.0,940.0,827.0,110.0,3.0,119.0,319.0,258.0,0.0,51.0,129.0,310.0,270.0,580.0,413.0,167.0,0.0,15.0,338.0,270.0,0.0,0.0,83.0,979,541,1520,1240,277,3,134,657,528,0,51,212,2023-24,233.0,121.0,900000.0,60.0,234.0,211.0,227.3,114.0,211.0,833333.0,2023-24,116.0,31.0,750000.0,24.0,127.0,120.0,159.8,113.4,202.0,518200.0,349.0,152.0,84.0,331.0,0.4355,0.6762,1.0544,900000.0,334.0,55.0,62.0,11.0,59.7,15522040.0,211971151.0,600000.0,48935404.0,651340282.0,434746061.0,18480747.0,276140698.0,998566186.0,587.0,397158193.0,572.0,56521996.0,2.5,183.0,10.13,35.6,18.2,0.2,38.1,181672.0,656951.0,,,,,,,,,,,,,,,,,,,,,,,,,,,,,,,,,,,,,,,,,,,,,,,,,,,,,,,,,,,,,,,,,,,,,,,,,,,,,,,,,,,,,,
Symbiosis International,IR-E-U-0329,2025,Engineering,data/raw/pdf/2025/Engineering/IR-E-U-0329.pdf,600.0,600.0,126.0,96.0,726,1730.0,639.0,2369.0,1267.0,973.0,129.0,0.0,109.0,50.0,51.0,0.0,8.0,103.0,33.0,136.0,91.0,45.0,0.0,0.0,15.0,0.0,10.0,0.0,5.0,1833,672,2505,1358,1018,129,0,124,50,61,0,13,2023-24,452.0,406.0,950000.0,28.0,429.0,540.0,449.0,399.3,480.0,727333.0,2022-23,58.0,53.0,700000.0,2.0,63.0,84.0,48.0,42.5,81.0,587500.0,510.0,459.0,30.0,624.0,0.9,0.9588,0.8173,950000.0,226.0,44.0,43.0,48.0,82.3,14693094.0,56669591.0,27446256.0,2603705.0,374532677.0,468833236.0,19432977.0,116932300.0,662482132.0,85.0,21262871.0,18.0,1269778.0,2.5,183.0,14.92,26.8,40.6,5.15,4.4,46680.0,264464.0,,,,,,,,,,,,,,,,,,,,,,,,,,,,,,,,,,,,,,,,,,,,,,,,,,,,,,,,,,,,,,,,,,,,,,,,,,,,,,,,,,,,,,
"Visvesvaraya National Institute of Technology, Nagpur",IR-E-U-0334,2025,Engineering,data/raw/pdf/2025/Engineering/IR-E-U-0334.pdf,855.0,855.0,434.0,434.0,1289,2541.0,693.0,3234.0,1496.0,1670.0,68.0,376.0,1773.0,716.0,789.0,2.0,642.0,337.0,114.0,451.0,246.0,205.0,0.0,31.0,267.0,102.0,0.0,0.0,196.0,2878,807,3685,1742,1875,68,407,2040,818,789,2,838,2023-24,756.0,575.0,900000.0,106.0,867.0,855.0,753.3,658.0,856.7,1064000.0,2023-24,239.0,170.0,750000.0,66.0,249.0,434.0,289.0,229.7,444.7,771667.0,995.0,745.0,172.0,1289.0,0.7487,0.9216,0.7719,900000.0,429.0,109.0,75.0,20.0,77.0,19290528.0,59553885.0,282807.0,186554266.0,1518689584.0,650091324.0,29081862.0,324583092.0,1708814308.0,416.0,133477676.0,1023.0,212278513.0,2.5,266.0,15.47,21.9,50.9,1.85,43.7,88082.0,463722.0,,,,,,,,,,,,,,,,,,,,,,,,,,,,,,,,,,,,,,,,,,,,,,,,,,,,,,,,,,,,,,,,,,,,,,,,,,,,,,,,,,,,,,
Indian Institute of Technology Bhubaneswar,IR-E-U-0355,2025,Engineering,data/raw/pdf/2025/Engineering/IR-E-U-0355.pdf,353.0,355.0,296.0,246.0,772,1069.0,272.0,1341.0,61.0,1280.0,0.0,158.0,690.0,338.0,273.0,9.0,228.0,334.0,58.0,392.0,60.0,330.0,2.0,33.0,210.0,63.0,180.0,0.0,0.0,1839,442,2281,149,2130,2,246,1187,533,607,9,284,2023-24,321.0,254.0,1400000.0,41.0,335.0,355.0,291.3,245.7,309.0,1499333.0,2023-24,142.0,115.0,800000.0,15.0,157.0,246.0,144.0,121.0,246.0,1083333.0,562.0,443.0,67.0,709.0,0.7883,0.9075,0.7927,1400000.0,450.0,0.0,69.0,0.0,54.7,58806327.0,83581192.0,2198894.0,77588886.0,777904322.0,820515583.0,14004776.0,255025128.0,1245630467.0,519.0,160685607.0,487.0,78992069.0,2.5,201.0,13.59,19.4,93.4,0.09,50.4,111804.0,546090.0,123.0,120.0,436.0,112.0,548.0,28.0,520.0,0.0,55.0,287.0,132.0,154.0,0.0,56.0,2023-24,99.0,74.0,1338000.0,11.0,104.0,108.0,90.0,66.0,99.0,1469000.0,,,,,,,,,,,,,,,,,,,,,,,,,,,,,,,,,,,,,,,,,,,,,,,,,,,,,,,,,,,,,
Kalinga Institute of Industrial Technology,IR-E-U-0356,2025,Engineering,data/raw/pdf/2025/Engineering/IR-E-U-0356.pdf,3300.0,3300.0,212.0,212.0,3512,6826.0,6836.0,13662.0,97.0,12467.0,1098.0,30.0,2293.0,338.0,753.0,840.0,392.0,91.0,133.0,224.0,8.0,174.0,42.0,51.0,29.0,8.0,72.0,0.0,0.0,6917,6969,13886,105,12641,1140,81,2322,346,825,840,392,2023-24,3547.0,1236.0,740000.0,81.0,3461.0,3300.0,3651.7,1874.3,3400.0,646667.0,2023-24,120.0,115.0,800000.0,5.0,121.0,212.0,115.0,107.7,212.0,800000.0,3667.0,1351.0,86.0,3512.0,0.3684,0.3919,1.0441,740000.0,1306.0,0.0,144.0,0.0,135.0,135735758.0,548539389.0,143556483.0,187390894.0,2335833355.0,3638642640.0,237050503.0,828116412.0,4884210095.0,294.0,411187973.0,142.0,230359494.0,2.5,1078.0,14.09,50.2,91.0,8.21,14.5,59637.0,351736.0,,,,,,,,,,,,,,,,,,,,,,,,,,,,,,,,,,,,,,,,,,,,,,,,,,,,,,,,,,,,,,,,,,,,,,,,,,,,,,,,,,,,,,
National Institute of Technology Rourkela,IR-E-U-0357,2025,Engineering,data/raw/pdf/2025/Engineering/IR-E-U-0357.pdf,888.0,888.0,665.0,725.0,1553,3303.0,823.0,4126.0,1917.0,1929.0,280.0,618.0,1978.0,198.0,2210.0,46.0,142.0,769.0,192.0,961.0,158.0,786.0,17.0,211.0,533.0,0.0,744.0,0.0,0.0,4072,1015,5087,2075,2715,297,829,2511,198,2954,46,142,2023-24,1011.0,821.0,1525000.0,128.0,1131.0,888.0,877.7,752.0,793.0,1258333.0,2023-24,39.0,33.0,1000000.0,5.0,46.0,50.0,217.8,158.6,316.0,919400.0,1050.0,854.0,133.0,938.0,0.8133,0.94,1.1194,1525000.0,654.0,286.0,168.0,0.0,134.0,32045464.0,81207466.0,9887425.0,274355379.0,1394971217.0,1517895710.0,37382657.0,282511038.0,2544564921.0,351.0,184918422.0,616.0,258251940.0,2.5,403.0,14.25,20.0,53.4,5.84,62.9,55536.0,500209.0,,,,,,,,,,,,,,,,,,,,,,,,,,,,,,,,,,,,,,,,,,,,,,,,,,,,,,,,,,,,,,,,,,,,,,,,,,,,,,,,,,,,,,
Siksha `O` Anusandhan,IR-E-U-0363,2025,Engineering,data/raw/pdf/2025/Engineering/IR-E-U-0363.pdf,3180.0,2460.0,90.0,90.0,3270,4204.0,5756.0,9960.0,1532.0,8342.0,86.0,859.0,1851.0,3.0,869.0,0.0,1838.0,53.0,72.0,125.0,21.0,94.0,10.0,8.0,18.0,1.0,3.0,0.0,22.0,4257,5828,10085,1553,8436,96,867,1869,4,872,0,1860,2023-24,1903.0,1802.0,600000.0,92.0,1860.0,1860.0,1794.0,1645.0,1980.0,541667.0,2022-23,62.0,52.0,480000.0,7.0,65.0,90.0,50.0,41.5,90.0,465000.0,1965.0,1854.0,99.0,1950.0,0.9435,0.9939,1.0077,600000.0,695.0,74.0,140.0,0.0,108.0,56115964.0,881895400.0,187098454.0,177900208.0,1966393335.0,1882369542.0,61655745.0,1057762210.0,3287757829.0,212.0,77652000.0,52.0,152700000.0,2.5,709.0,15.2,57.8,83.6,0.95,8.7,104885.0,326005.0,,,,,,,,,,,,,,,,,,,,,,,,,,,,,,,,,,,,,,,,,,,,,,,,,,,,,,,,,,,,,,,,,,,,,,,,,,,,,,,,,,,,,,
Chitkara University,IR-E-U-0373,2025,Engineering,data/raw/pdf/2025/Engineering/IR-E-U-0373.pdf,2670.0,2790.0,25.0,45.0,2695,4920.0,3420.0,8340.0,1988.0,6338.0,14.0,0.0,609.0,1.0,586.0,0.0,22.0,24.0,13.0,37.0,17.0,19.0,1.0,0.0,23.0,0.0,23.0,0.0,0.0,4950,3435,8385,2012,6358,15,0,632,1,609,0,22,2023-24,1999.0,598.0,675000.0,402.0,2040.0,2040.0,1509.0,675.3,1650.0,678333.0,2022-23,0.0,0.0,0.0,0.0,0.0,0.0,0.0,0.0,0.0,0.0,2007.0,606.0,402.0,2055.0,0.3019,0.5022,0.9766,675000.0,125.0,178.0,25.0,10.0,35.0,1286495.0,20293970.0,17685205.0,116601538.0,1034303488.0,996683861.0,4316800.0,114933475.0,1704353709.0,47.0,5636176.0,9.0,6809487.0,2.5,519.0,16.4,41.0,75.8,0.18,7.3,13707.0,203262.0,,,,,,,,,,,,,,,,,,,,,,,,,,0.0,0.0,6.0,2.0,8.0,7.0,1.0,0.0,0.0,0.0,0.0,0.0,0.0,0.0,2023-24,8.0,8.0,980000.0,0.0,8.0,15.0,7.3,7.3,26.0,776667.0,,,,,,,,,,,,,,,,,,,,,,,,,,,,,,,,,,,,
"Dr. B R Ambedkar National Institute of Technology, Jalandhar",IR-E-U-0374,2025,Engineering,data/raw/pdf/2025/Engineering/IR-E-U-0374.pdf,1103.0,1112.0,380.0,634.0,1483,3444.0,999.0,4459.0,1867.0,2576.0,16.0,694.0,2312.0,0.0,2180.0,0.0,826.0,307.0,90.0,397.0,42.0,355.0,0.0,47.0,165.0,0.0,212.0,0.0,0.0,3751,1089,4856,1909,2931,16,741,2477,0,2392,0,826,2023-24,1082.0,720.0,794000.0,91.0,1094.0,1117.0,831.3,647.3,1012.3,861667.0,2023-24,292.0,121.0,1600000.0,82.0,292.0,634.0,296.3,126.3,579.7,1013333.0,1374.0,841.0,173.0,1751.0,0.6121,0.738,0.7847,794000.0,242.0,236.0,60.0,10.0,53.3,25470848.0,46033470.0,1233726.0,365337010.0,1040001873.0,561357360.0,4405930.0,236019706.0,1325957814.0,232.0,46723071.0,532.0,20127350.0,2.5,397.0,12.84,22.4,60.4,0.33,49.3,48604.0,273056.0,,,,,,,,,,,,,,,,,,,,,,,,,,,,,,,,,,,,,,,,,,,,,,,,,,,,,,,,,,,,,,,,,,,,,,,,,,,,,,,,,,,,,,
Indian Institute of Technology Ropar,IR-E-U-0378,2025,Engineering,data/raw/pdf/2025/Engineering/IR-E-U-0378.pdf,430.0,395.0,333.0,287.0,763,1211.0,303.0,1514.0,135.0,1379.0,0.0,485.0,726.0,17.0,736.0,0.0,458.0,305.0,51.0,356.0,15.0,322.0,19.0,32.0,171.0,0.0,1.0,0.0,202.0,1516,354,1870,150,1701,19,517,897,17,737,0,660,2023-24,321.0,220.0,1697000.0,63.0,356.0,370.0,295.0,232.0,332.3,1803667.0,2023-24,12.0,8.0,1219000.0,1.0,15.0,16.0,87.2,41.0,118.4,1748800.0,333.0,228.0,64.0,386.0,0.6847,0.8769,0.8627,1697000.0,917.0,56.0,113.0,2.0,77.0,59215538.0,317943911.0,5179903.0,764043847.0,728115550.0,692570430.0,65840101.0,565204383.0,1399961824.0,469.0,433798250.0,489.0,65238666.0,2.5,181.0,15.4,18.9,91.0,1.02,40.3,302248.0,748643.0,,,,,,,,,,,,,,,,,,,,,,,,,,,,,,,,,,,,,,,,,,,,,,,,,,,,,,,,,,,,,,,,,,,,,,,,,,,,,,,,,,,,,,
Lovely Professional University,IR-E-U-0379,2025,Engineering,data/raw/pdf/2025/Engineering/IR-E-U-0379.pdf,4710.0,6095.0,123.0,96.0,4833,15594.0,3046.0,18640.0,869.0,17191.0,580.0,8419.0,267.0,313.0,2676.0,0.0,5697.0,140.0,59.0,199.0,8.0,170.0,21.0,109.0,5.0,7.0,90.0,0.0,17.0,15734,3105,18839,877,17361,601,8528,272,320,2766,0,5714,2023-24,3891.0,2754.0,800000.0,158.0,4213.0,4150.0,3844.3,2899.0,3923.3,719000.0,2023-24,15.0,15.0,900000.0,0.0,16.0,20.0,69.2,56.0,77.0,840000.0,3906.0,2769.0,158.0,4170.0,0.7089,0.7494,0.9367,800000.0,351.0,309.0,53.0,102.0,112.0,29392547.0,27327110.0,137450.0,45720351.0,1127530192.0,1014429436.0,3346264.0,104944749.0,1832429257.0,423.0,20517140.0,263.0,20509542.0,2.5,1077.0,17.82,16.5,92.2,3.19,16.4,5571.0,97268.0,,,,,,,,,,,,,,,,,,,,,,,,,,,,,,,,,,,,,,,,,,,,,,,,,,,,,,,,,,,,,,,,,,,,,,,,,,,,,,,,,,,,,,
Sant Longowal Institute of Engineering & Technology,IR-E-U-0384,2025,Engineering,data/raw/pdf/2025/Engineering/IR-E-U-0384.pdf,237.0,237.0,110.0,110.0,347,1588.0,344.0,1932.0,188.0,1744.0,0.0,481.0,686.0,381.0,119.0,0.0,667.0,45.0,35.0,80.0,20.0,60.0,0.0,5.0,33.0,36.0,0.0,0.0,2.0,1633,379,2012,208,1804,0,486,719,417,119,0,669,2023-24,593.0,320.0,400000.0,48.0,257.0,237.0,583.3,366.0,237.0,400000.0,2023-24,32.0,7.0,360000.0,11.0,37.0,110.0,39.3,12.0,110.0,398333.0,625.0,327.0,59.0,347.0,0.5232,0.6176,1.8012,400000.0,76.0,65.0,11.0,6.0,24.0,13484380.0,29089872.0,14634.0,25778501.0,588577332.0,336062981.0,50740005.0,89552709.0,903388077.0,14.0,3361107.0,10.0,729971.0,2.5,169.0,12.36,18.8,89.7,0.0,26.6,44509.0,449000.0,,,,,,,,,,,,,,,,,,,,,,,,,,,,,,,,,,,,,,,,,,,,,,,,,,,,,,,,,,,,,,,,,,,,,,,,,,,,,,,,,,,,,,
Banasthali Vidyapith,IR-E-U-0389,2025,Engineering,data/raw/pdf/2025/Engineering/IR-E-U-0389.pdf,1050.0,1050.0,144.0,198.0,1194,0.0,3146.0,3146.0,251.0,2851.0,44.0,1792.0,693.0,113.0,838.0,43.0,1491.0,0.0,41.0,41.0,2.0,39.0,0.0,21.0,5.0,1.0,17.0,0.0,8.0,0,3187,3187,253,2890,44,1813,698,114,855,43,1499,2023-24,804.0,692.0,950000.0,54.0,810.0,930.0,847.3,771.7,930.0,868333.0,2022-23,43.0,12.0,725000.0,10.0,44.0,162.0,43.5,15.5,162.0,642500.0,847.0,704.0,64.0,1092.0,0.8312,0.9067,0.7756,950000.0,231.0,0.0,69.0,0.0,58.7,14706114.0,74693198.0,27950359.0,13438936.0,705691245.0,271647053.0,2877583.0,128955081.0,852015912.0,17.0,48842972.0,10.0,30123030.0,2.5,312.0,10.96,100.0,90.7,1.38,31.8,40463.0,267341.0,,,,,,,,,,,,,,,,,,,,,,,,,,,,,,,,,,,,,,,,,,,,,,,,,,,,,,,,,,,,,,,,,,,,,,,,,,,,,,,,,,,,,,
Birla Institute of Technology & Science -Pilani,IR-E-U-0391,2025,Engineering,data/raw/pdf/2025/Engineering/IR-E-U-0391.pdf,2003.0,2961.0,486.0,620.0,2489,9088.0,1397.0,10485.0,1907.0,8180.0,398.0,1395.0,527.0,0.0,84.0,0.0,1838.0,880.0,242.0,1122.0,180.0,942.0,0.0,552.0,241.0,0.0,0.0,0.0,793.0,9968,1639,11607,2087,9122,398,1947,768,0,84,0,2631,2023-24,2759.0,2458.0,1800000.0,283.0,2806.0,2806.0,2775.0,2457.0,2805.3,1840000.0,2022-23,660.0,632.0,1650000.0,16.0,664.0,664.0,679.5,622.5,684.0,1565000.0,3419.0,3090.0,299.0,3470.0,0.9038,0.9912,0.9853,1800000.0,588.0,264.0,73.0,18.0,85.0,152689864.0,1165650385.0,13269700.0,366113895.0,3725161835.0,3426103337.0,40912932.0,998056147.0,5532927750.0,645.0,245345173.0,137.0,35685600.0,2.5,810.0,15.06,14.1,78.6,3.43,0.7,85987.0,476689.0,,,,,,,,,,,,,,,,,,,,,,,,,,,,,,,,,,,,,,,,,,,,,,,,,,,,,,,,,,,,,,,,,,,,,,,,,,,,,,,,,,,,,,
Indian Institute of Technology Jodhpur,IR-E-U-0395,2025,Engineering,data/raw/pdf/2025/Engineering/IR-E-U-0395.pdf,510.0,530.0,276.0,229.0,797,1565.0,365.0,1930.0,429.0,1501.0,0.0,291.0,967.0,155.0,663.0,44.0,396.0,347.0,107.0,454.0,50.0,404.0,0.0,115.0,208.0,2.0,69.0,4.0,248.0,1919,476,2395,480,1915,0,413,1176,157,732,48,652,2023-24,418.0,322.0,1200000.0,94.0,456.0,490.0,312.3,247.3,363.0,1433333.0,2023-24,159.0,122.0,800013.0,36.0,229.0,229.0,143.0,102.5,202.5,975006.0,577.0,444.0,130.0,719.0,0.7695,0.9948,0.8025,1200000.0,788.0,132.0,25.0,0.0,21.0,86170909.0,610190453.0,1978328.0,195527316.0,1174417450.0,1954921058.0,20118872.0,788803436.0,2368060051.0,849.0,457284205.0,212.0,150564517.0,2.5,289.0,11.01,19.9,80.0,0.0,39.1,329354.0,988752.0,,,,,,,,,,,,,,,,,,,,,,,,,,11.0,0.0,7.0,4.0,11.0,1.0,10.0,0.0,7.0,1.0,0.0,0.0,0.0,8.0,2023-24,0.0,0.0,0.0,0.0,0.0,0.0,0.0,0.0,0.0,0.0,,,,,,,,,,,,,,,,,,,,,,,,,,,,,,,,,,,,
Malaviya National Institute of Technology,IR-E-U-0410,2025,Engineering,data/raw/pdf/2025/Engineering/IR-E-U-0410.pdf,811.0,811.0,404.0,511.0,1215,2634.0,701.0,3335.0,1593.0,1672.0,70.0,292.0,1615.0,47.0,1483.0,8.0,369.0,504.0,127.0,631.0,271.0,358.0,2.0,43.0,281.0,0.0,324.0,0.0,0.0,3138,828,3966,1864,2030,72,335,1896,47,1807,8,369,2023-24,733.0,603.0,1100000.0,18.0,845.0,832.0,712.3,607.7,763.7,1050000.0,2023-24,260.0,195.0,800000.0,28.0,330.0,511.0,339.3,241.0,552.3,905667.0,993.0,798.0,46.0,1343.0,0.8036,0.8499,0.7394,1100000.0,559.0,260.0,92.0,36.0,100.7,38684085.0,142278762.0,5608988.0,156894460.0,1041118223.0,645896852.0,9474702.0,223940931.0,1460965086.0,109.0,216617747.0,1400.0,112012592.0,2.5,328.0,13.8,20.9,51.2,1.82,46.9,56465.0,368372.0,,,,,,,,,,,,,,,,,,,,,,,,,,,,,,,,,,,,,,,,,,,,,,,,,,,,,,,,,,,,,,,,,,,,,,,,,,,,,,,,,,,,,,
Amrita Vishwa Vidyapeetham,IR-E-U-0436,2025,Engineering,data/raw/pdf/2025/Engineering/IR-E-U-0436.pdf,3990.0,3180.0,744.0,800.0,4734,10484.0,3561.0,14045.0,4147.0,9471.0,427.0,2618.0,2844.0,12.0,2949.0,0.0,2501.0,511.0,230.0,741.0,182.0,520.0,39.0,209.0,129.0,0.0,183.0,5.0,150.0,10995,3791,14786,4329,9991,466,2827,2973,12,3132,5,2651,2023-24,2634.0,1879.0,775000.0,623.0,2634.0,2580.0,2319.7,1778.0,2460.0,649667.0,2022-23,488.0,410.0,919600.0,32.0,542.0,1039.0,584.5,449.5,850.5,780050.0,3122.0,2289.0,655.0,3619.0,0.7332,0.943,0.8627,775000.0,376.0,734.0,65.0,28.0,60.7,141944351.0,201735686.0,0.0,1756834974.0,2398050755.0,2737848937.0,23495399.0,1540872227.0,3897447654.0,172.0,701412628.0,162.0,122838075.0,2.5,1077.0,14.08,25.6,67.6,3.15,21.3,104212.0,263590.0,,,,,,,,,,,,,,,,,,,,,,,,,,,,,,,,,,,,,,,,,,,,,,,,,,,,,,,,,,,,,,,,,,,,,,,,,,,,,,,,,,,,,,
Anna University,IR-E-U-0439,2025,Engineering,data/raw/pdf/2025/Engineering/IR-E-U-0439.pdf,2380.0,2380.0,1227.0,1450.0,3607,5610.0,3524.0,9134.0,8893.0,160.0,81.0,376.0,8020.0,1240.0,2243.0,387.0,4526.0,745.0,579.0,1324.0,1279.0,44.0,1.0,90.0,1195.0,294.0,414.0,2.0,575.0,6355,4103,10458,10172,204,82,466,9215,1534,2657,389,5101,2023-24,1588.0,1149.0,800000.0,189.0,1734.0,2470.0,2060.7,1470.3,2560.0,726667.0,2022-23,589.0,333.0,630000.0,34.0,724.0,1407.0,642.5,287.0,1426.0,590000.0,2177.0,1482.0,223.0,3877.0,0.6808,0.7832,0.5615,800000.0,1113.0,623.0,147.0,61.0,236.0,9336427.0,302135061.0,2624920.0,18345223.0,3173383106.0,558724720.0,34558630.0,298856280.0,3409383234.0,304.0,358313594.0,2743.0,379383164.0,2.5,809.0,14.3,39.2,2.0,0.78,43.8,28577.0,326007.0,,,,,,,,,,,,,,,,,,,,,,,,,,,,,,,,,,,,,,,,,,,,,,,,,,,,,,,,,,,,,,,,,,,,,,,,,,,,,,,,,,,,,,
Indian Institute of Technology Madras,IR-E-U-0456,2025,Engineering,data/raw/pdf/2025/Engineering/IR-E-U-0456.pdf,961.0,877.0,511.0,670.0,1810,2824.0,765.0,3589.0,667.0,2920.0,2.0,432.0,1876.0,208.0,1102.0,536.0,462.0,995.0,176.0,1171.0,166.0,979.0,26.0,348.0,548.0,93.0,715.0,88.0,0.0,5203,1250,6453,1278,5140,35,975,3103,339,2397,784,558,2023-24,714.0,549.0,1750000.0,153.0,929.0,877.0,580.3,447.3,709.0,1704480.0,2023-24,471.0,448.0,1500000.0,13.0,566.0,670.0,404.3,374.3,563.7,1433333.0,1558.0,1275.0,223.0,1949.0,0.8184,0.9615,0.7994,1750000.0,1798.0,200.0,289.0,25.0,275.3,268746540.0,4831269000.0,15221031.0,806445055.0,6606258824.0,9352587670.0,116334120.0,5949803643.0,14580232269.0,2057.0,6835340038.0,3745.0,2920417025.0,2.5,686.0,12.03,19.4,79.7,0.54,54.5,922021.0,2259450.0,93.0,177.0,961.0,225.0,1186.0,309.0,877.0,0.0,157.0,503.0,38.0,416.0,110.0,96.0,2023-24,244.0,215.0,1940000.0,24.0,150.0,157.0,351.7,297.3,295.7,1845333.0,245.0,245.0,423.0,84.0,507.0,136.0,364.0,7.0,38.0,176.0,0.0,164.0,50.0,0.0,2023-24,129.0,63.0,1225000.0,33.0,301.0,245.0,152.0,107.3,245.0,1408333.0,,,,,,,,,,,,,,,,,,,,,,,,,,,,,,,,,,,,
Kalasalingam Academy of Research and Education,IR-E-U-0458,2025,Engineering,data/raw/pdf/2025/Engineering/IR-E-U-0458.pdf,1803.0,1719.0,108.0,108.0,1911,3135.0,3438.0,6573.0,1551.0,4800.0,222.0,1230.0,5018.0,110.0,2800.0,303.0,3035.0,85.0,134.0,219.0,73.0,146.0,0.0,59.0,121.0,18.0,67.0,23.0,72.0,3220,3572,6792,1624,4946,222,1289,5139,128,2867,326,3107,2023-24,1476.0,1359.0,610000.0,52.0,1456.0,1470.0,1324.7,1241.7,1350.0,611667.0,2022-23,107.0,104.0,700000.0,3.0,107.0,108.0,118.0,106.5,120.0,692000.0,1583.0,1463.0,55.0,1578.0,0.9242,0.9589,1.0032,610000.0,416.0,101.0,94.0,24.0,98.0,23157403.0,81182440.0,33628717.0,140894662.0,928471349.0,632904525.0,89461402.0,279159343.0,1531059938.0,285.0,16305973.0,309.0,55621344.0,2.5,489.0,14.74,52.6,72.8,3.27,48.9,41101.0,225421.0,,,,,,,,,,,,,,,,,,,,,,,,,,,,,,,,,,,,,,,,,,,,,,,,,,,,,,,,,,,,,,,,,,,,,,,,,,,,,,,,,,,,,,
National Institute of Technology Tiruchirappalli,IR-E-U-0467,2025,Engineering,data/raw/pdf/2025/Engineering/IR-E-U-0467.pdf,964.0,964.0,658.0,658.0,1622,3337.0,950.0,4287.0,1858.0,2285.0,144.0,554.0,2216.0,68.0,2130.0,37.0,535.0,853.0,156.0,1009.0,78.0,926.0,5.0,146.0,589.0,5.0,730.0,0.0,0.0,4190,1106,5296,1936,3211,149,700,2805,73,2860,37,535,2023-24,1029.0,791.0,1435000.0,158.0,1081.0,964.0,989.7,763.0,898.7,1403667.0,2023-24,523.0,472.0,950000.0,13.0,523.0,658.0,547.5,499.5,673.0,950000.0,1552.0,1263.0,171.0,1622.0,0.8138,0.924,0.9568,1435000.0,649.0,172.0,136.0,49.0,148.3,48246479.0,120177797.0,100000.0,574093111.0,2290968575.0,1154849874.0,9543340.0,647046961.0,2764337537.0,124.0,134317910.0,1853.0,66856496.0,2.5,320.0,18.58,20.9,60.6,2.81,56.1,122177.0,521967.0,,,,,,,,,,,,,,,,,,,,,,,,,,,,,,,,,,,,,,,,,,,,,,,,,,,,,,,,,,,,,,,,,,,,,,,,,,,,,,,,,,,,,,
S.R.M. Institute of Science and Technology,IR-E-U-0473,2025,Engineering,data/raw/pdf/2025/Engineering/IR-E-U-0473.pdf,5520.0,5040.0,1197.0,862.0,6717,13211.0,7431.0,20642.0,2244.0,17752.0,646.0,4128.0,3922.0,45.0,1305.0,101.0,6599.0,381.0,205.0,586.0,75.0,486.0,25.0,117.0,111.0,2.0,225.0,0.0,1.0,13592,7636,21228,2319,18238,671,4245,4033,47,1530,101,6600,2023-24,4552.0,4210.0,620000.0,212.0,4632.0,5550.0,4335.7,4067.0,5680.0,559667.0,2023-24,0.0,0.0,0.0,0.0,0.0,0.0,134.8,127.8,304.6,230000.0,4552.0,4210.0,212.0,5550.0,0.9249,0.9714,0.8202,620000.0,821.0,673.0,151.0,128.0,239.7,165217117.0,646091459.0,0.0,155516577.0,3680311171.0,3257106755.0,21368221.0,901293087.0,6171979543.0,495.0,120521707.0,907.0,26792861.0,2.5,1661.0,13.27,36.0,85.9,3.16,7.9,42458.0,290747.0,,,,,,,,,,,,,,,,,,,,,,,,,,,,,,,,,,,,,,,,,,,,,,,,,,,,,,,,,,,,,,,,,,,,,,,,,,,,,,,,,,,,,,
Sathyabama Institute of Science and Technology,IR-E-U-0474,2025,Engineering,data/raw/pdf/2025/Engineering/IR-E-U-0474.pdf,2970.0,2730.0,150.0,150.0,3120,6608.0,4612.0,11220.0,1486.0,9608.0,126.0,1619.0,6412.0,0.0,1148.0,301.0,6582.0,98.0,193.0,291.0,93.0,198.0,0.0,23.0,151.0,0.0,133.0,14.0,27.0,6706,4805,11511,1579,9806,126,1642,6563,0,1281,315,6609,2023-24,2801.0,1502.0,600000.0,201.0,2940.0,2940.0,2165.3,1348.0,2780.0,502367.0,2022-23,142.0,83.0,550000.0,36.0,146.0,150.0,140.5,86.0,150.0,520000.0,2943.0,1585.0,237.0,3090.0,0.5386,0.6191,0.9524,600000.0,446.0,362.0,39.0,55.0,92.7,55940926.0,463157932.0,1542159.0,279234142.0,1261527415.0,261781217.0,4125700.0,656272278.0,1452952196.0,377.0,130158858.0,329.0,31579139.0,2.5,1092.0,10.95,41.7,85.2,1.09,13.9,57013.0,126223.0,,,,,,,,,,,,,,,,,,,,,,,,,,,,,,,,,,,,,,,,,,,,,,,,,,,,,,,,,,,,,,,,,,,,,,,,,,,,,,,,,,,,,,
Shanmugha Arts Science Technology & Research Academy,IR-E-U-0476,2025,Engineering,data/raw/pdf/2025/Engineering/IR-E-U-0476.pdf,2605.0,2220.0,99.0,81.0,2704,4861.0,4104.0,8965.0,2187.0,6758.0,20.0,2618.0,1924.0,160.0,2744.0,24.0,1614.0,112.0,74.0,186.0,154.0,32.0,0.0,51.0,45.0,10.0,5.0,3.0,78.0,4973,4178,9151,2341,6790,20,2669,1969,170,2749,27,1692,2023-24,1823.0,1621.0,760000.0,131.0,1916.0,1920.0,1793.3,1595.3,1880.0,756667.0,2023-24,20.0,10.0,550000.0,5.0,23.0,48.0,58.2,38.4,66.2,550000.0,1843.0,1631.0,136.0,1968.0,0.885,0.9588,0.9365,760000.0,652.0,112.0,132.0,0.0,114.0,53456197.0,274876645.0,0.0,504937398.0,989495615.0,1752400187.0,60095199.0,1121753766.0,1962848524.0,240.0,300289390.0,666.0,293643443.0,2.5,680.0,14.42,45.7,74.2,0.22,32.2,122583.0,214496.0,,,,,,,,,,,,,,,,,,,,,,,,,,,,,,,,,,,,,,,,,,,,,,,,,,,,,,,,,,,,,,,,,,,,,,,,,,,,,,,,,,,,,,
Vel Tech Rangarajan Dr. Sagunthala R & D Institute of Science and Technology,IR-E-U-0489,2025,Engineering,data/raw/pdf/2025/Engineering/IR-E-U-0489.pdf,2364.0,2364.0,216.0,216.0,2580,7524.0,1938.0,9462.0,1314.0,8029.0,119.0,1229.0,2393.0,0.0,2564.0,0.0,1058.0,178.0,38.0,216.0,166.0,50.0,0.0,0.0,186.0,0.0,0.0,0.0,186.0,7702,1976,9678,1480,8079,119,1229,2579,0,2564,0,1244,2023-24,1596.0,785.0,400000.0,326.0,1701.0,2220.0,1914.0,1041.0,2340.0,394333.0,2022-23,86.0,79.0,500000.0,1.0,99.0,216.0,91.0,85.0,285.0,500000.0,1682.0,864.0,327.0,2436.0,0.5137,0.7081,0.6905,400000.0,179.0,407.0,13.0,57.0,52.7,1668132.0,54262109.0,0.0,50912317.0,821877836.0,428637805.0,2574126.0,69164686.0,925389392.0,85.0,54160322.0,206.0,8189766.0,2.5,674.0,14.62,20.4,83.5,1.23,26.5,7147.0,95618.0,,,,,,,,,,,,,,,,,,,,,,,,,,,,,,,,,,,,,,,,,,,,,,,,,,,,,,,,,,,,,,,,,,,,,,,,,,,,,,,,,,,,,,
Vellore Institute of Technology,IR-E-U-0490,2025,Engineering,data/raw/pdf/2025/Engineering/IR-E-U-0490.pdf,8190.0,7620.0,1320.0,1563.0,9510,27684.0,8273.0,35957.0,8458.0,26123.0,1376.0,9646.0,11081.0,17.0,267.0,0.0,20443.0,1802.0,798.0,2600.0,895.0,1689.0,16.0,771.0,1347.0,214.0,0.0,0.0,1904.0,29486,9071,38557,9353,27812,1392,10417,12428,231,267,0,22347,2023-24,5964.0,4031.0,899000.0,1255.0,6194.0,7500.0,6398.0,4388.7,7406.7,866333.0,2023-24,918.0,679.0,870000.0,51.0,945.0,900.0,975.0,746.2,1058.4,764000.0,6882.0,4710.0,1306.0,8400.0,0.6844,0.8742,0.8193,899000.0,2432.0,480.0,221.0,7.0,213.3,104893369.0,659556045.0,8628067.0,824821570.0,5907198672.0,2357361490.0,7715276.0,1090679454.0,6584464113.0,450.0,213083134.0,732.0,29360176.0,2.5,3154.0,13.0,23.5,72.1,3.61,1.3,28287.0,170772.0,,,,,,,,,,,,,,,,,,,,,,,,,,,,,,,,,,,,,,,,,,,,,,,,,,,,,,,,,,,,,,,,,,,,,,,,,,,,,,,,,,,,,,
Aligarh Muslim University,IR-E-U-0496,2025,Engineering,data/raw/pdf/2025/Engineering/IR-E-U-0496.pdf,365.0,365.0,349.0,325.0,714,1565.0,316.0,1881.0,1480.0,399.0,2.0,698.0,613.0,495.0,60.0,115.0,641.0,463.0,105.0,568.0,452.0,111.0,5.0,111.0,165.0,142.0,1.0,9.0,124.0,2028,421,2449,1932,510,7,809,778,637,61,124,765,2023-24,352.0,196.0,600000.0,156.0,449.0,365.0,372.0,271.7,365.0,583333.0,2022-23,134.0,18.0,587000.0,53.0,287.0,325.0,118.5,15.5,320.5,531000.0,486.0,214.0,209.0,690.0,0.4403,0.8704,0.7043,600000.0,210.0,23.0,40.0,6.0,43.7,6340015.0,22971315.0,788019.0,6640000.0,1221925654.0,38406673.0,1470071.0,31706881.0,1176041781.0,36.0,76846100.0,167.0,34606669.0,2.5,217.0,12.25,17.2,20.8,0.29,33.6,12947.0,480213.0,,,,,,,,,,,,,,,,,,,,,,,,,,,,,,,,,,,,,,,,,,,,,,,,,,,,,,,,,,,,,,,,,,,,,,,,,,,,,,,,,,,,,,
Amity University,IR-E-U-0497,2025,Engineering,data/raw/pdf/2025/Engineering/IR-E-U-0497.pdf,1830.0,1775.0,297.0,277.0,2127,3159.0,1903.0,5062.0,1336.0,3692.0,34.0,111.0,748.0,0.0,89.0,0.0,770.0,183.0,106.0,289.0,106.0,177.0,6.0,58.0,76.0,0.0,5.0,0.0,129.0,3342,2009,5351,1442,3869,40,169,824,0,94,0,899,2023-24,1033.0,589.0,600000.0,113.0,1048.0,1140.0,1306.7,1004.7,1540.0,560000.0,2023-24,58.0,46.0,500000.0,4.0,59.0,60.0,96.0,77.4,120.0,472600.0,1091.0,635.0,117.0,1200.0,0.582,0.6893,0.9092,600000.0,341.0,662.0,63.0,99.0,141.0,18676042.0,6415580.0,0.0,72472845.0,851462348.0,1341202159.0,25102844.0,66979827.0,2005788798.0,207.0,87196191.0,18.0,2400058.0,2.5,409.0,13.92,37.5,72.3,0.75,1.8,12517.0,374844.0,,,,,,,,,,,,,,,,,,,,,,,,,,,,,,,,,,,,,,,,,,,,,,,,,,,,,,,,,,,,,,,,,,,,,,,,,,,,,,,,,,,,,,
Motilal Nehru National Institute of Technology,IR-E-U-0530,2025,Engineering,data/raw/pdf/2025/Engineering/IR-E-U-0530.pdf,1104.0,1074.0,595.0,595.0,1699,3678.0,900.0,4578.0,2166.0,2261.0,151.0,1327.0,2078.0,1021.0,2262.0,78.0,44.0,535.0,114.0,649.0,357.0,292.0,0.0,61.0,197.0,258.0,0.0,0.0,0.0,4213,1014,5227,2523,2553,151,1388,2275,1279,2262,78,44,2023-24,1050.0,968.0,1200000.0,36.0,1067.0,1074.0,948.0,846.3,1011.3,1366667.0,2023-24,342.0,294.0,800000.0,20.0,366.0,595.0,394.3,229.3,595.0,950000.0,1392.0,1262.0,56.0,1669.0,0.9066,0.9468,0.834,1200000.0,437.0,168.0,68.0,24.0,69.7,40117830.0,62087891.0,1199504.0,64367666.0,1086305265.0,951302532.0,6348126.0,308752940.0,1958301400.0,211.0,83609448.0,1307.0,85702061.0,2.5,262.0,21.62,19.4,48.8,2.89,69.2,59069.0,374651.0,,,,,,,,,,,,,,,,,,,,,,,,,,,,,,,,,,,,,,,,,,,,,,,,,,,,,,,,,,,,,,,,,,,,,,,,,,,,,,,,,,,,,,
Rajiv Gandhi Institute of Petroleum Technology,IR-E-U-0535,2025,Engineering,data/raw/pdf/2025/Engineering/IR-E-U-0535.pdf,429.0,409.0,9.0,7.0,438,1045.0,182.0,1227.0,458.0,762.0,7.0,246.0,530.0,115.0,82.0,6.0,573.0,13.0,3.0,16.0,10.0,6.0,0.0,0.0,7.0,0.0,1.0,0.0,6.0,1058,185,1243,468,768,7,246,537,115,83,6,579,2023-24,157.0,82.0,900000.0,75.0,182.0,182.0,128.7,81.3,140.3,850000.0,2023-24,0.0,0.0,0.0,0.0,0.0,0.0,19.8,11.4,20.0,212000.0,157.0,82.0,75.0,182.0,0.5223,1.0,0.8626,900000.0,168.0,62.0,20.0,5.0,18.3,4220711.0,272655685.0,2223451.0,40228474.0,403267026.0,239762326.0,7533458.0,210865976.0,525518351.0,278.0,78053527.0,23.0,8471983.0,2.5,118.0,11.96,14.9,61.8,0.56,16.4,169643.0,422782.0,,,,,,,,,,,,,,,,,,,,,,,,,,,,,,,,,,,,,,,,,,,,,,,,,,,,,,,,,,,,,,,,,,,,,,,,,,,,,,,,,,,,,,
Graphic Era University,IR-E-U-0555,2025,Engineering,data/raw/pdf/2025/Engineering/IR-E-U-0555.pdf,1350.0,1110.0,90.0,90.0,1440,3236.0,1431.0,4667.0,2167.0,2450.0,50.0,280.0,742.0,0.0,280.0,0.0,742.0,63.0,28.0,91.0,63.0,28.0,0.0,20.0,17.0,0.0,20.0,0.0,17.0,3299,1459,4758,2230,2478,50,300,759,0,300,0,759,2023-24,916.0,452.0,500000.0,68.0,1118.0,1110.0,863.0,501.0,1090.0,574274.0,2022-23,35.0,18.0,630000.0,10.0,41.0,72.0,43.5,27.0,72.0,632500.0,951.0,470.0,78.0,1182.0,0.4942,0.5762,0.8046,500000.0,54.0,220.0,6.0,10.0,18.3,118384387.0,5784450.0,5051514.0,60474868.0,669728471.0,362141597.0,8146682.0,219165784.0,928973835.0,81.0,8471953.0,76.0,67030072.0,2.5,360.0,13.37,30.7,52.1,1.05,6.3,46063.0,195245.0,,,,,,,,,,,,,,,,,,,,,,,,,,,,,,,,,,,,,,,,,,,,,,,,,,,,,,,,,,,,,,,,,,,,,,,,,,,,,,,,,,,,,,
Indian Institute of Technology Roorkee,IR-E-U-0560,2025,Engineering,data/raw/pdf/2025/Engineering/IR-E-U-0560.pdf,1100.0,1100.0,961.0,883.0,2061,3563.0,899.0,4462.0,96.0,4361.0,5.0,443.0,2240.0,126.0,1992.0,1.0,564.0,1200.0,336.0,1536.0,57.0,1328.0,151.0,175.0,727.0,0.0,902.0,0.0,0.0,4763,1235,5998,153,5689,156,618,2967,126,2894,1,564,2023-24,1102.0,769.0,1700000.0,333.0,1116.0,1143.0,945.7,746.3,993.7,1789667.0,2023-24,128.0,68.0,2100000.0,60.0,145.0,145.0,321.6,145.4,411.0,1808800.0,1230.0,837.0,393.0,1288.0,0.6805,1.0,0.955,1700000.0,2806.0,18.0,141.0,4.0,154.0,266856371.0,1350582040.0,128418129.0,862282938.0,4115010448.0,1493166702.0,86466154.0,1791131952.0,5039495369.0,632.0,974821500.0,2932.0,777482302.0,2.5,601.0,14.65,20.6,94.8,2.6,50.4,298622.0,840196.0,,,,,,,,,,,,,,,,,,,,,,,,,,,,,,,,,,,,,,,,,,,,,,,,,,,,,,,,,,,,,,,,,,,,,,,,,,,,,,,,,,,,,,
UPES,IR-E-U-0564,2025,Engineering,data/raw/pdf/2025/Engineering/IR-E-U-0564.pdf,2225.0,1470.0,75.0,225.0,2300,4937.0,1516.0,6453.0,1346.0,5100.0,7.0,985.0,387.0,0.0,48.0,0.0,1324.0,106.0,20.0,126.0,17.0,109.0,0.0,7.0,25.0,0.0,0.0,0.0,32.0,5043,1536,6579,1363,5209,7,992,412,0,48,0,1356,2023-24,1272.0,1158.0,650000.0,8.0,1505.0,1260.0,1253.0,940.0,1318.3,600000.0,2023-24,177.0,155.0,600000.0,0.0,225.0,225.0,178.3,157.0,195.0,596000.0,1449.0,1313.0,8.0,1485.0,0.9061,0.9117,0.9758,650000.0,165.0,94.0,3.0,32.0,24.7,136684119.0,53500388.0,2232560.0,55554978.0,1283461590.0,1890405155.0,24269169.0,175931543.0,2561679781.0,49.0,26002398.0,115.0,15088210.0,2.5,497.0,13.57,23.3,79.2,0.11,0.7,26741.0,389372.0,,,,,,,,,,,,,,,,,,,,,,,,,,,,,,,,,,,,,,,,,,,,,,,,,,,,,,,,,,,,,,,,,,,,,,,,,,,,,,,,,,,,,,
Indian Institute of Technology Kharagpur,IR-E-U-0573,2025,Engineering,data/raw/pdf/2025/Engineering/IR-E-U-0573.pdf,941.0,943.0,1471.0,1455.0,3021,2706.0,597.0,3303.0,469.0,2820.0,14.0,331.0,1677.0,0.0,1237.0,0.0,771.0,2078.0,413.0,2491.0,415.0,2052.0,24.0,270.0,1393.0,0.0,1663.0,0.0,0.0,7726,1608,9334,1337,7952,45,894,4874,0,4997,0,771,2023-24,679.0,517.0,1976000.0,83.0,717.0,942.0,569.7,451.3,801.0,2083667.0,2023-24,815.0,471.0,1400000.0,160.0,1054.0,1455.0,941.7,505.3,1751.0,1333333.0,2132.0,1430.0,340.0,2889.0,0.6707,0.8302,0.738,1976000.0,3409.0,0.0,494.0,0.0,404.7,228730626.0,1489775765.0,0.0,292391110.0,5632522335.0,4213502304.0,159130647.0,1477265775.0,9278936786.0,2779.0,1714462439.0,1660.0,350097070.0,2.5,868.0,14.68,17.2,85.2,0.48,53.5,158267.0,994101.0,609.0,569.0,2942.0,598.0,3540.0,453.0,3080.0,7.0,293.0,1804.0,0.0,2097.0,0.0,0.0,2023-24,638.0,442.0,2043000.0,97.0,662.0,492.0,709.5,544.5,568.5,1921500.0,,,,,,,,,,,,,,,,,,,,,,,,,,,,,,,,,,,,,,,,,,,,,,,,,,,,,,,,,,,,,
Jadavpur University,IR-E-U-0575,2025,Engineering,data/raw/pdf/2025/Engineering/IR-E-U-0575.pdf,1150.0,1150.0,623.0,547.0,1773,4184.0,471.0,4655.0,3914.0,734.0,7.0,782.0,2064.0,2368.0,467.0,5.0,6.0,779.0,229.0,1008.0,797.0,210.0,1.0,364.0,321.0,590.0,3.0,2.0,90.0,4963,700,5663,4711,944,8,1146,2385,2958,470,7,96,2023-24,868.0,790.0,1050000.0,75.0,1025.0,1150.0,979.3,860.3,1150.0,1016667.0,2022-23,314.0,172.0,910000.0,142.0,444.0,540.0,339.5,215.0,524.0,910000.0,1182.0,962.0,217.0,1690.0,0.8139,0.9975,0.6994,1050000.0,1072.0,0.0,129.0,0.0,132.0,81679959.0,66465930.0,768636.0,19443712.0,1186392330.0,958482021.0,22897438.0,127696924.0,2052655988.0,366.0,226723355.0,6547.0,246175648.0,2.5,461.0,14.61,12.4,16.7,0.14,60.7,22549.0,362468.0,,,,,,,,,,,,,,,,,,,,,,,,,,,,,,,,,,,,,,,,,,,,,,,,,,,,,,,,,,,,,,,,,,,,,,,,,,,,,,,,,,,,,,
National Institute of Technology Durgapur,IR-E-U-0577,2025,Engineering,data/raw/pdf/2025/Engineering/IR-E-U-0577.pdf,876.0,876.0,305.0,305.0,1195,2680.0,767.0,3447.0,1381.0,1989.0,77.0,551.0,1695.0,451.0,1788.0,7.0,0.0,263.0,92.0,355.0,117.0,235.0,3.0,27.0,215.0,0.0,242.0,0.0,0.0,2978,877,3855,1526,2249,80,586,1941,454,2066,7,0,2023-24,810.0,566.0,1124000.0,244.0,873.0,876.0,757.0,595.0,788.7,1101333.0,2023-24,192.0,90.0,1121000.0,102.0,210.0,305.0,238.0,115.3,355.0,985333.0,1011.0,663.0,348.0,1191.0,0.6558,1.0,0.8489,1124000.0,424.0,190.0,80.0,6.0,82.3,104695000.0,34653626.0,0.0,27594000.0,1346277937.0,336276063.0,1134096.0,190479823.0,1571883114.0,419.0,178485338.0,177.0,27267099.0,2.5,283.0,15.12,22.7,58.3,2.08,65.6,49411.0,407752.0,14.0,14.0,35.0,18.0,53.0,28.0,25.0,0.0,8.0,31.0,3.0,36.0,0.0,0.0,2023-24,9.0,7.0,681000.0,2.0,9.0,10.0,8.5,5.0,10.0,695500.0,,,,,,,,,,,,,,,,,,,,,,,,,,,,,,,,,,,,,,,,,,,,,,,,,,,,,,,,,,,,,
"Indian Institute of Engineering Science and Technology, Shibpur",IR-E-U-0584,2025,Engineering,data/raw/pdf/2025/Engineering/IR-E-U-0584.pdf,740.0,740.0,420.0,426.0,1160,2192.0,572.0,2764.0,1304.0,1421.0,39.0,344.0,1317.0,527.0,859.0,80.0,195.0,197.0,38.0,235.0,176.0,59.0,0.0,17.0,91.0,51.0,0.0,0.0,57.0,2389,610,2999,1480,1480,39,361,1408,578,859,80,252,2023-24,617.0,530.0,850000.0,78.0,736.0,740.0,597.3,525.3,677.3,810000.0,2023-24,127.0,85.0,750000.0,39.0,180.0,426.0,196.0,117.7,426.0,750000.0,744.0,615.0,117.0,1166.0,0.8266,0.9839,0.6381,850000.0,747.0,0.0,94.0,0.0,85.3,37663348.0,168577770.0,0.0,34275212.0,1140057806.0,549815206.0,4988442.0,215215903.0,1612816199.0,117.0,64165738.0,269.0,51302068.0,2.5,279.0,13.43,20.3,49.3,1.3,50.6,71763.0,537785.0,,,,,,,,,,,,,,,,,,,,,,,,,,,,,,,,,,,,,,,,,,,,,,,,,,,,,,,,,,,,,,,,,,,,,,,,,,,,,,,,,,,,,,
National Institute of Technology Meghalaya,IR-E-U-0619,2025,Engineering,data/raw/pdf/2025/Engineering/IR-E-U-0619.pdf,172.0,175.0,125.0,125.0,297,485.0,155.0,640.0,290.0,323.0,27.0,130.0,430.0,7.0,460.0,3.0,90.0,23.0,14.0,37.0,19.0,17.0,1.0,7.0,27.0,11.0,23.0,0.0,0.0,508,169,677,309,340,28,137,457,18,483,3,90,2023-24,140.0,112.0,1050000.0,25.0,148.0,153.0,144.3,107.0,151.0,998333.0,2022-23,25.0,16.0,700000.0,7.0,29.0,100.0,31.0,14.0,100.0,758000.0,165.0,128.0,32.0,253.0,0.7758,0.9697,0.6522,1050000.0,163.0,105.0,19.0,5.0,22.7,24124587.0,39496932.0,3470187.0,99441194.0,292798170.0,73692129.0,7729632.0,229657274.0,305669092.0,74.0,50035417.0,119.0,20055119.0,2.5,106.0,7.92,25.0,50.2,4.14,74.4,339228.0,451505.0,,,,,,,,,,,,,,,,,,,,,,,,,,,,,,,,,,,,,,,,,,,,,,,,,,,,,,,,,,,,,,,,,,,,,,,,,,,,,,,,,,,,,,
National Institute of Technology Puducherry,IR-E-U-0621,2025,Engineering,data/raw/pdf/2025/Engineering/IR-E-U-0621.pdf,275.0,275.0,50.0,50.0,325,723.0,257.0,980.0,358.0,581.0,41.0,286.0,635.0,211.0,542.0,51.0,117.0,18.0,8.0,26.0,0.0,26.0,0.0,10.0,16.0,4.0,4.0,0.0,18.0,741,265,1006,358,607,41,296,651,215,546,51,135,2023-24,230.0,158.0,700000.0,23.0,232.0,240.0,237.0,159.7,240.0,811667.0,2022-23,21.0,15.0,1055000.0,1.0,21.0,35.0,21.0,15.5,35.0,1027500.0,251.0,173.0,24.0,275.0,0.6892,0.7849,0.9127,700000.0,176.0,81.0,27.0,8.0,24.7,11629684.0,91303913.0,724231.0,20106750.0,201817285.0,109306681.0,4724245.0,166289477.0,267675123.0,55.0,17475432.0,66.0,4668551.0,2.5,76.0,15.55,26.3,60.3,4.08,80.7,165298.0,266079.0,,,,,,,,,,,,,,,,,,,,,,,,,,,,,,,,,,,,,,,,,,,,,,,,,,,,,,,,,,,,,,,,,,,,,,,,,,,,,,,,,,,,,,
National Institute of Technology Delhi,IR-E-U-0622,2025,Engineering,data/raw/pdf/2025/Engineering/IR-E-U-0622.pdf,362.0,312.0,113.0,75.0,475,802.0,272.0,1074.0,358.0,684.0,32.0,132.0,758.0,68.0,687.0,23.0,112.0,120.0,68.0,188.0,34.0,154.0,0.0,17.0,78.0,25.0,58.0,0.0,12.0,922,340,1262,392,838,32,149,836,93,745,23,124,2023-24,161.0,134.0,1590000.0,19.0,182.0,182.0,162.7,139.7,182.0,1538333.0,2022-23,69.0,42.0,1245890.0,19.0,72.0,75.0,62.5,37.5,75.0,1372945.0,230.0,176.0,38.0,257.0,0.7652,0.9304,0.8949,1590000.0,68.0,3.0,22.0,1.0,21.0,29271765.0,143187034.0,2907785.0,808259596.0,256274260.0,526810598.0,1271070.0,428506089.0,535061731.0,78.0,34860649.0,71.0,6694938.0,2.5,56.0,23.75,26.9,66.4,2.54,68.2,339545.0,423979.0,,,,,,,,,,,,,,,,,,,,,,,,,,,,,,,,,,,,,,,,,,,,,,,,,,,,,,,,,,,,,,,,,,,,,,,,,,,,,,,,,,,,,,
Indian Institute of Technology (Banaras Hindu University) Varanasi,IR-E-U-0701,2025,Engineering,data/raw/pdf/2025/Engineering/IR-E-U-0701.pdf,1163.0,1163.0,555.0,555.0,2118,3663.0,897.0,4560.0,1048.0,3510.0,2.0,1219.0,2238.0,966.0,2291.0,200.0,0.0,682.0,138.0,820.0,189.0,625.0,6.0,236.0,486.0,0.0,722.0,0.0,0.0,5812,1383,7195,1604,5581,10,1945,3643,1135,4186,267,0,2023-24,1073.0,996.0,2000000.0,75.0,1113.0,1163.0,936.7,886.3,1017.0,1965333.0,2023-24,263.0,196.0,1000000.0,64.0,437.0,555.0,258.0,214.0,555.0,1333333.0,1655.0,1465.0,177.0,2052.0,0.8852,0.9921,0.8065,2000000.0,1123.0,73.0,242.0,13.0,181.0,33059889.0,519202989.0,12639361.0,99874512.0,2190139688.0,1537627120.0,42421440.0,521778550.0,3529924444.0,1199.0,353789002.0,3295.0,238109829.0,2.5,382.0,21.77,19.2,77.6,0.14,77.7,72520.0,490608.0,400.0,400.0,1467.0,348.0,1815.0,367.0,1446.0,2.0,490.0,919.0,169.0,1173.0,67.0,0.0,2023-24,319.0,273.0,2116000.0,38.0,326.0,334.0,283.0,253.5,312.5,2133000.0,,,,,,,,,,,,,,,,,,,,,,,,,,,,,,,,,,,,,,,,,,,,,,,,,,,,,,,,,,,,,
Madan Mohan Malaviya University of Technology,IR-E-U-0739,2025,Engineering,data/raw/pdf/2025/Engineering/IR-E-U-0739.pdf,780.0,780.0,108.0,108.0,888,1608.0,1452.0,3060.0,1646.0,1406.0,8.0,674.0,1560.0,536.0,1672.0,26.0,0.0,111.0,105.0,216.0,127.0,89.0,0.0,48.0,110.0,39.0,119.0,0.0,0.0,1719,1557,3276,1773,1495,8,722,1670,575,1791,26,0,2023-24,792.0,574.0,1350000.0,151.0,720.0,720.0,785.0,541.3,711.0,914667.0,2022-23,169.0,151.0,914224.0,18.0,171.0,216.0,268.5,122.5,351.0,669612.0,961.0,725.0,169.0,936.0,0.7544,0.9303,1.0267,1350000.0,316.0,0.0,89.0,0.0,71.0,16398836.0,120783558.0,22855813.0,183354280.0,699642637.0,652240014.0,21687297.0,222957606.0,874077052.0,584.0,102055559.0,565.0,91036595.0,2.5,243.0,14.78,47.5,45.6,0.24,73.0,68058.0,266812.0,,,,,,,,,,,,,,,,,,,,,,,,,,,,,,,,,,,,,,,,,,,,,,,,,,,,,,,,,,,,,,,,,,,,,,,,,,,,,,,,,,,,,,
Chandigarh University,IR-E-U-0747,2025,Engineering,data/raw/pdf/2025/Engineering/IR-E-U-0747.pdf,3936.0,3210.0,244.0,226.0,4245,6698.0,6811.0,13509.0,1491.0,11038.0,980.0,2409.0,1499.0,273.0,1557.0,0.0,2078.0,241.0,229.0,470.0,46.0,347.0,77.0,48.0,31.0,11.0,37.0,0.0,31.0,7032,7098,14130,1568,11499,1063,2483,1558,296,1602,0,2143,2023-24,2933.0,1087.0,800000.0,614.0,3125.0,3240.0,2947.0,1231.0,3240.0,783333.0,2023-24,221.0,150.0,720000.0,71.0,226.0,226.0,197.0,133.3,210.7,713333.0,3154.0,1237.0,685.0,3466.0,0.3922,0.6094,0.91,800000.0,429.0,75.0,61.0,22.0,92.3,39489619.0,214901263.0,9880134.0,601247450.0,1486142716.0,627873678.0,14920503.0,862880023.0,2111579492.0,188.0,93407201.0,109.0,47272267.0,2.5,999.0,14.57,50.2,81.4,7.52,13.4,61067.0,149439.0,65.0,86.0,93.0,58.0,151.0,31.0,114.0,6.0,26.0,28.0,12.0,8.0,0.0,34.0,2022-23,0.0,0.0,0.0,0.0,0.0,0.0,0.0,0.0,0.0,0.0,,,,,,,,,,,,,,,,,,,,,,,,,,,,,,,,,,,,,,,,,,,,,,,,,,,,,,,,,,,,,
Manipal University Jaipur,IR-E-U-0749,2025,Engineering,data/raw/pdf/2025/Engineering/IR-E-U-0749.pdf,3180.0,2460.0,60.0,84.0,3240,5257.0,3580.0,8837.0,695.0,7812.0,330.0,38.0,148.0,2.0,84.0,0.0,100.0,21.0,9.0,30.0,9.0,21.0,0.0,6.0,0.0,0.0,6.0,0.0,0.0,5278,3589,8867,704,7833,330,44,148,2,90,0,100,2023-24,1563.0,1070.0,788000.0,339.0,1500.0,1410.0,1321.3,819.0,1312.7,679333.0,2023-24,13.0,12.0,745000.0,0.0,13.0,84.0,11.3,9.7,92.7,681667.0,1576.0,1082.0,339.0,1494.0,0.6865,0.9016,1.0549,788000.0,237.0,158.0,5.0,24.0,25.0,1190081.0,163415032.0,0.0,261895833.0,728649917.0,1261918213.0,9506353.0,225640719.0,1388833965.0,43.0,96226350.0,30.0,3036646.0,2.5,647.0,14.07,40.5,88.3,3.72,1.0,25447.0,156630.0,,,,,,,,,,,,,,,,,,,,,,,,,,,,,,,,,,,,,,,,,,,,,,,,,,,,,,,,,,,,,,,,,,,,,,,,,,,,,,,,,,,,,,
"Indian Institute Of Technology, Tirupati",IR-E-U-0844,2025,Engineering,data/raw/pdf/2025/Engineering/IR-E-U-0844.pdf,244.0,237.0,155.0,103.0,399,721.0,185.0,906.0,350.0,556.0,0.0,108.0,473.0,205.0,322.0,8.0,46.0,145.0,35.0,180.0,57.0,122.0,1.0,29.0,107.0,0.0,36.0,0.0,100.0,866,220,1086,407,678,1,137,580,205,358,8,146,2023-24,205.0,114.0,1100000.0,72.0,230.0,237.0,187.0,125.3,207.0,1303333.0,2022-23,61.0,41.0,1450000.0,11.0,81.0,91.0,52.0,39.5,86.0,1127500.0,266.0,155.0,83.0,328.0,0.5827,0.8947,0.811,1100000.0,148.0,27.0,5.0,0.0,4.0,43213105.0,761033986.0,1364064.0,906306869.0,519711016.0,444749580.0,10092690.0,830548146.0,743945719.0,242.0,118030010.0,122.0,35976663.0,2.5,124.0,9.95,20.3,62.4,0.09,52.6,764777.0,685033.0,,,,,,,,,,,,,,,,,,,,,,,,,,,,,,,,,,,,,,,,,,,,,,,,,,,,,,,,,,,,,,,,,,,,,,,,,,,,,,,,,,,,,,
Indian Institute of Technology Palakkad,IR-E-U-0878,2025,Engineering,data/raw/pdf/2025/Engineering/IR-E-U-0878.pdf,200.0,180.0,137.0,120.0,337,516.0,150.0,666.0,81.0,585.0,0.0,85.0,358.0,171.0,169.0,0.0,103.0,147.0,53.0,200.0,45.0,151.0,4.0,16.0,97.0,38.0,0.0,0.0,75.0,663,203,866,126,736,4,101,455,209,169,0,178,2023-24,156.0,105.0,1200000.0,16.0,165.0,188.0,150.7,114.0,177.3,1270000.0,2023-24,87.0,48.0,900000.0,12.0,93.0,120.0,76.0,50.3,109.0,933333.0,243.0,153.0,28.0,308.0,0.6296,0.7449,0.789,1200000.0,184.0,21.0,11.0,0.0,8.3,53591660.0,116563472.0,24645900.0,101819519.0,409972097.0,126768023.0,13486836.0,275808973.0,456669623.0,93.0,120966181.0,78.0,33105800.0,2.5,130.0,8.08,23.4,85.0,0.46,43.6,318486.0,527332.0,,,,,,,,,,,,,,,,,,,,,,,,,,,,,,,,,,,,,,,,,,,,,,,,,,,,,,,,,,,,,,,,,,,,,,,,,,,,,,,,,,,,,,
Indian Institute of Technology Dharwad,IR-E-U-0899,2025,Engineering,data/raw/pdf/2025/Engineering/IR-E-U-0899.pdf,248.0,251.0,56.0,22.0,372,618.0,153.0,771.0,62.0,709.0,0.0,111.0,408.0,191.0,179.0,0.0,149.0,40.0,8.0,48.0,9.0,39.0,0.0,4.0,25.0,29.0,0.0,0.0,0.0,737,174,911,79,832,0,126,472,251,193,0,154,2023-24,154.0,95.0,1162000.0,39.0,160.0,170.0,131.0,87.7,144.3,1353333.0,2023-24,10.0,7.0,800000.0,2.0,11.0,22.0,3.3,2.3,7.3,266667.0,175.0,108.0,46.0,211.0,0.6171,0.88,0.8294,1162000.0,148.0,4.0,15.0,0.0,7.7,49871820.0,368395935.0,2865058.0,430534684.0,356859562.0,292806819.0,5980923.0,336241833.0,402047066.0,78.0,116133333.0,21.0,5148000.0,2.5,112.0,9.46,19.1,91.3,0.0,48.7,369091.0,441325.0,57.0,58.0,45.0,7.0,52.0,0.0,52.0,0.0,8.0,28.0,17.0,14.0,0.0,5.0,2023-24,0.0,0.0,0.0,0.0,0.0,0.0,0.0,0.0,0.0,0.0,11.0,60.0,34.0,6.0,40.0,8.0,32.0,0.0,3.0,11.0,14.0,0.0,0.0,0.0,2023-24,11.0,6.0,1075000.0,5.0,16.0,19.0,7.7,3.0,12.7,825000.0,,,,,,,,,,,,,,,,,,,,,,,,,,,,,,,,,,,,
Indian Institute of Technology Jammu,IR-E-U-0906,2025,Engineering,data/raw/pdf/2025/Engineering/IR-E-U-0906.pdf,280.0,240.0,174.0,92.0,484,678.0,171.0,849.0,29.0,820.0,0.0,145.0,446.0,4.0,355.0,0.0,232.0,162.0,19.0,181.0,18.0,163.0,0.0,0.0,82.0,0.0,32.0,0.0,50.0,872,199,1071,51,1020,0,145,547,4,391,0,297,2023-24,178.0,113.0,1169500.0,19.0,180.0,237.0,161.7,113.3,201.3,1456500.0,2023-24,69.0,48.0,915000.0,6.0,73.0,92.0,57.5,42.0,88.0,1357500.0,250.0,164.0,25.0,337.0,0.656,0.756,0.7418,1169500.0,208.0,5.0,16.0,0.0,11.7,42047099.0,345120335.0,10366864.0,290120830.0,460859793.0,414394583.0,14574525.0,1129758234.0,724690665.0,216.0,249250891.0,221.0,40270508.0,2.5,138.0,9.27,18.6,95.2,0.0,36.9,1054863.0,676649.0,,,,,,,,,,,,,,,,,,,,,,,,,,30.0,48.0,32.0,9.0,41.0,4.0,37.0,0.0,0.0,19.0,0.0,4.0,0.0,15.0,2023-24,3.0,3.0,1900000.0,0.0,5.0,8.0,2.7,2.3,5.3,1545667.0,,,,,,,,,,,,,,,,,,,,,,,,,,,,,,,,,,,,
Indian Institute of Technology Bhilai,IR-E-U-0946,2025,Engineering,data/raw/pdf/2025/Engineering/IR-E-U-0946.pdf,230.0,190.0,130.0,69.0,360,594.0,153.0,747.0,25.0,722.0,0.0,88.0,387.0,7.0,322.0,0.0,146.0,71.0,17.0,88.0,17.0,71.0,0.0,12.0,51.0,0.0,63.0,0.0,0.0,665,170,835,42,793,0,100,438,7,385,0,146,2023-24,162.0,116.0,1200000.0,14.0,170.0,170.0,135.0,106.0,141.0,1366667.0,2023-24,18.0,14.0,1020000.0,1.0,24.0,69.0,17.7,15.0,52.3,990000.0,180.0,130.0,15.0,239.0,0.7222,0.8056,0.7531,1200000.0,74.0,12.0,6.0,3.0,5.7,25411092.0,513950483.0,71825405.0,2255062639.0,354385567.0,267955372.0,35679752.0,4123430763.0,453308908.0,184.0,286739562.0,19.0,56517551.0,2.5,77.0,11.81,20.4,95.0,0.0,46.9,4938240.0,542885.0,,,,,,,,,,,,,,,,,,,,,,,,,,,,,,,,,,,,,,,,,,,,,,,,,,,,,,,,,,,,,,,,,,,,,,,,,,,,,,,,,,,,,,
COEP Technological University,IR-E-U-1257,2025,Engineering,data/raw/pdf/2025/Engineering/IR-E-U-1257.pdf,773.0,713.0,570.0,486.0,1343,2485.0,984.0,3469.0,3174.0,161.0,134.0,278.0,1607.0,1379.0,342.0,164.0,0.0,414.0,157.0,571.0,537.0,34.0,0.0,30.0,297.0,261.0,2.0,20.0,44.0,2899,1141,4040,3711,195,134,308,1904,1640,344,184,44,2023-24,741.0,587.0,1050000.0,124.0,715.0,570.0,737.0,588.7,570.0,998333.0,2022-23,275.0,180.0,650000.0,38.0,309.0,486.0,325.0,254.5,474.0,673000.0,1016.0,767.0,162.0,1056.0,0.7549,0.9144,0.9621,1050000.0,103.0,185.0,18.0,26.0,38.3,46040965.0,26581925.0,25067214.0,255655632.0,845143303.0,587031730.0,4636488.0,364766316.0,1351177915.0,462.0,211904541.0,3083.0,125792707.0,2.5,236.0,17.56,28.2,4.8,3.32,53.7,90289.0,334450.0,,,,,,,,,,,,,,,,,,,,,,,,,,,,,,,,,,,,,,,,,,,,,,,,,,,,,,,,,,,,,,,,,,,,,,,,,,,,,,,,,,,,,,
SAVEETHA ENGINEERING COLLEGE,IR-E-C-16590,2025,Engineering,data/raw/saveetha/SEC_2025_Engineering.pdf,1500.0,1260.0,144.0,144.0,1644,3464.0,1541.0,5005.0,4471.0,534.0,0.0,320.0,3520.0,1835.0,1162.0,0.0,843.0,109.0,82.0,191.0,185.0,6.0,0.0,9.0,147.0,0.0,37.0,0.0,119.0,3573,1623,5196,4656,540,0,329,3667,1835,1199,0,962,2023-24,817.0,772.0,520000.0,20.0,845.0,1260.0,884.0,729.3,1260.0,417667.0,2023-24,45.0,22.0,400000.0,0.0,59.0,144.0,54.7,36.3,117.0,416667.0,862.0,794.0,20.0,1404.0,0.9211,0.9443,0.614,520000.0,54.0,87.0,0.0,9.0,9.0,3251557.0,77680964.0,1364911.0,28065418.0,277254001.0,365372234.0,2495224.0,81403069.0,416771792.0,29.0,2523587.0,28.0,3415333.0,2.5,,13.46,31.2,10.4,0.0,58.4,15666.0,80210.0,,,,,,,,,,,,,,,,,,,,,,,,,,,,,,,,,,,,,,,,,,,,,,,,,,,,,,,,,,,,,,,,,,,,,,,,,,,,173.0,6.0,390.0,52.6,51.3,100.0,0.351,0.3,0.349,11.5,39.7
SAVEETHA ENGINEERING COLLEGE,IR-I-C-16590,2025,Innovation,data/raw/saveetha/SEC_2025_Innovation.pdf,1500.0,1260.0,144.0,144.0,1644,3464.0,1541.0,5005.0,4471.0,534.0,0.0,320.0,3520.0,1835.0,1162.0,0.0,843.0,109.0,82.0,191.0,185.0,6.0,0.0,9.0,147.0,0.0,37.0,0.0,119.0,3573,1623,5196,4656,540,0,329,3667,1835,1199,0,962,,,,,,,,,,,,,,,,,,,,,,,,,,,,,,,,,,,,,,,,,,,,,,,,,,,13.32,31.2,10.4,0.0,58.4,,,,,,,,,,,,,,,,,,,,,,,,,,,,,,,,,,,,,,,,,,,,,,,,,,,,,,,,,,,,,,,,,,,,,,,,,,,,,,,,390.0,52.6,51.3,100.0,0.351,0.3,0.349,11.5,39.7
SAVEETHA ENGINEERING COLLEGE,IR-B-C-16590,2025,SDG,data/raw/saveetha/SEC_2025_SDG.pdf,1500.0,1260.0,144.0,144.0,1644,3464.0,1541.0,5005.0,4471.0,534.0,0.0,320.0,3520.0,1835.0,1162.0,0.0,843.0,109.0,82.0,191.0,185.0,6.0,0.0,9.0,147.0,0.0,37.0,0.0,119.0,3573,1623,5196,4656,540,0,329,3667,1835,1199,0,962,,,,,,,,,,,,,,,,,,,,,,,,,,,,,,,54.0,87.0,0.0,9.0,9.0,,,,,,,,,,29.0,2523587.0,28.0,3415333.0,2.5,,13.46,31.2,10.4,0.0,58.4,,,,,,,,,,,,,,,,,,,,,,,,,,,,,,,,,,,,,,,,,,,,,,,,,,,,,,,,,,,,,,,,,,,,,,,,,,,,,,173.0,6.0,390.0,52.6,51.3,100.0,0.351,0.3,0.349,11.5,39.7
SAVEETHA ENGINEERING COLLEGE,IR-E-C-16590,2026,Engineering,data/raw/saveetha/SEC_2026_submission.pdf,1650.0,1500.0,36.0,144.0,1686,3938.0,1859.0,5797.0,5346.0,451.0,0.0,362.0,3643.0,1885.0,1155.0,0.0,965.0,81.0,83.0,164.0,160.0,4.0,0.0,6.0,121.0,0.0,39.0,0.0,88.0,4019,1942,5961,5506,455,0,368,3764,1885,1194,0,1053,2024-25,1021.0,1004.0,550000.0,12.0,1180.0,1260.0,896.7,825.0,1260.0,484333.0,2024-25,115.0,103.0,600000.0,0.0,137.0,144.0,79.3,62.7,135.0,466667.0,1136.0,1107.0,12.0,1404.0,0.9745,0.985,0.8091,550000.0,61.0,143.0,1.0,11.0,12.0,3561607.0,81937195.0,1334645.0,26962203.0,436234936.0,630201986.0,2438949.0,109080949.0,659256673.0,22.0,2982862.0,16.0,2004000.0,2.5,,14.87,32.6,7.6,0.0,51.7,18299.0,110595.0,,,,,,,,,,,,,,,,,,,,,,,,,,,,,,,,,,,,,,,,,,,,,,,,,,,,,,,,,,,,,,,,,,,,,,,,,,,,460.0,4.0,405.0,54.8,53.1,100.0,0.274,0.338,0.388,12.1,41.9
